method,nn_overlap_best,AUC,kmax,Qlocal,Qglobal,trust_20,cont_20
PCA,23.938730853391686,0.6316530531260529,84,0.26624323987059534,0.6686647940997458,0.724152310967296,0.8917154271292688
UMAP,25.038293216630198,0.6799895818815496,152,0.3822717453616466,0.739804830925936,0.8388989608913227,0.9014454149066462
t-SNE,24.595185995623634,0.6935706841312869,152,0.3751575217980651,0.7575337570911986,0.8114285855812681,0.8874248779285688
GTM,34.338074398249454,0.5585017485801553,8,0.28947701755757005,0.5607646132694644,0.8574492364885532,0.7556636438275756
