method,nn_overlap_best,AUC,kmax,Qlocal,Qglobal,trust_20,cont_20
PCA,59.338235294117645,0.8837133030231328,64,0.6203653743324637,0.9202429739757034,0.9514687983275102,0.9805240134028295
UMAP,57.8125,0.856588082449327,60,0.5965689307139478,0.8901580308471454,0.9585287315997479,0.978109606793058
t-SNE,52.21507352941176,0.8295452078930542,62,0.5536355117641165,0.8661960493734328,0.9414811128930638,0.9632220488000458
GTM,38.70404411764706,0.6281824633049087,7,0.3855886104441777,0.6314194756753835,0.8861783320923307,0.8305218655134887
