method,nn_overlap_best,AUC,kmax,Qlocal,Qglobal,trust_20,cont_20
PCA,51.32932166301969,0.8978871972874922,126,0.6422004559900646,0.9397370596478487,0.9632733099778458,0.9865592636210417
UMAP,54.863238512035004,0.8718204758692163,91,0.615592989031297,0.900958518286806,0.97189719375024,0.9851913081921292
t-SNE,45.38840262582057,0.8380629037997146,206,0.6128933000784635,0.9046000896179779,0.9592742709459467,0.9664352170041819
GTM,38.05798687089715,0.6121850639449943,5,0.38524434719183076,0.6134698257735267,0.9192964499906504,0.8348799842480487
