method,nn_overlap_best,AUC,kmax,Qlocal,Qglobal,trust_20,cont_20
PCA,58.98230088495575,0.9017190387852776,111,0.6648553125907162,0.9495056944686386,0.9610923565790822,0.98518877917108
UMAP,58.96017699115043,0.8784176262982046,105,0.6541087585912814,0.9208171034252739,0.9686873725811779,0.9819792485279211
t-SNE,53.09734513274337,0.8472219844880898,151,0.6227616002735007,0.9129561308646127,0.9537140807052311,0.9678437603216364
GTM,37.617994100294986,0.6525059544013944,14,0.33229090348243323,0.6593161612802824,0.8984863498137834,0.8530897142401568
