method,nn_overlap_best,AUC,kmax,Qlocal,Qglobal,trust_20,cont_20
PCA,21.93300553165335,0.6645632342955244,193,0.3276430750045198,0.710035832097039,0.7703637778630306,0.902015568398219
UMAP,17.947141979102643,0.6536342753025944,159,0.28603489349499395,0.6935298032442315,0.7901349775775258,0.8702519397937752
t-SNE,13.165334972341732,0.6146243585298612,153,0.20126180204493602,0.6575105783266103,0.68409439364036,0.8086040818777862
GTM,32.01290719114935,0.5292443943961794,36,0.30826226724154426,0.5341777118615328,0.8706297638253316,0.762058155411028
