method,nn_overlap_best,AUC,kmax,Qlocal,Qglobal,trust_20,cont_20
PCA,30.416666666666664,0.70272354799384,124,0.43804093083579165,0.8154282964039797,0.8131371110703588,0.8741032459196773
UMAP,36.738095238095234,0.7372176086566766,125,0.4815814836652345,0.8476785216884216,0.8514768628889297,0.8963066202090593
t-SNE,27.05952380952381,0.6803368042065926,168,0.45332034975123214,0.8343458618786458,0.7459370988446726,0.845609756097561
GTM,40.13095238095238,0.6758806956449407,20,0.3332741517802885,0.6932910501593815,0.8520863133443365,0.8188844061372944
