method,nn_overlap_best,AUC,kmax,Qlocal,Qglobal,trust_20,cont_20
PCA,50.46252927400469,0.8796102302406449,133,0.6310042300689679,0.9264832430853241,0.951504829588678,0.982173250918212
UMAP,54.51405152224824,0.870327568865529,119,0.6394319121990731,0.9086727951053601,0.9622702692710755,0.9821231278500829
t-SNE,49.250585480093676,0.837382130130054,150,0.5904962592986679,0.890917036073981,0.9509224777432248,0.9685886908138991
GTM,35.86065573770492,0.6112602100117642,5,0.33026151444184226,0.61287173968314,0.8985143664799671,0.7820813230783669
