method,nn_overlap_best,AUC,kmax,Qlocal,Qglobal,trust_20,cont_20
PCA,13.666092943201377,0.6036770956985802,170,0.22090247946096672,0.6450342514161745,0.6781282544149486,0.8690341763299287
UMAP,7.142857142857142,0.5818385841593718,156,0.1603972817744282,0.6232038612694013,0.6390498469372798,0.7620474305983056
t-SNE,14.076305220883533,0.5083248471798671,51,0.14120592349710312,0.5192114276440333,0.6664262220937975,0.6519726120331168
GTM,27.1285140562249,0.561711561373182,83,0.28503820044574546,0.575502544419122,0.8053592639588594,0.7875989296078998
