method,nn_overlap_best,AUC,kmax,Qlocal,Qglobal,trust_20,cont_20
PCA,65.71739130434783,0.9105257033564003,65,0.6910351449801552,0.9486713132974751,0.9729764134230906,0.9880019739839044
UMAP,65.21739130434783,0.8769055832826853,63,0.6741384466219139,0.9109689526854657,0.9811924887381688,0.985134129675558
t-SNE,60.880434782608695,0.8581097465804574,43,0.6017151575264581,0.8860572004478602,0.9722230095662296,0.9778030571443033
GTM,48.44565217391305,0.7000950085503145,22,0.43776859802791657,0.7137724647468814,0.9353573417016754,0.869281014324037
