method,nn_overlap_best,AUC,kmax,Qlocal,Qglobal,trust_20,cont_20
PCA,20.660066006600662,0.610538870942056,74,0.22456203137295067,0.6446915605860428,0.6725768934320866,0.8656079438336548
UMAP,28.250825082508253,0.697893648434597,198,0.42338253790204694,0.7749186829895701,0.8494061472168845,0.9076529337623575
t-SNE,24.52695269526953,0.6743191576977677,192,0.35610744500539576,0.7599961268543577,0.8192701455689109,0.8649672252370371
GTM,32.98129812981298,0.5787053740411522,41,0.3164960605929826,0.5910643487763785,0.8640312238395154,0.7698862259589647
