method,nn_overlap_best,AUC,kmax,Qlocal,Qglobal,trust_20,cont_20
PCA,21.78308823529412,0.6735981529403574,166,0.4257301793385816,0.7838457534399436,0.7879995632625008,0.8667458402543101
UMAP,8.602941176470589,0.554794082263095,111,0.16915105410661385,0.6537522389165716,0.6204377040494874,0.6521065424709319
t-SNE,13.520220588235293,0.5180260772478804,89,0.1829861929987469,0.5833852497735726,0.649132431697119,0.5879943725299273
GTM,22.931985294117645,0.5939251585299826,74,0.27112358346460097,0.6448951048634738,0.7636947634457872,0.7168621842602669
