method,nn_overlap_best,AUC,kmax,Qlocal,Qglobal,trust_20,cont_20
PCA,18.09734513274336,0.6174030483521487,246,0.3664794142915891,0.7613915036135688,0.7100660584731382,0.8269039077003679
UMAP,12.101769911504425,0.6432440526204062,264,0.3903151727347711,0.8059771961631328,0.7069616519174041,0.8017139895900958
t-SNE,9.690265486725663,0.5234266991391194,47,0.10339564855339783,0.5542853443841625,0.6118556736255851,0.5708703773305543
GTM,23.98967551622419,0.5617315803117514,28,0.21273553475977192,0.5765392463454845,0.7360748738624845,0.7299069486680105
