method,nn_overlap_best,AUC,kmax,Qlocal,Qglobal,trust_20,cont_20
PCA,31.461397058823533,0.6994018549462726,114,0.4567117171991642,0.7648679520977223,0.8848921043587834,0.9240021264104473
UMAP,31.277573529411768,0.6882364609939158,175,0.4930285889734627,0.7824524886010005,0.8513356291883842,0.8966505455638926
t-SNE,26.314338235294116,0.6896001559651357,158,0.48407929999928667,0.7752355927889414,0.8298608525688757,0.899880434160032
GTM,37.82169117647059,0.67083920647321,70,0.432127699376826,0.7067045266666999,0.8852418523397675,0.8475716321095137
