method,nn_overlap_best,AUC,kmax,Qlocal,Qglobal,trust_20,cont_20
PCA,34.1978021978022,0.6550141788356313,101,0.4077186912898846,0.7265189768677375,0.779459221579363,0.8831960030546603
UMAP,35.70329670329671,0.6928301467904732,60,0.39962672846411,0.7382420214678365,0.8748826673915013,0.8944498375593782
t-SNE,32.15384615384615,0.6813678946677184,105,0.41939267964896676,0.7611660547696955,0.8282224724627552,0.8652682535368048
GTM,43.67032967032967,0.5887238482459524,16,0.37374750535636525,0.5966617929494382,0.8635954387191136,0.7600044007817859
