method,nn_overlap_best,AUC,kmax,Qlocal,Qglobal,trust_20,cont_20
PCA,25.24972253052164,0.6412338016438045,44,0.2506172457170049,0.6612940216230083,0.7787501410456568,0.8815718829228613
UMAP,29.866814650388456,0.6744440265131966,62,0.328366446980698,0.7002059048220243,0.865950271604529,0.8909865928533043
t-SNE,32.01997780244173,0.627485305351584,40,0.30492987630637647,0.6424939000225046,0.8077256682695403,0.8460592321633822
GTM,32.17536071032187,0.6018221924369898,40,0.31192573023669024,0.6153068161039282,0.873391744828804,0.8069692810528349
