method,nn_overlap_best,AUC,kmax,Qlocal,Qglobal,trust_20,cont_20
PCA,26.021978021978022,0.6457587571708744,53,0.28327417379238234,0.6939071301775414,0.7465721792930273,0.8412956419316844
UMAP,14.43956043956044,0.5891488092973285,56,0.16610885344769186,0.6484402142085373,0.6481233254378131,0.7100933224608137
t-SNE,18.65934065934066,0.5173257511243672,52,0.1921147933336518,0.5589580896420497,0.6620020968430862,0.6004569046971874
GTM,27.604395604395606,0.5847125366333248,57,0.31196246653543264,0.6239379050358814,0.7922243363232763,0.7575272783753348
