method,nn_overlap_best,AUC,kmax,Qlocal,Qglobal,trust_20,cont_20
PCA,7.461585740626921,0.5230707051923539,155,0.1218243572721359,0.5651749661275064,0.5774469582451317,0.7427057806037369
UMAP,3.869084204056546,0.5382239650978996,254,0.12707538174868363,0.614219781852996,0.5674042076138048,0.6546053319232625
t-SNE,7.778119237861095,0.4791100264572115,25,0.06839676450525266,0.4852530173695279,0.5865288446934953,0.5461434441621009
GTM,20.196681007990165,0.5407927943917514,38,0.18978597897438,0.5490496118786233,0.7399166623516293,0.6932023050576794
