method,nn_overlap_best,AUC,kmax,Qlocal,Qglobal,trust_20,cont_20
PCA,54.06844106463878,0.8765629469972026,108,0.6375126843585087,0.9401962456341575,0.9518245962713854,0.9767132327832623
UMAP,59.92395437262358,0.8576763349661605,63,0.6112739706939425,0.8925972458552742,0.9632533102101423,0.9758236677627161
t-SNE,52.44296577946768,0.8322515267942446,64,0.549063022397085,0.8726843085148587,0.9481711832346633,0.9632458284254104
GTM,42.053231939163496,0.6459289394243904,10,0.3820237340817189,0.6512210711690073,0.9051227204536647,0.8157514589480227
