method,nn_overlap_best,AUC,kmax,Qlocal,Qglobal,trust_20,cont_20
PCA,15.193014705882351,0.581323217783285,103,0.22303080043509993,0.6652049265111786,0.6497920127155049,0.7580026777020448
UMAP,6.25,0.5183130274167054,68,0.09260027923291973,0.5787151922710055,0.5423268443209806,0.5977386305057564
t-SNE,10.284926470588236,0.5053117612237815,4,0.08026960784313725,0.5077369379535748,0.5619034237356091,0.5612903803196059
GTM,19.871323529411764,0.5696067425503019,56,0.20772732603616495,0.6110088520251472,0.6938228492468068,0.6931040222807721
