method,nn_overlap_best,AUC,kmax,Qlocal,Qglobal,trust_20,cont_20
PCA,29.84029484029484,0.6466923421997852,121,0.40442757762129333,0.750699250605241,0.7551582368315436,0.8757347350972849
UMAP,23.857493857493857,0.6359685908167655,118,0.36560447603158763,0.7477875845347421,0.7333369225799504,0.8609121254539581
t-SNE,35.55282555282555,0.6250533369366608,20,0.2964407589243995,0.6420736827878559,0.8027193437552003,0.810866933576097
GTM,36.46191646191646,0.6251785028043624,20,0.2654966626627898,0.6438853797663038,0.8758254451481543,0.8309415899057333
