method,nn_overlap_best,AUC,kmax,Qlocal,Qglobal,trust_20,cont_20
PCA,61.241758241758234,0.9069197231043457,82,0.6823088248078412,0.9585266970434855,0.9678828356566872,0.9845832847952989
UMAP,62.67032967032967,0.8799295405893711,48,0.6174273449475628,0.9125440617875002,0.9703726426694624,0.9817383088054467
t-SNE,51.208791208791204,0.8520114872683062,114,0.6261898207790788,0.9298452251013944,0.9473521531472061,0.965951151322176
GTM,40.45054945054945,0.6427813487506153,4,0.35883699633699634,0.6453486971326975,0.9021465460334719,0.8154912696255452
