method,nn_overlap_best,AUC,kmax,Qlocal,Qglobal,trust_20,cont_20
PCA,26.72240802675585,0.732030714298205,209,0.4273195630741504,0.7970092177213736,0.8624056450143407,0.9312214746997356
UMAP,19.381270903010034,0.7292299101940858,325,0.5250058308900197,0.8062290455621841,0.8733528679180853,0.9150442487399009
t-SNE,19.176421404682277,0.7296357383595949,326,0.5344038504234111,0.8036083656877748,0.8694256487734748,0.9161890987977944
GTM,26.835284280936456,0.6689718357516226,319,0.46070145153148095,0.7452855219396582,0.8940392255609647,0.839000658565876
