method,nn_overlap_best,AUC,kmax,Qlocal,Qglobal,trust_20,cont_20
PCA,13.676814988290397,0.5380688734068645,73,0.16012791523386066,0.5731738702454695,0.5945714939802551,0.7846508946078954
UMAP,9.151053864168619,0.5531524552404167,87,0.1292852882746367,0.6010322637947316,0.6021113542613139,0.7236443665226251
t-SNE,11.434426229508196,0.4972382842912973,6,0.08682344522508456,0.49968000913248417,0.5960295420386794,0.5851954230884626
GTM,21.20608899297424,0.5447554845369934,18,0.16936841012873066,0.5525684444148968,0.7016062132697446,0.6542121862331484
