method,nn_overlap_best,AUC,kmax,Qlocal,Qglobal,trust_20,cont_20
PCA,53.75137513751375,0.9174562903045482,139,0.690215696186574,0.9595713516224998,0.972605194497822,0.9889236390912853
UMAP,57.55225522552255,0.8919535743424076,108,0.6774947176721212,0.9218174865705815,0.9804574879798736,0.989016744588517
t-SNE,46.43564356435644,0.8563720219452395,169,0.6128859954961932,0.9129615031540091,0.9644365802544967,0.973125633565064
GTM,37.805280528052805,0.6534590260139431,7,0.3533332584959177,0.6558277307817059,0.9344996252613309,0.8397088997459792
