method,nn_overlap_best,AUC,kmax,Qlocal,Qglobal,trust_20,cont_20
PCA,29.581280788177338,0.6836040420743295,121,0.41879359830552015,0.7977797740316223,0.7721661758050022,0.8635303995329708
UMAP,31.071428571428573,0.6641020355662377,59,0.3333359459900253,0.720955568101757,0.794480921989072,0.8332286016018051
t-SNE,29.43349753694581,0.6572833741703352,60,0.3333027316550299,0.7141193674703458,0.7651466353564705,0.8315694017172506
GTM,42.216748768472904,0.5891865382479433,10,0.3755078583157402,0.5946593019638632,0.8280076482588077,0.7474215003968436
