method,nn_overlap_best,AUC,kmax,Qlocal,Qglobal,trust_20,cont_20
PCA,12.352297592997811,0.5535961184830362,54,0.1276468184364084,0.5800804673696875,0.6177569196514261,0.751903051197557
UMAP,8.019693654266959,0.556858418784998,209,0.17877514476442125,0.6690642550899085,0.5979557756535759,0.6669714272976859
t-SNE,12.456236323851204,0.4816072733746003,9,0.11065326162882691,0.48487917099554156,0.6105291640196702,0.5700341416115287
GTM,26.750547045951862,0.5582799377187203,21,0.23142012615863164,0.5657904513640808,0.7492695527907083,0.7121959978650657
