method,nn_overlap_best,AUC,kmax,Qlocal,Qglobal,trust_20,cont_20
PCA,67.64285714285714,0.9258799665063601,61,0.7086196976462323,0.9651172721523209,0.9754266764472156,0.9893954398190599
UMAP,67.08333333333333,0.8960556811535638,52,0.6709977006068454,0.9299082782111124,0.9795335900727429,0.986015037593985
t-SNE,58.14285714285714,0.8669923828292779,96,0.6551830098630692,0.9322369564425026,0.9610795280885139,0.9717287120239624
GTM,43.892857142857146,0.6747114007581185,6,0.41800264550264554,0.6787776177304692,0.9082715936181918,0.8217180145485665
