method,nn_overlap_best,AUC,kmax,Qlocal,Qglobal,trust_20,cont_20
PCA,49.68023255813954,0.8824573442526316,147,0.6434737142496648,0.9328089049722714,0.9574070258070847,0.9828778193644252
UMAP,54.71511627906976,0.8518693983955271,107,0.632479873571826,0.8839349974907852,0.9702814808584606,0.9821752386559569
t-SNE,45.56976744186046,0.8240149883355352,140,0.57161444602859,0.8739781675445953,0.9495795309586891,0.9651071673885921
GTM,39.04069767441861,0.6672312240157819,46,0.39716186166997025,0.6826611484927603,0.9244527384106425,0.8188683291980319
