method,nn_overlap_best,AUC,kmax,Qlocal,Qglobal,trust_20,cont_20
PCA,16.564927857935626,0.6228147713203027,193,0.3212591514715517,0.7053977628708236,0.7039288785643114,0.8438729447974394
UMAP,8.379578246392896,0.6011621588335319,210,0.27145979741307846,0.7017331947478842,0.6760463993992252,0.758305883882928
t-SNE,20.427302996670367,0.5391910180429901,20,0.16410882121662498,0.5474334617114054,0.7000803243061988,0.6725028225068705
GTM,32.46947835738069,0.6345353469509399,34,0.2932081048103092,0.6479851181950832,0.8709661420299482,0.8560774581309554
