method,nn_overlap_best,AUC,kmax,Qlocal,Qglobal,trust_20,cont_20
PCA,29.71511627906977,0.6834966034345534,155,0.4255601050442867,0.7407204939597627,0.8143307820626042,0.9187464429398489
UMAP,33.73837209302326,0.6739610874044856,51,0.35075150081960493,0.6945732675683001,0.872022723131054,0.9207052441229656
t-SNE,30.517441860465116,0.665932818726099,167,0.39452357230624885,0.7318027568885336,0.8339018321488147,0.8875062029521847
GTM,39.75581395348837,0.5716511390393356,36,0.3643685533906192,0.5807357833706921,0.8793590983641028,0.812258575493783
