method,nn_overlap_best,AUC,kmax,Qlocal,Qglobal,trust_20,cont_20
PCA,34.154411764705884,0.7597401802231141,159,0.49498296620072,0.8708975999627568,0.8491651870095653,0.9066432427401341
UMAP,26.488970588235293,0.7275944547947748,159,0.4545152408647059,0.842051951867009,0.8560069305229394,0.8701024543215534
t-SNE,21.488970588235297,0.5860514845257857,146,0.34781716069254925,0.6741752083481051,0.7536276061057334,0.7455733790595109
GTM,27.187499999999996,0.609676493352943,157,0.375129074036289,0.7057581198868115,0.8113916891001776,0.7502581047024457
