method,nn_overlap_best,AUC,kmax,Qlocal,Qglobal,trust_20,cont_20
PCA,29.496314496314497,0.6604436633868555,31,0.26183223180718207,0.693474709077356,0.7626261538612136,0.8498676873178865
UMAP,39.103194103194106,0.6834954001554641,32,0.3359293323020165,0.7137108611272419,0.8436142408253962,0.8806722332618747
t-SNE,41.31449631449631,0.6917683325310063,31,0.38240550029499726,0.7178040388621038,0.8423181965014634,0.868030906676325
GTM,46.302211302211305,0.6241917691617241,25,0.4092728891090582,0.6386301790435209,0.8643829269327277,0.8404433045867309
