method,nn_overlap_best,AUC,kmax,Qlocal,Qglobal,trust_20,cont_20
PCA,46.22909698996656,0.9020035335602641,182,0.6484867748568385,0.9482827954820283,0.9549210940515288,0.9849499403847229
UMAP,48.51588628762542,0.8838315468048616,163,0.6430269186875126,0.9225461271383658,0.9629114781288695,0.9828066958501741
t-SNE,44.159698996655514,0.8552590820044655,192,0.5807435027374538,0.9084215813037932,0.9571347864826125,0.9708187164708904
GTM,34.07608695652174,0.6488022818653576,8,0.3276826773769709,0.6509643621425576,0.907703140311836,0.8374345917824179
