method,nn_overlap_best,AUC,kmax,Qlocal,Qglobal,trust_20,cont_20
PCA,23.13888888888889,0.6151178064028316,35,0.21033420005247908,0.6430736777505938,0.6959335586813507,0.794946388979755
UMAP,12.36111111111111,0.575727722809541,53,0.14544880318332043,0.6223500264002128,0.6375904118053284,0.6840186457311089
t-SNE,19.5,0.5250534702353828,32,0.17941234012340906,0.5464224639854268,0.6542950605168466,0.6016186893468543
GTM,35.7962962962963,0.5646002354095105,14,0.2813317168575105,0.5720021445844422,0.7726149456620507,0.7572445752916803
