method,nn_overlap_best,AUC,kmax,Qlocal,Qglobal,trust_20,cont_20
PCA,35.01086956521739,0.6548338453974725,44,0.34018271604124695,0.6884425633413639,0.7840800728855596,0.8959753505086805
UMAP,38.78260869565218,0.6911336274242542,64,0.41338111107341957,0.7368336621847031,0.882280457559346,0.8811390899428051
t-SNE,36.56521739130435,0.7095641393235042,88,0.45364612351149686,0.7712726606490823,0.8601189451839855,0.8907625145518044
GTM,39.5,0.6404189966673868,85,0.4614292712401938,0.6818108430773853,0.8626041403047021,0.7927144809434631
