method,nn_overlap_best,AUC,kmax,Qlocal,Qglobal,trust_20,cont_20
PCA,23.226600985221673,0.6134630042129461,38,0.21720879051869027,0.6543564843034788,0.692566561497642,0.8003610948948201
UMAP,26.182266009852217,0.6196233971930561,44,0.26038245974909496,0.663507135601371,0.7287577154926437,0.8239864089260297
t-SNE,24.581280788177338,0.5537605625244648,5,0.192807881773399,0.5577357759910723,0.6865571684387975,0.6794129994162135
GTM,34.48275862068966,0.5870328225195418,47,0.33836233676418304,0.619805258853345,0.8053826425193338,0.7658875194322184
