method,nn_overlap_best,AUC,kmax,Qlocal,Qglobal,trust_20,cont_20
PCA,11.195652173913045,0.5833885076499886,180,0.21399850928213474,0.6488567949512591,0.675468385250994,0.8093974767887812
UMAP,4.849498327759197,0.5687097024741165,324,0.22387708362267647,0.697078932758131,0.6209700144482753,0.6775498982020721
t-SNE,7.587792642140469,0.4925049379970302,11,0.05837356813147327,0.4961726845986248,0.5786982276112711,0.5609013815535555
GTM,20.44314381270903,0.5802941803167622,102,0.2370658050167452,0.6122393714888817,0.7841891102760667,0.7549754364971757
