method,nn_overlap_best,AUC,kmax,Qlocal,Qglobal,trust_20,cont_20
PCA,26.071428571428573,0.6351800440176243,46,0.26546782160538773,0.6808581430337178,0.7525279662571062,0.8560266519958433
UMAP,27.500000000000004,0.6212398626650143,73,0.3351682809033556,0.6820706583064694,0.7923097377590317,0.8655119506082278
t-SNE,37.44047619047619,0.5939297373042787,10,0.3023211451247166,0.6009903499141174,0.788625527232716,0.772393178067119
GTM,40.833333333333336,0.6064256014247024,14,0.31915650062333734,0.6163943166167082,0.8602873036249159,0.7882657864172626
