method,nn_overlap_best,AUC,kmax,Qlocal,Qglobal,trust_20,cont_20
PCA,27.652173913043477,0.6772651966090619,164,0.4634500779060668,0.7978016208090676,0.7978592397631219,0.8735648124715291
UMAP,16.34782608695652,0.643812832218446,160,0.38370257893145715,0.7844269793934012,0.7275692159740852,0.8104178265931062
t-SNE,18.336956521739133,0.568566733667064,29,0.15563924396882298,0.5959736261809085,0.6757652983752593,0.6489818798400566
GTM,28.6195652173913,0.6705420685614503,134,0.4233998396282212,0.7737203846019028,0.8149777294123601,0.8118269474110442
