method,nn_overlap_best,AUC,kmax,Qlocal,Qglobal,trust_20,cont_20
PCA,43.549477566072525,0.8933546755791435,278,0.6495210272577037,0.9441901154962173,0.9588751400141405,0.9861804142474385
UMAP,45.38106945298095,0.875451774364062,192,0.6254213170400446,0.9093875733160043,0.9670567781280925,0.9861828973990623
t-SNE,40.02458512599877,0.8358681062078515,231,0.5410952561982871,0.8850699352428858,0.9551035406854769,0.9715042374308736
GTM,37.1880762138906,0.6217945600223751,10,0.3510334045521507,0.6234652620413883,0.9318348315335617,0.8566307559310269
