method,nn_overlap_best,AUC,kmax,Qlocal,Qglobal,trust_20,cont_20
PCA,36.36430678466077,0.6974333633633174,45,0.3497701992360553,0.7224213428366624,0.8084845275110761,0.914506440701131
UMAP,31.519174041297937,0.6808467939907352,57,0.31835446379981125,0.7143836349997797,0.8315646746620198,0.9044940262639378
t-SNE,22.153392330383483,0.6369853339629536,54,0.2302178547888128,0.6721774457955144,0.7277497978382934,0.8027467796494345
GTM,39.28466076696166,0.568587757870291,25,0.3213711609357193,0.5780472668404384,0.8379328253664537,0.787645584902222
