method,nn_overlap_best,AUC,kmax,Qlocal,Qglobal,trust_20,cont_20
PCA,13.686046511627906,0.5736979909201069,53,0.1496733428370691,0.6013553337610679,0.6428379382368197,0.7518681750003504
UMAP,9.104651162790697,0.5609795795944579,52,0.10204794270301326,0.5902504048588076,0.6071495156791006,0.6673752050128264
t-SNE,11.819767441860465,0.47722678923803713,49,0.12027678155767171,0.49840606303892837,0.6121216199167332,0.5320312740933877
GTM,21.656976744186046,0.5361112497710189,23,0.17811217142810842,0.5456843001460205,0.6925222535290242,0.680805262346328
