method,nn_overlap_best,AUC,kmax,Qlocal,Qglobal,trust_20,cont_20
PCA,62.10591133004926,0.9096071352189925,76,0.6975409509475505,0.9610669568043868,0.9728044052921229,0.986105225872892
UMAP,63.497536945812804,0.885203061313441,61,0.6759816182702324,0.9244476163284846,0.9772411825283858,0.9842325175627898
t-SNE,54.10098522167488,0.8555263137102022,86,0.6284646447314178,0.9189202279182227,0.9595616353892675,0.9663519248555292
GTM,35.51724137931034,0.6162896875345539,5,0.3435303776683087,0.6196670657841651,0.8752274471476456,0.766571008769916
