method,nn_overlap_best,AUC,kmax,Qlocal,Qglobal,trust_20,cont_20
PCA,61.42506142506142,0.9093656345847939,82,0.7029146857670425,0.9641738651893829,0.9717284832822681,0.9853258546485638
UMAP,63.23095823095824,0.8759706467971211,65,0.6754555692566931,0.9163789447862257,0.978235461103987,0.9833230550362024
t-SNE,58.550368550368546,0.8568312569574911,79,0.6629053699640651,0.9058602878163148,0.9695250121544943,0.9715911130253759
GTM,43.62407862407862,0.6538977125094189,5,0.3732923832923833,0.6575621364280184,0.9157029539499659,0.7988227271095797
