method,nn_overlap_best,AUC,kmax,Qlocal,Qglobal,trust_20,cont_20
PCA,17.75665399239544,0.596258786322112,90,0.24630203629547034,0.6687289755069286,0.6686388523325903,0.7961835224242517
UMAP,9.990494296577946,0.5478043916205739,95,0.1665944550886292,0.6318081521825941,0.5883792535864607,0.6765927568650171
t-SNE,18.29847908745247,0.5436617558856895,24,0.15061286809547084,0.5619985058593001,0.6211776712849102,0.6224250190881431
GTM,31.283269961977183,0.6333590605651482,87,0.3676431221484946,0.6865654996035927,0.8071211243395886,0.8065847379265096
