method,nn_overlap_best,AUC,kmax,Qlocal,Qglobal,trust_20,cont_20
PCA,15.297029702970297,0.60903689316335,178,0.2621927519722789,0.693716885604629,0.6817295958394929,0.8344436492596329
UMAP,11.501650165016502,0.5942375665279483,173,0.22845040007695924,0.6803776870448641,0.6670203047624057,0.770889536307074
t-SNE,15.660066006600658,0.5220561663411094,82,0.18032292989489107,0.5557239754755423,0.6712898836838721,0.6676431786604955
GTM,23.67986798679868,0.5615265979914422,17,0.19731431569966634,0.5682590243769997,0.7438707843465052,0.7213088241095026
