method,nn_overlap_best,AUC,kmax,Qlocal,Qglobal,trust_20,cont_20
PCA,15.940906483075157,0.655440412133381,630,0.3868918314869968,0.8079361103902094,0.7338322968621096,0.8858292481709947
UMAP,18.46528973034997,0.7062130497679652,323,0.37109882632508423,0.7826999023617808,0.8295166065722746,0.8923599968173005
t-SNE,13.557085484796328,0.6383319249939238,286,0.27900418892608847,0.7089911134591771,0.730395065140646,0.8321746296970991
GTM,28.798049340218014,0.6005700049762882,39,0.27063023029063765,0.6080748634920209,0.854366471098157,0.8054733888630643
