method,nn_overlap_best,AUC,kmax,Qlocal,Qglobal,trust_20,cont_20
PCA,48.690344062153166,0.9060015873160666,156,0.6748665721303044,0.9555393777401627,0.963655418926319,0.9851625069088465
UMAP,52.00332963374029,0.8701642118548574,118,0.644932105910372,0.9050381360847897,0.9714697626799249,0.9842017389574798
t-SNE,46.30410654827969,0.8362941415145728,170,0.6220416457857326,0.8870777995468808,0.960882445377878,0.9700765184640717
GTM,37.96892341842397,0.6261098307954689,11,0.35377361402485,0.6294869299079261,0.9227737895413928,0.8257296602600595
