method,nn_overlap_best,AUC,kmax,Qlocal,Qglobal,trust_20,cont_20
PCA,30.111241217798597,0.6686319252059373,50,0.2967443235259733,0.6918310296927593,0.7851113869657271,0.8990428982366634
UMAP,27.886416861826696,0.6704558593006986,56,0.2764604698928109,0.6981982921172148,0.8046292385986017,0.8571188265087755
t-SNE,21.124121779859482,0.6433542039037835,55,0.21944277523893527,0.6725103228338756,0.7526589398935543,0.7833934099185376
GTM,31.86182669789227,0.5480156861394049,17,0.2793435676010451,0.5533253865525208,0.8081766009876733,0.7307447790248113
