method,nn_overlap_best,AUC,kmax,Qlocal,Qglobal,trust_20,cont_20
PCA,58.407407407407405,0.9038299744257311,78,0.6545963112009382,0.9476057097128516,0.9660291498564315,0.9852865917929706
UMAP,60.898148148148145,0.8762292325026242,78,0.6532882127826114,0.9154456681430487,0.9682984407371061,0.9813482717260931
t-SNE,49.81481481481482,0.8415013167561288,89,0.5710480306390403,0.8963142135955179,0.9520163195580271,0.9645216806600516
GTM,37.30555555555555,0.6329217160451185,5,0.3568271604938271,0.6355304184884093,0.904450078144877,0.8079914949296696
