method,nn_overlap_best,AUC,kmax,Qlocal,Qglobal,trust_20,cont_20
PCA,43.407917383821,0.9085797551851377,272,0.6703519399884453,0.9531816535629875,0.967101892449883,0.9891049495165228
UMAP,46.68100975329891,0.8889001683518878,231,0.6667599411434726,0.9233404755117216,0.9737050726367409,0.9883846208609203
t-SNE,42.92598967297763,0.8552934749643862,354,0.6228925606187685,0.9150537497705526,0.9693946589276815,0.9766304592719156
GTM,38.399311531841654,0.6335181397339318,11,0.3566981687737438,0.6352907615063164,0.9432132366797744,0.8636108061024075
