method,nn_overlap_best,AUC,kmax,Qlocal,Qglobal,trust_20,cont_20
PCA,37.842205323193916,0.7677144360515236,193,0.5695597289453173,0.8850123985526176,0.8678208438685815,0.933468708874164
UMAP,33.71673003802281,0.7545906951752283,199,0.5702516997834405,0.86920158310864,0.8908198501340966,0.9210940287684215
t-SNE,32.56653992395437,0.741412901830655,213,0.5711457509946556,0.8599131394153472,0.8707552382085154,0.9040846707822877
GTM,40.99809885931559,0.6511852552447817,49,0.4307128683086657,0.6743986084413821,0.901449164150357,0.8820840031768808
