method,nn_overlap_best,AUC,kmax,Qlocal,Qglobal,trust_20,cont_20
PCA,58.30882352941177,0.895276024546898,67,0.6270775672012268,0.9344821000838494,0.9564318546308495,0.9785223595280371
UMAP,54.126838235294116,0.8680754941585217,88,0.6307411047468006,0.915504957141359,0.9516563806632682,0.9707577395612578
t-SNE,53.92463235294118,0.8589331262813074,82,0.6146283489235889,0.9038113594985773,0.9593150380892377,0.9682533005899536
GTM,43.33639705882353,0.6784120514943066,44,0.42350295135786026,0.7012788277299807,0.9176833939515436,0.870407633598717
