method,nn_overlap_best,AUC,kmax,Qlocal,Qglobal,trust_20,cont_20
PCA,25.703703703703706,0.6113470494117161,97,0.32255954426779504,0.6749798185717497,0.7340268236833497,0.8408085268782031
UMAP,34.25925925925926,0.6845909920840374,58,0.36310528639129425,0.7237852278895186,0.8491725729655072,0.8937734888961582
t-SNE,31.444444444444446,0.6511064810314595,99,0.37821278532509245,0.712993040575679,0.8022927343437648,0.8610562279649621
GTM,39.81481481481482,0.6000210021710105,46,0.41624533725820256,0.6174009495643755,0.8568880165739832,0.7837849380292953
