method,nn_overlap_best,AUC,kmax,Qlocal,Qglobal,trust_20,cont_20
PCA,24.519414385741566,0.7365820454252229,318,0.43033469177744543,0.8146836326215966,0.8638730925317716,0.9290611168718317
UMAP,54.82176957352005,0.7283210350842003,18,0.4862972999686533,0.7313083576349982,0.9607409822341858,0.9451476999849802
t-SNE,56.113940165499685,0.7241091017037702,9,0.5562874049825036,0.7252785646603165,0.964717945412335,0.9489524613496284
GTM,51.35264162953532,0.6652098430003162,36,0.49151804350324624,0.6694195018903306,0.9570649125427586,0.9037166874197227
