method,nn_overlap_best,AUC,kmax,Qlocal,Qglobal,trust_20,cont_20
PCA,33.76696832579186,0.684476908105053,22,0.29404832009176307,0.7050980763758634,0.7852658027413227,0.8720081041108845
UMAP,61.93438914027149,0.6835070526860412,19,0.53349565663909,0.6909916451052579,0.9194801053424454,0.9111783399218178
t-SNE,62.35294117647059,0.6822030567155283,11,0.5513576515581863,0.686237361677167,0.9178983192491876,0.914476064283083
GTM,62.89592760180995,0.687703073194556,8,0.5259864522732169,0.6913876337459733,0.9325253047288642,0.8668218030272208
