method,nn_overlap_best,AUC,kmax,Qlocal,Qglobal,trust_20,cont_20
PCA,49.50592885375494,0.8508484673806759,176,0.663761110878165,0.9534411990556783,0.9404874419687203,0.9669432633840809
UMAP,76.71936758893281,0.8372834384630197,14,0.6544010098534379,0.8437492492057846,0.9842607947531826,0.9846608313279552
t-SNE,78.45849802371542,0.8634001032248414,13,0.7174932066008382,0.8685940900428771,0.9898968425165106,0.9876813672314976
GTM,71.19565217391305,0.7573147544656929,17,0.650474455821451,0.762020003221141,0.9757444836514922,0.9204016575021924
