method,nn_overlap_best,AUC,kmax,Qlocal,Qglobal,trust_20,cont_20
PCA,31.292710706150338,0.7164766881879568,159,0.4476666992251963,0.7765114858496769,0.8400392417736744,0.9292663669777786
UMAP,59.476082004555806,0.7009452796020393,29,0.5514145296551743,0.7064310884151953,0.9476303747454996,0.9500327238763346
t-SNE,61.651480637813215,0.6693253329241444,3,0.6269298911667932,0.6698271901718589,0.9473949912982711,0.950804926724051
GTM,60.512528473804096,0.7051600161989109,32,0.5664655487964653,0.7108228742136279,0.9512269773755048,0.9405645036654773
