method,nn_overlap_best,AUC,kmax,Qlocal,Qglobal,trust_20,cont_20
PCA,26.208975217682518,0.686153241603241,128,0.33440906592805675,0.7192631057579703,0.8148989071507491,0.9243509025022756
UMAP,65.45545880776959,0.658768339117533,16,0.5518390434661157,0.6601389412017559,0.9742744316783165,0.9492335857935322
t-SNE,67.05961152042866,0.6641592784275496,5,0.6918352310783658,0.6643133346451042,0.9744348154636165,0.956163749921285
GTM,63.13462826523778,0.67711967148631,23,0.56213509607136,0.6791346841094517,0.9757781327104836,0.933635873392069
