method,nn_overlap_best,AUC,kmax,Qlocal,Qglobal,trust_20,cont_20
PCA,40.14961915125136,0.8391066618230258,280,0.5503282463420665,0.8914038881124822,0.9296298219394765,0.9791259517456132
UMAP,67.16267682263329,0.7699587353590318,18,0.5937644662884827,0.7719465433769225,0.9884425460954162,0.9834135516234045
t-SNE,72.26060935799782,0.7922870547483613,19,0.6798185516685286,0.7937466661901985,0.9925482175134738,0.9848350558442711
GTM,62.07018498367791,0.64800801382742,41,0.5919961721891002,0.6494489810138249,0.9792436754726181,0.9559567874757126
