method,nn_overlap_best,AUC,kmax,Qlocal,Qglobal,trust_20,cont_20
PCA,36.29661016949153,0.6871084544299795,52,0.3742337202685153,0.7177465970330745,0.8116011572075552,0.9124598233895276
UMAP,60.406779661016955,0.6532902882602701,27,0.528688968279228,0.6597915687094985,0.9277541994213963,0.926758001242029
t-SNE,62.805084745762706,0.702275393260938,14,0.5865203044198201,0.7056660069446836,0.9275883431029521,0.9237335090350041
GTM,64.62711864406779,0.7062218263610596,27,0.5845441824098632,0.7127342626922211,0.9367224065070205,0.916903106587298
