method,nn_overlap_best,AUC,kmax,Qlocal,Qglobal,trust_20,cont_20
PCA,34.84848484848485,0.6685431506791779,45,0.3363165412861104,0.6887445273856462,0.855473812318855,0.937186291675786
UMAP,65.73232323232322,0.6529255141660943,23,0.5705584229476315,0.655811558630899,0.9630753530047687,0.9669070050471888
t-SNE,67.03914141414141,0.6780303530398287,15,0.5701495112164303,0.6805657463934773,0.9642762987723592,0.9624783620844028
GTM,69.41919191919192,0.6810149438068979,25,0.5970436105772153,0.6842738667511158,0.9730446288226984,0.9732707906378294
