method,nn_overlap_best,AUC,kmax,Qlocal,Qglobal,trust_20,cont_20
PCA,59.63821892393321,0.8757615023034783,81,0.6148471169055584,0.8975531842006339,0.9664658764351911,0.9882564281950575
UMAP,73.44155844155844,0.7957395113102919,17,0.6442049990364103,0.7986740916480722,0.9913796432003046,0.986819178094323
t-SNE,77.5139146567718,0.8186485327784616,12,0.7259684791862435,0.8202522890600549,0.9942239451649612,0.9902314902962703
GTM,71.17810760667903,0.7335111553083279,23,0.6470944553510328,0.7358315799084866,0.9854371881102192,0.954584597128068
