method,nn_overlap_best,AUC,kmax,Qlocal,Qglobal,trust_20,cont_20
PCA,36.978193146417446,0.7894163798506738,124,0.4970379825691744,0.8605170899742856,0.8923222605156107,0.9435575406984
UMAP,60.11682242990655,0.7737382764382966,16,0.536686510854151,0.7804074785250094,0.9539221005494379,0.9512597336104722
t-SNE,62.219626168224295,0.7790251020083764,2,0.6288940809968848,0.780151583581605,0.9676774083442228,0.9546238629792936
GTM,55.70872274143303,0.6935770422555599,16,0.49907685326420725,0.6989579130880126,0.951937042612645,0.8821710313487848
