method,nn_overlap_best,AUC,kmax,Qlocal,Qglobal,trust_20,cont_20
PCA,39.92972972972973,0.8019002867064706,116,0.5009231239000939,0.8456852305492213,0.9133064221292282,0.9639472451769825
UMAP,59.5945945945946,0.7723892030620491,15,0.5352076838076839,0.7767160914922034,0.9697308174580394,0.9651829045367335
t-SNE,63.2,0.7855541969389704,3,0.6646246246246246,0.7864514361031001,0.9786862054900065,0.9669635762089647
GTM,55.32432432432432,0.6670375392789079,18,0.5094956827799965,0.67041620155643,0.9644335805900927,0.886317405163688
