method,nn_overlap_best,AUC,kmax,Qlocal,Qglobal,trust_20,cont_20
PCA,16.485300570425625,0.6468756282695585,158,0.24235314763187202,0.6770214083695147,0.7696055573297708,0.8802226885594736
UMAP,44.387889425186486,0.5594725307180427,11,0.38965195310582046,0.5603071199179469,0.8325899192899601,0.8362091816269107
t-SNE,46.812198332602016,0.5727589831842999,10,0.4682716068729671,0.5732521387985264,0.8567216816476452,0.8681311406180494
GTM,46.77270732777534,0.6136800569631546,19,0.42106096617839894,0.615337562156403,0.9066321138669502,0.8704208929496462
