method,nn_overlap_best,AUC,kmax,Qlocal,Qglobal,trust_20,cont_20
PCA,58.31932773109244,0.8635870207411932,80,0.6078971048954734,0.904586535120597,0.9625900812052013,0.9754464053114603
UMAP,70.44537815126051,0.7974972098703969,17,0.6169648678306467,0.8037058664230422,0.9778201874195205,0.9664533944667326
t-SNE,72.26050420168067,0.8601858713909204,17,0.6620968691313402,0.8670503628077975,0.9849049132496223,0.9761378776488452
GTM,67.61344537815125,0.7024640134590799,14,0.5963075866377187,0.7056915195346752,0.9638186541224107,0.9230086862025589
