method,nn_overlap_best,AUC,kmax,Qlocal,Qglobal,trust_20,cont_20
PCA,51.07574793125398,0.9041226457670732,201,0.6947930455724812,0.935414414682242,0.9778846179671261,0.9906639345769466
UMAP,64.98090388287714,0.8829306280703471,150,0.6758178446724753,0.9052700458553231,0.9903068869775555,0.9890372627369944
t-SNE,67.62253341820497,0.8863605166807719,9,0.6659528356218363,0.8879983011126207,0.9919870271190482,0.9896162203158473
GTM,54.570337364735835,0.7120832656399323,15,0.497304498198833,0.7143224558251902,0.9775695310015947,0.920606100799318
