method,nn_overlap_best,AUC,kmax,Qlocal,Qglobal,trust_20,cont_20
PCA,18.9028384279476,0.5945377466506739,32,0.17063011965090663,0.6097060006666425,0.6883427565409719,0.8117222771532625
UMAP,51.45196506550218,0.6392397436151273,13,0.41371524614302574,0.6426652996980411,0.911093145510271,0.9122260262995027
t-SNE,51.8995633187773,0.6463454122060978,15,0.4578654939189874,0.6496787695935463,0.9076511678941905,0.9100580926572952
GTM,57.06331877729257,0.6619634836098909,15,0.4759707494914919,0.6653228268204939,0.9340841899698934,0.9150638378139802
