method,nn_overlap_best,AUC,kmax,Qlocal,Qglobal,trust_20,cont_20
PCA,57.47787610619469,0.8701589890051364,144,0.6707289180442643,0.9254236009847462,0.9643927745697657,0.9807845013154748
UMAP,68.73156342182891,0.8279626417343945,25,0.6269209766314053,0.8364989414470932,0.9788021776517352,0.9789049099668569
t-SNE,73.4070796460177,0.8529158162599934,13,0.6846353508453576,0.8570865620830302,0.9857679297502306,0.9794493229006503
GTM,65.84808259587021,0.721615991478128,18,0.5711085603591315,0.7263082465159226,0.9704247104247105,0.914911903053496
