method,nn_overlap_best,AUC,kmax,Qlocal,Qglobal,trust_20,cont_20
PCA,58.21176470588235,0.8692255237979957,74,0.6375244805077002,0.9201534970463822,0.9607470364571684,0.9729796466114963
UMAP,70.07058823529412,0.8314010361810078,9,0.5746464363523187,0.8382728659700862,0.9801661075076419,0.9803310221426974
t-SNE,75.74117647058823,0.8654054945825896,8,0.6977685574229692,0.8701405076033709,0.987260418996496,0.9821245060761947
GTM,68.4235294117647,0.7306197217179478,9,0.6084299201161946,0.7342438601131431,0.9719400581525386,0.9370914784164617
