method,nn_overlap_best,AUC,kmax,Qlocal,Qglobal,trust_20,cont_20
PCA,8.753830439223698,0.5698041929072831,163,0.18266929346728494,0.64714845417597,0.6424221244984958,0.7293826120808997
UMAP,11.276813074565883,0.5203846523095673,4,0.11401940755873341,0.5216893194595477,0.5959959895819591,0.6112181321725665
t-SNE,11.501532175689478,0.522432782716846,2,0.13329928498467825,0.5228836719893527,0.6111832940888872,0.6126308245425953
GTM,20.352400408580184,0.5541328507857225,32,0.1893595858714066,0.5662454364110013,0.7484015673368466,0.6812778953705194
