method,nn_overlap_best,AUC,kmax,Qlocal,Qglobal,trust_20,cont_20
PCA,9.05377456049638,0.5453233728672269,162,0.16414444394949607,0.6219792734830569,0.601664871347086,0.6992938348302304
UMAP,18.583247156153053,0.5279908264784614,3,0.22641617832931174,0.528695761385292,0.6542222217314464,0.6556302455124832
t-SNE,18.485005170630817,0.5213134956046209,2,0.26525336091003104,0.5216284911328027,0.6456195950620338,0.648006532717974
GTM,26.173733195449845,0.5521066927716485,11,0.23760799618419248,0.5555381417448659,0.7601024960923503,0.6920643929878185
