method,nn_overlap_best,AUC,kmax,Qlocal,Qglobal,trust_20,cont_20
PCA,34.97096399535424,0.7219954184858579,149,0.4899178141440582,0.7711921060480128,0.8922207981003006,0.9466455635572095
UMAP,64.83159117305459,0.6833127192735904,20,0.5101988512878093,0.6878347957154716,0.9487124516037454,0.9537141962113695
t-SNE,64.84901277584204,0.7108669692195342,20,0.5300588458490342,0.7156055099923667,0.951064420423167,0.9729808876311865
GTM,68.06620209059233,0.7327237186260394,20,0.5390284092958889,0.7378336517060461,0.975149095775812,0.9774242179507888
