method,nn_overlap_best,AUC,kmax,Qlocal,Qglobal,trust_20,cont_20
PCA,24.76545842217484,0.6531945822690451,78,0.3089201725683415,0.7224176909797725,0.7723740800801336,0.8478154106483384
UMAP,50.90618336886994,0.6562591387503013,12,0.47041989983088056,0.661547947950981,0.8984649160128662,0.8669106009292193
t-SNE,50.59701492537313,0.6676125869267668,3,0.5084103293058516,0.669071308772011,0.8919027601850659,0.8680783247794259
GTM,53.42217484008529,0.6729324241000872,14,0.47502353004561354,0.679488389869868,0.915162905135505,0.8565170563536771
