method,nn_overlap_best,AUC,kmax,Qlocal,Qglobal,trust_20,cont_20
PCA,18.139120095124852,0.6229958560296447,111,0.2760050336829056,0.6759162891243399,0.751119851591148,0.8434240398573714
UMAP,40.44589774078478,0.6430976639948629,29,0.3778947894377211,0.6526682335668984,0.9072517294927384,0.8842564996724765
t-SNE,41.016646848989296,0.6480814394784075,30,0.3968316303289103,0.6574914349006608,0.9098339202837902,0.8856347390558374
GTM,42.85374554102259,0.629968285181164,46,0.4206383621826884,0.6422571664025525,0.9351722084032331,0.8484173610189099
