method,nn_overlap_best,AUC,kmax,Qlocal,Qglobal,trust_20,cont_20
PCA,31.081300813008127,0.6227726915288363,45,0.30422054540435034,0.6480708653279534,0.7944445603566386,0.8680076780237435
UMAP,46.86991869918699,0.6156113316970185,15,0.3975177983714569,0.6212151433562675,0.825259724453532,0.8604731999415802
t-SNE,47.333333333333336,0.6108236018182218,9,0.4182786309344575,0.6138305163837616,0.8352749553158492,0.851439281715315
GTM,52.42276422764227,0.6434221907971467,15,0.45571618595195834,0.6484096173827041,0.8756072523941664,0.8877709389583203
