method,nn_overlap_best,AUC,kmax,Qlocal,Qglobal,trust_20,cont_20
PCA,26.3625304136253,0.6283596871811657,65,0.30514190443527667,0.6895774975238346,0.7346087073290043,0.810643569896186
UMAP,42.38442822384428,0.6028450590461556,18,0.36846136608463076,0.6137069557211924,0.7873827816517516,0.8135773457257867
t-SNE,42.688564476885645,0.5932988772830536,8,0.38691888251651024,0.5974645474225208,0.7881753743153936,0.7836036589069959
GTM,49.63503649635037,0.6442049964645922,19,0.42938665620983835,0.6550299186547444,0.8571798536309312,0.8399902804288122
