method,nn_overlap_best,AUC,kmax,Qlocal,Qglobal,trust_20,cont_20
PCA,20.01557632398754,0.6399817715496057,136,0.31571201109341707,0.7276690016870393,0.7520708996568879,0.8324717320923218
UMAP,43.36448598130841,0.6350596669556934,9,0.3943353827050608,0.6386147438897526,0.8974677966188042,0.8453832692704473
t-SNE,43.099688473520246,0.642945700041588,3,0.46079958463136034,0.6439985924395271,0.8936431276952899,0.8394925404309407
GTM,46.534267912772584,0.6358547046323615,9,0.431890737718879,0.6389333538753782,0.9251703461433634,0.8063097485117796
