method,nn_overlap_best,AUC,kmax,Qlocal,Qglobal,trust_20,cont_20
PCA,41.33802816901409,0.6183469224839366,42,0.38292243011511995,0.6404137193034969,0.812981425530676,0.9212671527557629
UMAP,62.56539235412475,0.6419693418909694,22,0.5025577851540523,0.6490317942399253,0.9470262086991402,0.9458851716946912
t-SNE,63.118712273641854,0.6332928520751743,21,0.5438498658857966,0.6378188068557237,0.9451579789562671,0.9418502440150011
GTM,69.48692152917505,0.6627410032225584,19,0.5705579229372388,0.6671679352278991,0.9597721376490453,0.9548748007875765
