method,nn_overlap_best,AUC,kmax,Qlocal,Qglobal,trust_20,cont_20
PCA,30.710093896713612,0.6952364548743784,50,0.3176015301411862,0.7189880822998286,0.844099880271689,0.925151517749222
UMAP,62.41197183098591,0.7065174992371372,25,0.5155267551622527,0.7127288746221779,0.9620258373123709,0.9687904154486668
t-SNE,62.58802816901409,0.6912786492353992,25,0.5579178871786723,0.69572484875305,0.9637253935461011,0.9676577827688386
GTM,66.61384976525821,0.7020215128679966,25,0.5699361907932508,0.706495866566133,0.9688320631845445,0.9647064370397676
