method,nn_overlap_best,AUC,kmax,Qlocal,Qglobal,trust_20,cont_20
PCA,45.392070484581495,0.849009976312283,240,0.6148127746436195,0.9126327388240939,0.9502151590509789,0.9774718562229406
UMAP,65.30837004405286,0.8353862948943573,16,0.5791944325100988,0.8394960249103327,0.9868183622066715,0.9777695570583297
t-SNE,69.0352422907489,0.8495314534344675,8,0.6652002045311516,0.8513261247528737,0.9901067120290841,0.9789842115654221
GTM,57.54625550660792,0.692940798060497,16,0.5443599903064384,0.6953140348808129,0.9716631401774479,0.9098565539851987
