method,nn_overlap_best,AUC,kmax,Qlocal,Qglobal,trust_20,cont_20
PCA,17.14248159831756,0.6679516065291735,350,0.32826775868120434,0.7447441436245463,0.7813065426300142,0.8863839068118181
UMAP,47.626182965299684,0.6600491993530041,11,0.42277347781004215,0.6615067459583667,0.9299168331885134,0.9033165729902267
t-SNE,49.83438485804416,0.6748670830482477,3,0.5428496319663513,0.6752029636455467,0.9417711519266388,0.9171081497238589
GTM,45.72029442691903,0.6095357402847217,19,0.42376550107324407,0.6114480643810356,0.9475509981056823,0.8353214538853178
