method,nn_overlap_best,AUC,kmax,Qlocal,Qglobal,trust_20,cont_20
PCA,20.71526586620926,0.7158673105417522,642.3333333333334,0.4291087630843926,0.81526127539373,0.840766676115273,0.9359389647027063
UMAP,57.37735849056603,0.6784546042829831,13.333333333333334,0.4922051456500358,0.6795577845035584,0.9654984436795573,0.9425758628602282
t-SNE,60.123499142367066,0.6892759278407657,4.666666666666667,0.6336005555555556,0.6895167155984917,0.9713532941891071,0.9519406303570223
GTM,53.82332761578045,0.602715314141791,15.0,0.4742853694207028,0.6035486230714163,0.9650601849227239,0.8650980090436661
