method,nn_overlap_best,AUC,kmax,Qlocal,Qglobal,trust_20,cont_20
PCA,39.80229226361032,0.8635609339837161,366.6666666666667,0.6193402259982473,0.9058614744748604,0.9612883066747656,0.9864439927110751
UMAP,63.53868194842407,0.8113255820268224,12.666666666666666,0.5596211834593977,0.8127839243303057,0.9866172801511777,0.9767208260781534
t-SNE,68.17478510028653,0.7984131061643001,8.333333333333334,0.6651024455782313,0.7990528646752789,0.9906176607950328,0.982663840183573
GTM,53.88825214899714,0.6401325757712457,18.333333333333332,0.48332576369795816,0.6413561433985725,0.9735566335965445,0.9177637200512924
