method,nn_overlap_best,AUC,kmax,Qlocal,Qglobal,trust_20,cont_20
PCA,18.715580341582434,0.6761193782142471,290.6666666666667,0.34601317515771046,0.7196397305812333,0.8254804319362895,0.9342202038199366
UMAP,44.67235970721506,0.6238461711146387,15.333333333333334,0.3867962160788947,0.6253361858806935,0.9074072349328475,0.9117818991698724
t-SNE,47.361449982572324,0.6549842483668046,16.0,0.4338514958320691,0.6564497937925275,0.925797726935277,0.9470357211311331
GTM,47.65597769257581,0.6398039298714902,19.333333333333332,0.4073963307758474,0.6416644794808207,0.9329458540865222,0.918026097050685
