method,nn_overlap_best,AUC,kmax,Qlocal,Qglobal,trust_20,cont_20
PCA,33.14507198228128,0.71893671413084,58,0.3563396934292349,0.7441048317967095,0.8806187588649107,0.9387054295297115
UMAP,54.684385382059794,0.7230234510757141,41,0.5064085941831709,0.7337334340889514,0.9559523650867691,0.9631710915858314
t-SNE,54.15836101882614,0.71689210396098,40,0.5119734215181924,0.7267582249947651,0.9491500157069558,0.9577544447511797
GTM,57.73532668881506,0.7080459609020563,27,0.5032739397807066,0.714712987418684,0.9531081051065059,0.9517767264165612
