method,nn_overlap_best,AUC,kmax,Qlocal,Qglobal,trust_20,cont_20
PCA,46.60633484162896,0.7832395667111475,123,0.6199068365771244,0.8485179740776446,0.9118686188373845,0.958939812956681
UMAP,55.124434389140276,0.7014036490542098,16,0.4610872555831549,0.7110725956707324,0.8951916891628134,0.9195969386913565
t-SNE,53.11085972850679,0.7178405798499091,16,0.48260276833523436,0.7273313024408629,0.9128021860206836,0.9264857078451532
GTM,62.873303167420815,0.7703680055212715,39,0.6018502226934785,0.7878932369597611,0.9562595184816612,0.9608817206665824
