method,nn_overlap_best,AUC,kmax,Qlocal,Qglobal,trust_20,cont_20
PCA,19.213602550478214,0.6167465310910161,167,0.2852561608087097,0.6490531150237245,0.776681901654832,0.907755695686325
UMAP,54.43676939426142,0.5986624284423688,16,0.4377759863840994,0.6001208200417959,0.9230372564623622,0.9267421968516207
t-SNE,55.83687566418703,0.6155508933350783,13,0.498243922417265,0.6164681285146688,0.9220473361777207,0.932117566737255
GTM,55.996280552603615,0.6192936305569908,17,0.45526058802033803,0.6208862185557544,0.9311067397173157,0.9083150118394971
