method,nn_overlap_best,AUC,kmax,Qlocal,Qglobal,trust_20,cont_20
PCA,18.522574877067502,0.6196265320660501,257,0.3039919781343052,0.6606413488918939,0.7775090380445226,0.9235967390611779
UMAP,47.64640143048726,0.5843291476195929,18,0.39081763871031056,0.5859281154866305,0.901382512613351,0.905692126961417
t-SNE,49.157353598569514,0.6126310769925172,17,0.4478413905694054,0.6139432089158017,0.9150860408467242,0.9204660996217439
GTM,51.405900759946356,0.6199300286157875,19,0.41626509676471124,0.6217367701337265,0.9327852209725785,0.9137869064669641
