method,nn_overlap_best,AUC,kmax,Qlocal,Qglobal,trust_20,cont_20
PCA,23.9027027027027,0.6812948739264173,176,0.35360272995487385,0.7587177042177962,0.7986585892768118,0.8830492650280242
UMAP,51.156756756756764,0.678353777905551,12,0.4576058331058332,0.6814805619743471,0.9262117142296014,0.8992172586225129
t-SNE,51.64864864864865,0.679286063043732,5,0.5340468468468469,0.6803387286307614,0.9259807532518545,0.8905206894988896
GTM,50.22162162162162,0.6431847295903916,13,0.4841975435052358,0.6456384974493017,0.925083558684453,0.8482452223044733
