method,nn_overlap_best,AUC,kmax,Qlocal,Qglobal,trust_20,cont_20
PCA,24.14036996735582,0.6940617562830331,302,0.3683893132503324,0.7582848093077347,0.8114844146247123,0.9270419618413785
UMAP,54.5620239390642,0.6607508438114399,25,0.486934661837119,0.6632659998349444,0.955090745999997,0.9417568106532297
t-SNE,56.58052230685527,0.6842167178809513,2,0.5805223068552774,0.6844833449287463,0.9571353642256527,0.9481541064088845
GTM,55.49510337323177,0.6741835399622814,40,0.5248870865830462,0.677651688440853,0.9557868992846575,0.9260107278793926
