method,nn_overlap_best,AUC,kmax,Qlocal,Qglobal,trust_20,cont_20
PCA,51.385542168674704,0.7349458060312102,30,0.4603026035645142,0.7572061919941532,0.8884716499287135,0.9514355993545052
UMAP,73.8433734939759,0.7059372221264198,20,0.6169264085691126,0.7115965231455076,0.9757387939273349,0.9558647594278283
t-SNE,74.37349397590361,0.7323974921206021,19,0.6604892004979513,0.7370683459665983,0.9786776755918342,0.9664734360067057
GTM,74.6024096385542,0.7434400488131591,20,0.6334671120027016,0.750281478628814,0.9791943848214706,0.965135130900716
