method,nn_overlap_best,AUC,kmax,Qlocal,Qglobal,trust_20,cont_20
PCA,82.23913043478261,0.9196046721553475,25,0.7298410901878983,0.9323076510780159,0.9904699600141722,0.9953679708457762
UMAP,79.27173913043478,0.8653110783665541,20,0.6582561447480557,0.8762679896497525,0.9907389785898669,0.9911008756390141
t-SNE,85.18478260869566,0.888996787529381,20,0.7377764679346319,0.8975932510122835,0.9949557118995799,0.9949296451890469
GTM,72.90217391304348,0.7643774622540048,20,0.6246079508479099,0.7718861139195444,0.9722996912486713,0.955311535152098
