method,nn_overlap_best,AUC,kmax,Qlocal,Qglobal,trust_20,cont_20
PCA,50.99332220367279,0.8886388408063255,153,0.6508709492091603,0.9241471857439907,0.9688765358395327,0.9853255068225772
UMAP,64.42404006677796,0.8498699971355868,19,0.5856800931044864,0.854556483369308,0.984257023661849,0.9804308394075779
t-SNE,67.9966611018364,0.8508223587266504,7,0.6491363156280876,0.8524535336776384,0.9883725910064239,0.9826166737567609
GTM,56.36060100166945,0.712282792299126,25,0.528789697152991,0.7164429375061256,0.9728865739830481,0.9183003435418774
