method,nn_overlap_best,AUC,kmax,Qlocal,Qglobal,trust_20,cont_20
PCA,28.57011070110701,0.7552972784784742,118,0.45900055035643733,0.8392230650940495,0.8750051400807263,0.9193178661991899
UMAP,46.678966789667896,0.7427484963464062,115,0.5478600095618216,0.7965939467526815,0.9320172923136856,0.9460206757492795
t-SNE,45.369003690036905,0.7730364457061536,115,0.5406322426979447,0.8371125140185914,0.9277797015506812,0.940621787449546
GTM,58.487084870848705,0.7409049141422541,23,0.4921265480993969,0.7526230320984952,0.9531599773475741,0.954922393798718
