method,nn_overlap_best,AUC,kmax,Qlocal,Qglobal,trust_20,cont_20
PCA,46.24829467939973,0.841986642380008,112,0.5790110592037665,0.8905116719988596,0.9465187184728096,0.9680863996737437
UMAP,65.95497953615279,0.8177834234234035,26,0.5899575594842161,0.8268858985606949,0.9718480577551427,0.9737345186019527
t-SNE,69.33833560709414,0.7986175286601843,16,0.6338864820330117,0.8029887111048774,0.9820422094157972,0.9774993809868284
GTM,59.95907230559345,0.703543664292073,55,0.5891154053985517,0.713403738176836,0.9644215503973822,0.9479335641079171
