method,nn_overlap_best,AUC,kmax,Qlocal,Qglobal,trust_20,cont_20
PCA,22.938496583143507,0.6259163278185929,54,0.24040822101096188,0.6511829430125801,0.7409570557918573,0.8604633082696662
UMAP,44.97722095671982,0.6171903791944126,31,0.40840688294928074,0.6249523602783591,0.8533055818735259,0.8945660894631806
t-SNE,46.4749430523918,0.629183539998862,23,0.42086732722533343,0.6349156116601342,0.8631651447040405,0.8997589721880649
GTM,51.21298405466971,0.6548655807288251,18,0.4328593053478879,0.659717710519814,0.8888092406313625,0.9124109500675308
