method,nn_overlap_best,AUC,kmax,Qlocal,Qglobal,trust_20,cont_20
PCA,44.03811252268602,0.7364079473474552,63,0.4869688852631362,0.7695060391363767,0.9022678180096968,0.9537996586417848
UMAP,53.91107078039927,0.6884631754503318,54,0.5456495529460836,0.7046816528653291,0.9016640777139111,0.9200956779307904
t-SNE,52.07803992740472,0.6830497082680973,54,0.5388777071710068,0.6994067940777651,0.9022198744401498,0.9253551746802164
GTM,60.13611615245009,0.7271168765157682,41,0.5748031240453157,0.7401557440445266,0.9471872815298705,0.9505234566093261
