method,nn_overlap_best,AUC,kmax,Qlocal,Qglobal,trust_20,cont_20
PCA,21.528284671532845,0.7255233218987652,352,0.4632293038101926,0.8504891212434567,0.8235402316173825,0.9112400966613803
UMAP,47.03923357664234,0.7189584842773473,47,0.46042623143914585,0.7307774515740609,0.9376727625219646,0.9286038647425732
t-SNE,48.06113138686132,0.7311139025579909,3,0.44393755068937546,0.7320875316440217,0.9426184804091153,0.9331677068097977
GTM,49.54835766423358,0.7159516621648022,41,0.4799629826226991,0.7253854205946685,0.9460554484204324,0.9234163649566531
