method,nn_overlap_best,AUC,kmax,Qlocal,Qglobal,trust_20,cont_20
PCA,13.489909533750872,0.6301487079908284,522.6666666666666,0.31231511011055324,0.7142835205003397,0.741904812040224,0.8960244205979618
UMAP,41.98851774530271,0.5669519753507143,15.333333333333334,0.3515353730102672,0.5682743575507566,0.8803249348721064,0.8592074563001958
t-SNE,44.02922755741127,0.5841069184074,15.0,0.3965822077675411,0.5852499012776756,0.8848926503340757,0.8709166605925626
GTM,45.92901878914405,0.5874539813184538,20.333333333333332,0.3892833609363197,0.5890980499044508,0.9067006816494567,0.8452202470135655
