method,nn_overlap_best,AUC,kmax,Qlocal,Qglobal,trust_20,cont_20
PCA,59.85294117647059,0.8790888594145383,102,0.6836669548474379,0.9401479107225219,0.9628838319139227,0.9793323180286228
UMAP,69.83031674208145,0.8109846896386133,18,0.5982824264129716,0.8212600607861994,0.9784812214445551,0.9750782096182711
t-SNE,74.14027149321268,0.8347523920834033,10,0.6997499640881994,0.8392292482816547,0.9826971184772628,0.9789155666005069
GTM,67.76018099547511,0.8153380442006752,17,0.6059385778129417,0.8249251880547103,0.9619345953167696,0.965204829478291
