method,nn_overlap_best,AUC,kmax,Qlocal,Qglobal,trust_20,cont_20
PCA,28.27354260089686,0.6509356008779975,32,0.2609596683578531,0.6811495103152776,0.7715090144782071,0.8362896828608894
UMAP,50.51569506726457,0.6439007840747375,12,0.4442768559500622,0.6498097053486499,0.8971507665409335,0.8561458181563085
t-SNE,51.06502242152467,0.6736924755752343,3,0.5208021923268561,0.6752145329480327,0.8996468137691366,0.8638101482356877
GTM,55.403587443946186,0.6854484162489488,18,0.5071822645775208,0.6935479878968825,0.9328519855595668,0.8616575739424649
