method,nn_overlap_best,AUC,kmax,Qlocal,Qglobal,trust_20,cont_20
PCA,28.876651982378853,0.6071469402280075,37,0.25980066431866966,0.6188177767252474,0.7634048934774241,0.9076131883384553
UMAP,58.67400881057269,0.6191014360236282,16,0.49355434648868024,0.6210878003615863,0.9142979760411453,0.9163662470111259
t-SNE,58.951541850220266,0.6149424426858678,12,0.5000909080314366,0.6163591195629812,0.916787311818093,0.9327951930727919
GTM,60.4273127753304,0.6231710250488952,24,0.5268165034197682,0.6254676102827311,0.9416627612709719,0.920920423657325
