method,nn_overlap_best,AUC,kmax,Qlocal,Qglobal,trust_20,cont_20
PCA,61.83760683760684,0.8369267232458689,49,0.5982947199738138,0.8662320648930304,0.9543115995115995,0.977441514041514
UMAP,73.5363247863248,0.8366824164412925,26,0.6622621290426072,0.8483310307513691,0.9789868131868131,0.9808654456654456
t-SNE,76.57051282051283,0.8552934501892987,12,0.6920025255094698,0.8609572670735179,0.9887001221001221,0.9823052503052503
GTM,68.07692307692308,0.742822195247942,16,0.5934038037653823,0.749061740370437,0.9637470085470086,0.9347096459096459
