method,nn_overlap_best,AUC,kmax,Qlocal,Qglobal,trust_20,cont_20
PCA,27.481412639405207,0.7817288887535998,209,0.4742977000694045,0.8565207048943106,0.8755051744154004,0.9363507348718797
UMAP,54.91635687732342,0.7511489410122077,15,0.5030401721712131,0.754958073148294,0.9536968491268119,0.9424050942346291
t-SNE,56.35223048327137,0.7642662349395861,6,0.5383958075175547,0.7658484549586767,0.9665727964955136,0.9600876210489636
GTM,53.04832713754647,0.7514435916120774,37,0.5125216666974758,0.7602768383498831,0.9579927872862809,0.9366933254397053
