method,nn_overlap_best,AUC,kmax,Qlocal,Qglobal,trust_20,cont_20
PCA,44.11357340720222,0.8685195749082493,208,0.6133363208599006,0.9120322319457862,0.9606584753078496,0.98227783727746
UMAP,62.89127423822715,0.8554275935276402,15,0.5599271638641444,0.858876727181836,0.9861709455811443,0.982915754982377
t-SNE,67.28531855955679,0.8595269267571292,6,0.6598934287473068,0.8607507087897489,0.990483167360249,0.9820203038174626
GTM,57.25761772853185,0.6789977530858585,19,0.5207638964732295,0.6812871102587349,0.9746718916424232,0.9213576395795589
