method,nn_overlap_best,AUC,kmax,Qlocal,Qglobal,trust_20,cont_20
PCA,32.50294233032562,0.8346665481271565,621.0,0.580170498365475,0.9191743129537134,0.9288365931025174,0.9761134291691974
UMAP,62.02432326402511,0.8136853356215016,19.0,0.5510663076120554,0.8158732670275203,0.9879335277046636,0.9816045488290476
t-SNE,66.28089446841898,0.7901794893294632,9.0,0.6412897766019988,0.7909036451916222,0.9910244205979618,0.979938009043666
GTM,54.17026284817575,0.6574432633689983,32.666666666666664,0.5006316179434082,0.6596078459343129,0.9763279017344941,0.9287062131335628
