method,nn_overlap_best,AUC,kmax,Qlocal,Qglobal,trust_20,cont_20
PCA,43.88059701492537,0.7738393590815684,67,0.4637361642643082,0.8266324027486422,0.8784001478193006,0.9371767972322781
UMAP,65.31982942430704,0.7559233774992005,19,0.5878361593916134,0.763966384143144,0.9653738150751374,0.9490468329471716
t-SNE,67.86780383795309,0.7663842382397681,12,0.6533804706112809,0.7703432629526913,0.9701387994058053,0.9508452200635525
GTM,62.51599147121535,0.689937372771909,18,0.553023123174206,0.6961256468572066,0.9596655102075549,0.918422466588705
