method,nn_overlap_best,AUC,kmax,Qlocal,Qglobal,trust_20,cont_20
PCA,37.7969696969697,0.8448518133054728,357,0.580569907312434,0.918394634143531,0.9332478973121147,0.9748035027646018
UMAP,66.95757575757575,0.7948027517946719,22,0.5888550659257009,0.7978761927087625,0.9874035757388644,0.9802289894935773
t-SNE,69.87272727272727,0.7907753353295761,18,0.6618478088036169,0.7924993377905883,0.9904485110443739,0.9835025400656768
GTM,60.39393939393939,0.6628764488849884,21,0.5241541802535732,0.664831692385469,0.9738262838324586,0.9292957796551499
