method,nn_overlap_best,AUC,kmax,Qlocal,Qglobal,trust_20,cont_20
PCA,46.85770750988142,0.7797457211097332,26,0.41112959571795715,0.8003481368097668,0.8902970869024909,0.9423662630973013
UMAP,71.39328063241108,0.7777793887216862,22,0.6042915001877547,0.7867287892031147,0.9687136070622561,0.9682312772492446
t-SNE,71.699604743083,0.7730125980890339,18,0.6814222705883075,0.7774048574592555,0.9707657427380374,0.9666465089795223
GTM,72.42094861660078,0.7580799412532592,20,0.6379138372595716,0.764042152661363,0.9653774059342568,0.9499430597290973
