method,nn_overlap_best,AUC,kmax,Qlocal,Qglobal,trust_20,cont_20
PCA,35.77235772357724,0.6773063895222815,73,0.3790452170244129,0.70516510922761,0.8314171318370963,0.9327287691041527
UMAP,66.64924506387922,0.6775916281099587,16,0.5531009758606666,0.6803644489177711,0.9747177336742835,0.9580301946478654
t-SNE,68.27526132404181,0.6915252310955323,11,0.6446318624652485,0.6925779522997069,0.97271545554537,0.9603360135261282
GTM,67.4274099883856,0.7026465103675399,33,0.6341748966095666,0.7058715655883728,0.9789501028234674,0.9544346247625201
