method,nn_overlap_best,AUC,kmax,Qlocal,Qglobal,trust_20,cont_20
PCA,8.53176416819013,0.5781186813304564,461.6666666666667,0.20391618345585663,0.6628992048954429,0.6598740068839847,0.7923601430788958
UMAP,36.24542961608775,0.524770045787912,7.333333333333333,0.3307874971655329,0.5253003121956282,0.7731045663764595,0.7636518674495512
t-SNE,38.7591407678245,0.5369467110659681,4.0,0.39080000000000004,0.5371637119569049,0.7990543591820206,0.7943953971789162
GTM,37.9136197440585,0.5438477205724824,10.666666666666666,0.33273548566817795,0.5447174138126408,0.8436581575217655,0.7671133157859216
