method,nn_overlap_best,AUC,kmax,Qlocal,Qglobal,trust_20,cont_20
PCA,70.30846484935438,0.8930903131983009,52,0.6968786961165144,0.9100437427823642,0.9855705676777875,0.9928220936152259
UMAP,73.06312769010043,0.7958364737931318,46,0.6842087486860581,0.8046581473366762,0.9900765363507305,0.9916032810211162
t-SNE,79.51936872309899,0.8421344864126249,31,0.7461337203130867,0.8476268319456163,0.9946212521566546,0.9936375055026311
GTM,71.34146341463415,0.7520928085273713,20,0.634448192744951,0.7562682155767373,0.9826157758951933,0.960604928850577
