method,nn_overlap_best,AUC,kmax,Qlocal,Qglobal,trust_20,cont_20
PCA,20.552959501557634,0.5583296086992654,29,0.17432324726610518,0.5761970178088769,0.6580379180963006,0.7288728752900661
UMAP,29.571651090342677,0.5396911583275227,3,0.32459328487365874,0.5405333725975509,0.7055080072239501,0.7175905477313078
t-SNE,30.404984423676012,0.5475288577585132,1,0.38006230529595014,0.5476776178766932,0.7097123410845605,0.7259863519306745
GTM,37.17289719626169,0.5947911717449502,4,0.35215472481827625,0.5962739749149966,0.784253138826694,0.7635896103499132
