method,nn_overlap_best,AUC,kmax,Qlocal,Qglobal,trust_20,cont_20
PCA,13.401162790697674,0.6175935985578794,278,0.3954535095555267,0.8805681483613804,0.644560271118243,0.7349348150631891
UMAP,24.86434108527132,0.5921092542059869,5,0.2756459948320414,0.5950219557501115,0.6979015479925594,0.7146430595805491
t-SNE,24.825581395348838,0.6047244100959145,4,0.24487241602067183,0.6072970742978481,0.7118109277576861,0.7577842709905076
GTM,41.67635658914728,0.6707311032852541,30,0.39472848843144803,0.6880705297668998,0.8596993030440927,0.8557425015368157
