method,nn_overlap_best,AUC,kmax,Qlocal,Qglobal,trust_20,cont_20
PCA,17.368291482028557,0.6512781527864346,194,0.25557062857533,0.6931072073845829,0.7654780298032335,0.8810912978303922
UMAP,46.969473165928115,0.640544807149514,12,0.43018682996526425,0.6418594673783505,0.9245668518862407,0.8997298435115495
t-SNE,49.43131462333826,0.643613210872099,5,0.5414360741834893,0.6439671582972739,0.9389371760949472,0.9087540153366385
GTM,45.97242737567701,0.6329510516622707,19,0.42047281399689335,0.6350057974941871,0.9453831150779514,0.8495827914021002
