method,nn_overlap_best,AUC,kmax,Qlocal,Qglobal,trust_20,cont_20
PCA,36.65338645418327,0.8561381852457551,380,0.5936696150675699,0.917848571995996,0.9457757717549524,0.9800244030200311
UMAP,60.67978087649403,0.8209429983343589,16,0.5422409874702268,0.8233985571908171,0.9879940667166983,0.9765625487934482
t-SNE,64.89790836653387,0.8177653880024858,7,0.6471479727349106,0.8186071185937622,0.9912630262766884,0.9790420492492734
GTM,52.938247011952186,0.6809060121809057,27,0.49547043311017486,0.6835457119760271,0.9767835610780645,0.9160620476375156
