method,nn_overlap_best,AUC,kmax,Qlocal,Qglobal,trust_20,cont_20
PCA,33.09261300992282,0.7830164457802815,170,0.4877538371361735,0.8518915846546786,0.8983953166441401,0.9474397960717522
UMAP,54.873208379272334,0.7564809078566557,14,0.48608298803802036,0.7610871789618521,0.9558442260896582,0.9498058140683069
t-SNE,56.157662624035275,0.7691109404504324,6,0.5642288374372166,0.7708835646462738,0.9605933693130252,0.9551128919961434
GTM,55.997794928335175,0.7348130520440744,31,0.5365784664243487,0.7422076743250111,0.9621873606499741,0.9298019900991905
