method,nn_overlap_best,AUC,kmax,Qlocal,Qglobal,trust_20,cont_20
PCA,20.14742014742015,0.6530483332246876,266,0.3728324342323495,0.7079831650062482,0.7894876823045838,0.9101653766442499
UMAP,48.69471744471745,0.661012845172337,26,0.4279138422736463,0.6648965529303894,0.9103038762193691,0.9240498821484737
t-SNE,49.89250614250614,0.6557631476610015,25,0.4715891143027593,0.6587399364163681,0.9127553225440549,0.9262513217442795
GTM,52.601351351351354,0.6681705001589092,36,0.4834049352447245,0.6724905554725736,0.926109111672492,0.9207535192042234
