method,nn_overlap_best,AUC,kmax,Qlocal,Qglobal,trust_20,cont_20
PCA,66.67714884696016,0.8947029894337515,72,0.7085589559692305,0.9297606146065839,0.9780022114700642,0.9882951725627463
UMAP,70.66037735849056,0.8718068176165992,18,0.5976274899683047,0.8838673650309296,0.9810278405769542,0.9865865654367418
t-SNE,73.71069182389937,0.8691461595601307,42,0.714163323342347,0.8857074248172405,0.986776958453943,0.9876298534372865
GTM,62.50524109014675,0.7552865585404241,15,0.5322652287536983,0.7633678150487089,0.9642455529966358,0.9480891443113336
