method,nn_overlap_best,AUC,kmax,Qlocal,Qglobal,trust_20,cont_20
PCA,29.716117216117215,0.6345714586706367,43,0.29154920216824054,0.664049342484548,0.7616645882407279,0.8556749910290162
UMAP,60.750915750915745,0.6605717249382069,16,0.5020650051642497,0.6658746229629653,0.9108069266653166,0.9325314517361074
t-SNE,61.794871794871796,0.6724573633913137,12,0.5320830128865843,0.6761595944666623,0.9172020833999496,0.9341448076656612
GTM,65.39377289377289,0.6534513668699699,22,0.5709641798324303,0.6575243455857194,0.9284669743447629,0.9147994585433965
