method,nn_overlap_best,AUC,kmax,Qlocal,Qglobal,trust_20,cont_20
PCA,33.482697426796804,0.6892998237117893,106,0.41292724689615495,0.718249884207287,0.8719566289609878,0.9537794086289724
UMAP,59.77817213842058,0.6931935037766077,22,0.5008269309496453,0.6972977799288534,0.9583353260414378,0.9609427593079699
t-SNE,60.816326530612244,0.7076110551275192,26,0.5398927136361688,0.711875577315529,0.9696576304940581,0.9721858409693503
GTM,65.74977817213842,0.702925747569552,22,0.5531272031733778,0.7062437736310412,0.9781922475764826,0.9679866688839338
