method,nn_overlap_best,AUC,kmax,Qlocal,Qglobal,trust_20,cont_20
PCA,24.55968688845401,0.6531224011367679,94,0.3019057589307589,0.6888214676870499,0.780507355575227,0.8807637916418718
UMAP,43.68884540117417,0.5963055536037939,12,0.35396520065062137,0.5992275329850525,0.8305784096325617,0.8371380313881298
t-SNE,44.363992172211354,0.6170896567175757,10,0.41682155282204203,0.6191547258413843,0.8532468743616237,0.8574123197866799
GTM,49.94618395303327,0.6503360228472703,15,0.43337290816742874,0.6537310061467466,0.8818066579625446,0.8725669166387878
