method,nn_overlap_best,AUC,kmax,Qlocal,Qglobal,trust_20,cont_20
PCA,17.140054923499413,0.6089415851328103,241.33333333333334,0.32617549157165193,0.6391948267850421,0.7888830451508403,0.9272821434838362
UMAP,41.54374264417419,0.616539230858207,55.666666666666664,0.4121025037179402,0.6212322584824146,0.9231159856921103,0.923997176216508
t-SNE,42.58925068654374,0.6403452180719054,57.666666666666664,0.42768441183254374,0.6454179882163044,0.9321002065195384,0.9439369130053317
GTM,45.73362102785406,0.6331640861113454,56.333333333333336,0.4579633703069683,0.6372751211624488,0.9490709914287643,0.9281226024161436
