method,nn_overlap_best,AUC,kmax,Qlocal,Qglobal,trust_20,cont_20
PCA,44.4017094017094,0.6546065299571413,39,0.40884912498160025,0.6774874564776197,0.855936507936508,0.9248139194139194
UMAP,54.1559829059829,0.6621303446853601,25,0.46714729183434356,0.6736723855000859,0.8873970695970697,0.9017650793650793
t-SNE,52.22222222222223,0.6651410119311072,23,0.46926583973330105,0.6757534257676692,0.8794412698412698,0.8937836385836386
GTM,59.44444444444444,0.6777569869741061,21,0.5054497764204962,0.686509584743314,0.921585347985348,0.9238967032967033
