method,nn_overlap_best,AUC,kmax,Qlocal,Qglobal,trust_20,cont_20
PCA,16.950018932222644,0.6155192680083004,316.3333333333333,0.30449680728057293,0.6606214712882249,0.7670165161638659,0.9068484038604305
UMAP,39.05906853464597,0.6051775750233251,24.0,0.3440541345568205,0.607709709578501,0.895332391172302,0.8885437375987042
t-SNE,40.54524801211662,0.6094373438416681,12.0,0.38130020222202043,0.6105461039360344,0.8960987460349599,0.8994773759870419
GTM,43.140855736463465,0.6298355507651038,26.666666666666668,0.37607034788324323,0.632603261505848,0.92726571640683,0.9016758021191874
