method,nn_overlap_best,AUC,kmax,Qlocal,Qglobal,trust_20,cont_20
PCA,24.961904761904762,0.5604933592976807,17,0.18992710069996277,0.5725622178837173,0.6803516779816072,0.746730608117868
UMAP,30.81904761904762,0.556264977191656,9,0.2994567061392458,0.5605538305644081,0.718640088593577,0.7450130482931292
t-SNE,31.361904761904764,0.5542831328104364,8,0.32236678004535146,0.5576887632361002,0.7218028792912514,0.7448788097645529
GTM,38.285714285714285,0.5813989974599323,9,0.3585097001763668,0.5852914799625497,0.7825626655110982,0.7749592180653859
