method,nn_overlap_best,AUC,kmax,Qlocal,Qglobal,trust_20,cont_20
PCA,48.18181818181818,0.8576124039245792,105,0.5782908222545546,0.9019595581057243,0.950885325276107,0.9747377122038147
UMAP,64.05249679897568,0.8343581401635378,15,0.5671009087654415,0.8402356546267429,0.9785739084741628,0.9737156876209714
t-SNE,67.15749039692702,0.8435631671421314,9,0.6599047709376348,0.8464025762883097,0.9828729630523739,0.9725802090113207
GTM,59.993597951344434,0.7504114976226848,16,0.5436120094560796,0.7552095524802256,0.9678900366038518,0.9274717409904281
