method,nn_overlap_best,AUC,kmax,Qlocal,Qglobal,trust_20,cont_20
PCA,27.544338335607094,0.6911944254566039,161,0.36442514079298577,0.7838225454612784,0.7989530666640774,0.8815198108489948
UMAP,37.68076398362892,0.6323981352882717,21,0.3255500731143383,0.6414921775901414,0.8488467905987678,0.824361930932695
t-SNE,35.21145975443383,0.6299332087338155,12,0.3171676158715722,0.6351187315441299,0.8252807892296563,0.79860505988649
GTM,52.5443383356071,0.6627613892165226,18,0.4521255584514619,0.6683418082230558,0.9300537449083133,0.8834789025746093
