method,nn_overlap_best,AUC,kmax,Qlocal,Qglobal,trust_20,cont_20
PCA,46.5375854214123,0.8221056494755202,135,0.5650551231331401,0.869613372938894,0.9356276331969279,0.971042930769179
UMAP,66.39521640091117,0.7774696047600265,12,0.5674123920351142,0.7808947412052419,0.9789659389467884,0.9746623124424645
t-SNE,69.57289293849658,0.8076302725148955,10,0.6442531275987996,0.8101031542895979,0.9840400212335625,0.9781684036527103
GTM,61.04214123006834,0.7382947707740277,17,0.5501798692117008,0.7424228924100943,0.9694345556070716,0.9420020696003925
