method,nn_overlap_best,AUC,kmax,Qlocal,Qglobal,trust_20,cont_20
PCA,14.076137418755803,0.5644910876410464,198,0.19920185453474318,0.6014167331796704,0.6635946090298269,0.8263020004945323
UMAP,44.3430826369545,0.5561930810575436,14,0.371585373992855,0.5574061677487475,0.8333335628907532,0.84239700359793
t-SNE,45.5338904363974,0.5638077382348375,12,0.4378683734591349,0.5645345912465958,0.8482760456395131,0.8531972429497997
GTM,45.55710306406685,0.5719028398706151,17,0.39260893688712456,0.5733441712868332,0.872563067621713,0.8380983988042026
