method,nn_overlap_best,AUC,kmax,Qlocal,Qglobal,trust_20,cont_20
PCA,26.938325991189426,0.6784102616807535,126,0.3429748005380806,0.7205012706502215,0.8134607123840596,0.9167075021487986
UMAP,65.44052863436123,0.6456691801332483,14,0.5523659696362655,0.6471133646817037,0.9652781672094336,0.9386844766005309
t-SNE,66.76651982378856,0.6723292870646455,9,0.6685222090141326,0.6726884552849148,0.9615109992561468,0.9415188964648026
GTM,64.431718061674,0.6560970895503127,15,0.5629658210935744,0.6576151375977086,0.9660276043338923,0.9165273420907262
