method,nn_overlap_best,AUC,kmax,Qlocal,Qglobal,trust_20,cont_20
PCA,38.90588235294118,0.6839768334224595,15,0.33819073910838615,0.6968719305319756,0.7997393573398941,0.8876287184075151
UMAP,66.32941176470588,0.707617437219323,16,0.5661866670910788,0.7140871099910546,0.9603867889361067,0.956980541265936
t-SNE,67.98823529411764,0.7321629300978005,9,0.6276546322232597,0.7354727222495832,0.9599170953552524,0.9597930366062775
GTM,67.80000000000001,0.726206378476234,11,0.5737037911583367,0.7312260868881543,0.9535543129799449,0.9306854544099008
