method,nn_overlap_best,AUC,kmax,Qlocal,Qglobal,trust_20,cont_20
PCA,44.01010805158592,0.8838062872559219,291.6666666666667,0.6655150600140978,0.912968466638111,0.9734918998447729,0.9899552433016131
UMAP,62.30045311955386,0.8319045971694989,13.0,0.5387354152732358,0.8336193557588599,0.9910386232030776,0.983234411824256
t-SNE,66.0299756012548,0.8518754914534591,13.0,0.6310976151721023,0.8532369035850743,0.9932976230006075,0.9891669541742593
GTM,52.36319275008714,0.7035757018373373,18.333333333333332,0.46200082125242375,0.7054517816446194,0.9817370668826348,0.9435262711750015
