method,nn_overlap_best,AUC,kmax,Qlocal,Qglobal,trust_20,cont_20
PCA,38.40659340659341,0.709332366726353,71,0.4412092854160566,0.7501650570082207,0.8581307312151153,0.9274620465212123
UMAP,67.98534798534799,0.7029027774852372,18,0.5916946880891433,0.707437095578427,0.9562672535999404,0.9565322973179423
t-SNE,70.16483516483515,0.7375323066593841,12,0.6707281475138619,0.7398626293416305,0.9631930307003052,0.9634520345480578
GTM,69.2948717948718,0.7337510227674496,22,0.6302849618205507,0.7389423787319758,0.971849763556844,0.9484074283298337
