method,nn_overlap_best,AUC,kmax,Qlocal,Qglobal,trust_20,cont_20
PCA,37.703619909502265,0.7371030232726985,119,0.45996982562215427,0.8409368947198363,0.8547648763215914,0.9086313729155556
UMAP,62.62443438914027,0.725122129234494,13,0.5258908439860405,0.7319876038422529,0.9324821451152664,0.9317822446297894
t-SNE,60.15837104072398,0.7175463581373428,5,0.5344494720965309,0.7203632282078005,0.9275638734791047,0.9305575562312036
GTM,64.07239819004525,0.7513623171336402,19,0.578417625115723,0.7601016283504415,0.952366631295943,0.9186903119038063
