method,nn_overlap_best,AUC,kmax,Qlocal,Qglobal,trust_20,cont_20
PCA,31.027865404837012,0.8327163319531142,397,0.5747357101940256,0.901234971177426,0.9276121736389525,0.9706674892326174
UMAP,51.51945320715037,0.8055746951430964,8,0.4635090412347904,0.8072046276554488,0.9779788307258723,0.9637536650959815
t-SNE,55.452155625657205,0.814539975550311,3,0.6293375394321766,0.815082095609818,0.9819899213196565,0.9689945311163383
GTM,45.98580441640379,0.6549352762537933,8,0.4312840337238997,0.6559490470041134,0.9682939594498584,0.8767188833105358
