method,nn_overlap_best,AUC,kmax,Qlocal,Qglobal,trust_20,cont_20
PCA,20.823529411764703,0.5736214920954723,33,0.18152617885468697,0.5964199002485724,0.6732152347209921,0.8006378813704401
UMAP,47.76470588235294,0.5733015431675842,8,0.42216586634653863,0.5754613370046965,0.7961803038310098,0.8083450067360868
t-SNE,46.79831932773109,0.5682127601320258,8,0.4268850040016007,0.5702027959331013,0.8000381091320496,0.8317784013516832
GTM,53.319327731092436,0.6135154142799389,9,0.4604306907948364,0.6161292476234516,0.8795301858564506,0.875562667936971
