method,nn_overlap_best,AUC,kmax,Qlocal,Qglobal,trust_20,cont_20
PCA,54.64063886424135,0.8945858614120941,129,0.6573017708106635,0.9259800043641101,0.9713133787387553,0.9860520952567073
UMAP,69.84472049689441,0.8265212877041287,18,0.611525839078708,0.8304932585711833,0.989073202587405,0.9833774966002579
t-SNE,74.39662821650398,0.852210630352501,13,0.6915051880600307,0.8546298171613083,0.9928567989379776,0.986422921038992
GTM,64.61845607808341,0.6935943575032071,16,0.5735465943741509,0.695632369161991,0.975315060301168,0.9343953557155926
