method,nn_overlap_best,AUC,kmax,Qlocal,Qglobal,trust_20,cont_20
PCA,37.32996811902232,0.8530641157097151,306,0.5704840215210536,0.9083648708850268,0.9430242388986958,0.9773087736829402
UMAP,62.2422954303932,0.829024433083343,11,0.533529022368265,0.8310063982032094,0.9860967053453227,0.9771802768987319
t-SNE,65.52337938363443,0.809737500891225,7,0.6581836879278811,0.810568404752995,0.9906390200322971,0.9743492724829195
GTM,55.09829968119022,0.6835959580259597,18,0.5059201932919141,0.685439724943894,0.978144411731534,0.9022017073785996
