method,nn_overlap_best,AUC,kmax,Qlocal,Qglobal,trust_20,cont_20
PCA,10.70487106017192,0.6184023385546412,385.6666666666667,0.28014785383824087,0.6801574369201542,0.7275597435378282,0.8589303637713437
UMAP,39.2349570200573,0.6024619148973424,10.333333333333334,0.34601274641557467,0.6035246752917584,0.845586280623608,0.8310028372815009
t-SNE,41.12464183381089,0.6145189754653831,7.0,0.3855162046485261,0.615174967852775,0.8691965067152595,0.8633047256529661
GTM,41.26361031518624,0.5839451407820121,17.666666666666668,0.3607910308863778,0.5855285827950292,0.891468129850847,0.8285453681581968
