method,nn_overlap_best,AUC,kmax,Qlocal,Qglobal,trust_20,cont_20
PCA,47.627737226277375,0.7178235878125327,28,0.3990235874500397,0.741856104999105,0.8734873118032043,0.9453127048223781
UMAP,61.009732360097324,0.6964703480429825,22,0.48656422820143563,0.7092193082128828,0.9290854970569522,0.933993560784088
t-SNE,63.138686131386855,0.7011449222106324,22,0.5206426978389117,0.7122952922230834,0.9349428175885872,0.9369714583513178
GTM,65.64476885644768,0.725330384893996,22,0.5542358086681559,0.7360664603036008,0.946666730611214,0.94684865284825
