method,nn_overlap_best,AUC,kmax,Qlocal,Qglobal,trust_20,cont_20
PCA,38.28852119958635,0.8557131534495616,183,0.5975610980910734,0.9169168339955653,0.9464937160133857,0.9719672304025362
UMAP,54.16235780765254,0.8323881946131529,112,0.5889009239739903,0.8649541438754117,0.9727457236702258,0.9683640764557686
t-SNE,57.11995863495346,0.8357242079823767,81,0.5974275398558248,0.8581179394469299,0.978117768915592,0.9699397799569455
GTM,47.890382626680456,0.6939427407934642,29,0.4337923923358899,0.7021989004698033,0.9533545054055591,0.8882479539706193
