method,nn_overlap_best,AUC,kmax,Qlocal,Qglobal,trust_20,cont_20
PCA,38.42812006319115,0.7340491447129049,137,0.4995909338335123,0.7998345029879598,0.8602985192031622,0.9301727268555846
UMAP,70.33965244865719,0.7315798407694257,25,0.6083660149901902,0.7373985072696773,0.9749432656191619,0.9713005971695083
t-SNE,73.28593996840442,0.7540550281943534,21,0.668576412453311,0.7577989271168414,0.9800605691136851,0.9707487889454812
GTM,74.652448657188,0.7574380021085598,22,0.6547929296901446,0.7619825083792533,0.9812537282124901,0.96387445674618
