method,nn_overlap_best,AUC,kmax,Qlocal,Qglobal,trust_20,cont_20
PCA,29.82602118003026,0.7517147738388473,172,0.4863661687300672,0.8463170336085151,0.8408605182112988,0.9214725243875079
UMAP,59.334341906202724,0.7120576257365914,13,0.5016816436082118,0.7167816814543339,0.935300850248524,0.9342925973070865
t-SNE,60.03782148260212,0.7299061729527695,11,0.5677036540225923,0.7332061646859728,0.9365737635884399,0.9384615384615385
GTM,58.63086232980332,0.7525923948941923,18,0.5268492563765248,0.7594585310808938,0.9336708973139249,0.9288651395705687
