method,nn_overlap_best,AUC,kmax,Qlocal,Qglobal,trust_20,cont_20
PCA,57.717770034843205,0.8595348275932299,68,0.5687998522518918,0.8851636359038039,0.9517633822592634,0.9806768797884934
UMAP,70.03484320557492,0.7857820528289996,19,0.6067093570586977,0.7904125433245658,0.9783856750582643,0.9809216143249417
t-SNE,74.54123112659698,0.8415275010991747,20,0.6750953815478133,0.8461944643928487,0.9890361025395753,0.9850111284289931
GTM,64.91869918699187,0.7079468203329484,17,0.5910637818149604,0.7107309100467463,0.9719462898593895,0.9231544743416815
