method,nn_overlap_best,AUC,kmax,Qlocal,Qglobal,trust_20,cont_20
PCA,39.581280788177345,0.7343599156999073,86,0.45615653335310163,0.8105814232791388,0.8622155680767187,0.9062465153194755
UMAP,65.62807881773399,0.7458958264378241,10,0.5611427789506607,0.7516491901842398,0.9402947137806406,0.9369884488990049
t-SNE,66.9088669950739,0.7502873855644754,1,0.7093596059113301,0.7515295065846465,0.941567565085633,0.926592785973382
GTM,69.51970443349754,0.7417086277441157,16,0.6242711341579876,0.7476711084535745,0.9569336123264219,0.9240654496795734
