method,nn_overlap_best,AUC,kmax,Qlocal,Qglobal,trust_20,cont_20
PCA,24.263228399196247,0.630644498826723,103,0.3200980396633859,0.6537169907207286,0.8049137799760706,0.9127597849794769
UMAP,52.19691895512392,0.6123575590324369,17,0.44856893754149574,0.6143412026655002,0.9147395080174718,0.9068532009777823
t-SNE,53.39584728734093,0.6319149744319509,17,0.4918934748420735,0.6336484929381284,0.9183667370807358,0.9260577166377568
GTM,56.45344943067649,0.6566473909452576,18,0.4760799181102098,0.6590047500230739,0.937688426331427,0.9327557776747328
