method,nn_overlap_best,AUC,kmax,Qlocal,Qglobal,trust_20,cont_20
PCA,51.902654867256636,0.8078974698164594,44,0.5076458606878482,0.8415148206985297,0.9228970490977231,0.9668453899369088
UMAP,68.44026548672566,0.7853677835769809,20,0.5727426785335392,0.7963539288114402,0.9692666834629798,0.9722606262925287
t-SNE,68.1858407079646,0.7976287313823092,21,0.634049185853039,0.8067682471977918,0.9710819975015484,0.9715459956539539
GTM,72.16814159292035,0.8138845509678628,20,0.6089329829818011,0.8246655140859501,0.9738116608404456,0.9733880788166998
