method,nn_overlap_best,AUC,kmax,Qlocal,Qglobal,trust_20,cont_20
PCA,47.684782608695656,0.7486894618034383,64,0.47770443563641424,0.7935764697640804,0.921886926152756,0.9516239813736903
UMAP,58.85869565217391,0.7640579431547501,20,0.47182373927064913,0.7782073442346831,0.9414837779015033,0.9548597965278129
t-SNE,60.22826086956522,0.7592317273883056,20,0.4829975688870813,0.7726702863162879,0.9500566887685378,0.9475828820165004
GTM,67.11956521739131,0.7589805753779777,21,0.535236054527177,0.7707236774284594,0.9667859492837981,0.972935162220985
