method,nn_overlap_best,AUC,kmax,Qlocal,Qglobal,trust_20,cont_20
PCA,41.32743362831858,0.6806878967758774,42,0.38777001732588173,0.7113190585718916,0.8639703335117942,0.9331658950860287
UMAP,48.31858407079646,0.6588658706260276,21,0.40933796160880415,0.6714253003811801,0.8914086857934683,0.8926085724183541
t-SNE,47.256637168141594,0.6543311871221238,20,0.4144862636503504,0.6657818755598888,0.8914548756547938,0.8570082616865597
GTM,56.68141592920354,0.7082938125314164,20,0.48378443844570473,0.7193756377269248,0.923282839416748,0.9322384236660053
