method,nn_overlap_best,AUC,kmax,Qlocal,Qglobal,trust_20,cont_20
PCA,44.37647058823529,0.6322862546739799,32,0.39345017554533845,0.6521468223549546,0.8374403936479535,0.8974472526653247
UMAP,57.07058823529412,0.634116309265842,14,0.47682392677350666,0.6400074754640886,0.9067501677477074,0.9017430850667263
t-SNE,57.83529411764706,0.6336836565842126,10,0.4926485527544352,0.6375988523986256,0.9091487363006039,0.8923044807276523
GTM,63.01176470588236,0.6870796140138621,19,0.5488409831299057,0.6943687749820541,0.9370861104898233,0.9296673376574964
