method,nn_overlap_best,AUC,kmax,Qlocal,Qglobal,trust_20,cont_20
PCA,41.26482213438735,0.6701370046971813,33,0.36719951645911125,0.6916477496683819,0.846258151394621,0.9379506905566432
UMAP,65.48418972332016,0.6734863774919386,21,0.5340515930058294,0.6802362536046661,0.9528817180168161,0.9448751678075502
t-SNE,63.201581027667984,0.6951174895396146,22,0.5344038436739805,0.7031481421944842,0.9448321508875617,0.9487799403997457
GTM,69.73320158102767,0.696560215225755,21,0.5951644111424338,0.7017973239669933,0.9623572856531298,0.9622369629638866
