method,nn_overlap_best,AUC,kmax,Qlocal,Qglobal,trust_20,cont_20
PCA,23.6978579481398,0.6712774046204371,97,0.30547628513334035,0.7164010627002446,0.7935902979470605,0.8832599176928732
UMAP,43.85569334836528,0.6560543650661477,17,0.3988450690529546,0.6611988870459895,0.9121668571985171,0.8843895510885325
t-SNE,45.63134160090191,0.682165600339837,1,0.5614430665163472,0.6825777397071217,0.9100395476991058,0.8925200288792318
GTM,44.85343855693348,0.6539071905182279,40,0.4294802408883124,0.6647026500498704,0.9371127086389576,0.8631845078848596
