method,nn_overlap_best,AUC,kmax,Qlocal,Qglobal,trust_20,cont_20
PCA,40.30442804428044,0.7762435114521999,115,0.5449175186789537,0.8400958121276486,0.9272276388453033,0.9519245544361602
UMAP,59.566420664206646,0.7311692277620099,45,0.5696398852312227,0.7466280179898133,0.9685172760818517,0.9680779344450336
t-SNE,60.26752767527675,0.777527037482132,44,0.5989798713329173,0.7942626625697364,0.9701566913029834,0.9675992756995019
GTM,59.67712177121771,0.7821943888421995,45,0.5822745603055657,0.8013210990731888,0.973658078223011,0.9678974003816284
