method,nn_overlap_best,AUC,kmax,Qlocal,Qglobal,trust_20,cont_20
PCA,31.199119911991197,0.7162413321673129,162,0.403889527684859,0.7844791097396129,0.8447216320949112,0.9283316208684045
UMAP,60.847084708470845,0.714125363704893,21,0.5253168921166934,0.7189675625593769,0.9704840546661382,0.9517744204699354
t-SNE,61.72717271727173,0.7356495243542872,8,0.6150805110272932,0.7371413521920288,0.9649343534239594,0.9540301782027947
GTM,61.53465346534654,0.7207632950920462,21,0.5443676628662184,0.7253268176787573,0.971233031100492,0.951255171049262
