method,nn_overlap_best,AUC,kmax,Qlocal,Qglobal,trust_20,cont_20
PCA,47.23675604970569,0.8718132031402378,248,0.6434333334444344,0.916597309079536,0.9618574755265403,0.9851106829524096
UMAP,63.881621975147155,0.7928858438885348,18,0.5825158127347659,0.7956839012712679,0.9844494810921669,0.9762937125047437
t-SNE,68.68214519293656,0.8040950686467371,10,0.6863264453372367,0.8052085635399585,0.9900329367955267,0.9804209267039004
GTM,58.309352517985616,0.6639965008371864,25,0.5406932988824553,0.6662163949328286,0.9729405882883101,0.9435355783077606
