method,nn_overlap_best,AUC,kmax,Qlocal,Qglobal,trust_20,cont_20
PCA,14.702702702702702,0.560214252552319,14,0.11485221749507464,0.5667473693913447,0.6366121493209251,0.7394648981010077
UMAP,31.98378378378378,0.5399397279541441,8,0.3442779922779923,0.5415812474843299,0.6972175909839409,0.7163315758463886
t-SNE,33.556756756756755,0.5323108321757919,6,0.4101531531531531,0.5330647940432267,0.7147908691251341,0.7171227169036001
GTM,40.2972972972973,0.5644318673206098,11,0.38883398747035114,0.5665538216022842,0.796513166044748,0.76171057362561
