method,nn_overlap_best,AUC,kmax,Qlocal,Qglobal,trust_20,cont_20
PCA,17.91417910447761,0.7110476321019549,611.6666666666666,0.4297559158061426,0.8024324039202312,0.8196427319970304,0.9302830748464602
UMAP,56.018656716417915,0.6849213596495071,14.666666666666666,0.49836128814370717,0.6861083738945707,0.9594037038536817,0.9379744590672875
t-SNE,60.04353233830846,0.675654874264293,2.6666666666666665,0.6327407407407407,0.6758292741840096,0.9713454545454545,0.9488600931362624
GTM,49.87935323383085,0.5718275208002357,17.333333333333332,0.45095390819032594,0.572701420328669,0.9559828710265236,0.8282955713032328
