method,nn_overlap_best,AUC,kmax,Qlocal,Qglobal,trust_20,cont_20
PCA,61.50609080841639,0.9075816226467851,177,0.7443322472062279,0.9485766131102814,0.9787848845142109,0.9895588407949306
UMAP,70.68106312292359,0.8297990054286002,26,0.6422047734022821,0.8359995235022648,0.9878924438436666,0.9857625806369726
t-SNE,74.78959025470652,0.8452946845504666,13,0.7063566032835136,0.8479950118330755,0.9899432963029952,0.9855382408844127
GTM,63.073089700996675,0.728761872318149,27,0.6004754389504284,0.7331576328393321,0.9790342919336056,0.9472359882848321
