method,nn_overlap_best,AUC,kmax,Qlocal,Qglobal,trust_20,cont_20
PCA,36.74346201743462,0.8267437123623529,284,0.5416700681265352,0.8884651805795543,0.9211494463201901,0.9701589524841983
UMAP,61.70921544209216,0.7876152100374345,14,0.5588623076848036,0.7898914244572326,0.9809367087006714,0.9686735279041265
t-SNE,65.36737235367373,0.8092109693439339,7,0.633443252768106,0.810281570744286,0.9851024581336333,0.9742042198942161
GTM,54.526774595267746,0.6976378235734262,13,0.4832791355806012,0.6995460161904232,0.9727261463576963,0.9143261365563049
