method,nn_overlap_best,AUC,kmax,Qlocal,Qglobal,trust_20,cont_20
PCA,22.30607966457023,0.5809146581784909,23,0.1757071105890752,0.6011148260427549,0.6752050070311602,0.8068510966966459
UMAP,37.55765199161426,0.593308433876016,19,0.3232599355104564,0.6044915302736673,0.7790767229863766,0.8372628010545566
t-SNE,35.68134171907757,0.5808043510860897,15,0.32478100554620476,0.5890018294964715,0.7644533184962943,0.8104878146121358
GTM,45.62893081761006,0.6490884740398162,19,0.40332585475892185,0.6595583802597599,0.8488436734818445,0.8709050828596985
