method,nn_overlap_best,AUC,kmax,Qlocal,Qglobal,trust_20,cont_20
PCA,15.46661608497724,0.6129248980137408,148.33333333333334,0.22177552206599974,0.6375727754260345,0.7431315353985287,0.9068631571843152
UMAP,45.92943854324734,0.5881862242657518,15.0,0.39895806277672946,0.5893507921191286,0.8980727056759128,0.879751277586556
t-SNE,48.05955993930197,0.6021427734328827,12.333333333333334,0.4529970812188761,0.6029208517267767,0.9081293109266383,0.9144741742592967
GTM,46.31638846737481,0.5846873615740903,30.0,0.4215774645991508,0.5866922835488325,0.9102921428089356,0.8577290922588917
