method,nn_overlap_best,AUC,kmax,Qlocal,Qglobal,trust_20,cont_20
PCA,41.839080459770116,0.704420789264932,60,0.4626949306493868,0.7441522898033599,0.8795638151258116,0.9383334043732151
UMAP,55.344827586206904,0.6828722985457697,6,0.42452107279693485,0.6870070683416649,0.9067331599960218,0.9227466859895145
t-SNE,56.49425287356322,0.6825520233201446,22,0.5197467253204998,0.6918798981683039,0.917019450719634,0.9228111902021795
GTM,62.54022988505747,0.7279501745311,15,0.5310802075744605,0.7358537191990855,0.9376241421934274,0.9517386300669196
