method,nn_overlap_best,AUC,kmax,Qlocal,Qglobal,trust_20,cont_20
PCA,9.793205317577549,0.5564586578282583,53,0.10570882991640138,0.5683965261890117,0.6381062661464127,0.7667490192936749
UMAP,36.44510093549975,0.5333940949888272,8,0.3306967450939017,0.534168308179672,0.7619211765251696,0.7723089537807571
t-SNE,38.79862136878385,0.5382265832593102,6,0.431000054707588,0.5385469919454845,0.7760559613912377,0.7830030429369517
GTM,41.38109305760709,0.5676963505744407,10,0.38049766320445794,0.5686206803788909,0.8448667990560214,0.7911424531853251
