method,nn_overlap_best,AUC,kmax,Qlocal,Qglobal,trust_20,cont_20
PCA,26.084033613445378,0.6471823333479544,70,0.28389683699781015,0.6957998993246834,0.741203861526896,0.8603624833458627
UMAP,61.462184873949575,0.6542145719325916,14,0.5275085115631333,0.6577521668968953,0.9363501574234654,0.9192924503725317
t-SNE,62.26890756302521,0.6729450886944432,15,0.5787033495604923,0.6759149834814816,0.9387050338292979,0.9158986535269555
GTM,61.655462184873954,0.6814016434657421,14,0.5543702199494517,0.685003598299601,0.9376857634107674,0.8909303242997819
