method,nn_overlap_best,AUC,kmax,Qlocal,Qglobal,trust_20,cont_20
PCA,16.989051094890513,0.6953724700303613,233,0.3920244619616667,0.7777946637435467,0.8218107653101419,0.8844713680907836
UMAP,28.485401459854014,0.6430716892825903,196,0.37722297571126223,0.7012334570098372,0.8121221916991783,0.8308849294563739
t-SNE,29.338503649635033,0.6843009029846052,206,0.3973149746992464,0.7511018947635225,0.8462990285908059,0.883999749954615
GTM,41.03558394160584,0.6912956245364072,97,0.44057602368717397,0.715877268240637,0.912504110335095,0.9008764005110517
