method,nn_overlap_best,AUC,kmax,Qlocal,Qglobal,trust_20,cont_20
PCA,48.4959349593496,0.827366760399748,99,0.5628183269954651,0.8793119607382406,0.9333793736568674,0.9677386690034565
UMAP,67.07317073170732,0.7864454086763945,18,0.6073139683645024,0.7926356087736511,0.9761442967723091,0.96942616509142
t-SNE,68.96747967479675,0.7948002694624396,8,0.6822977158343012,0.7971279311692725,0.9775079805545703,0.9695200539687177
GTM,60.951219512195124,0.7295944314524572,21,0.5440695041255355,0.7367538803500279,0.9646123780313937,0.943437584760792
