method,nn_overlap_best,AUC,kmax,Qlocal,Qglobal,trust_20,cont_20
PCA,61.27201565557729,0.8295341907677187,25,0.5530379292934878,0.8447827380652538,0.9475387469429064,0.9734753223057359
UMAP,71.0958904109589,0.7147507547993541,15,0.6323781625347183,0.7181481717693776,0.9766887069283261,0.9627159820066752
t-SNE,75.83170254403132,0.7661004703146622,11,0.7252982656514056,0.7681074635465017,0.9824110973769578,0.9722205139379031
GTM,69.66731898238747,0.7557053678111115,12,0.6052631842137713,0.7602381492857533,0.9676845099792087,0.9559888488629954
