method,nn_overlap_best,AUC,kmax,Qlocal,Qglobal,trust_20,cont_20
PCA,50.85176991150443,0.807801283301936,51,0.5191049470975092,0.8457175058635983,0.9232502965599051,0.9575063773501716
UMAP,70.27654867256638,0.7566266281513314,12,0.6080346833803693,0.7617886576112766,0.9600100777879256,0.9547276372836162
t-SNE,70.69690265486726,0.7477155720950467,7,0.7177758714105111,0.7493228730234296,0.9707374106383648,0.9523559453699912
GTM,65.47566371681415,0.7295958144130863,11,0.6055859711933727,0.73362974691099,0.9634467609359746,0.9202762993522922
