method,nn_overlap_best,AUC,kmax,Qlocal,Qglobal,trust_20,cont_20
PCA,56.208530805687204,0.8661594516837915,87,0.6346426297047392,0.904316722850278,0.9661566799735174,0.9821275228936829
UMAP,68.92575039494471,0.8122128160795631,14,0.5786144501953574,0.8183279961912885,0.975129430427458,0.9749621443039468
t-SNE,71.77725118483413,0.8270953390657134,13,0.6810915074312814,0.8310664593247407,0.9805394846381258,0.978244544518954
GTM,65.80568720379148,0.738841869485308,14,0.5873382325565805,0.7429269035542228,0.967774216174051,0.9377763793566826
