method,nn_overlap_best,AUC,kmax,Qlocal,Qglobal,trust_20,cont_20
PCA,42.80399274047187,0.7231018166757172,34,0.40186910598081105,0.74471370264049,0.8611859321363131,0.9419047718670621
UMAP,66.47912885662431,0.7148103362627479,18,0.5679778924436588,0.7204985244369274,0.9689808591836343,0.9665167340491744
t-SNE,66.71506352087114,0.7174836110733015,11,0.620095414036183,0.7201733155129166,0.9682397387685651,0.9653559766453798
GTM,68.2486388384755,0.7412748587570569,17,0.5994887671110204,0.746597776328342,0.9713928565824778,0.9503693398257643
