method,nn_overlap_best,AUC,kmax,Qlocal,Qglobal,trust_20,cont_20
PCA,20.43742405832321,0.6855316544532372,327,0.3570516424784526,0.7672180683896201,0.8004877754348912,0.9151418912998432
UMAP,53.150060753341435,0.688343524751134,17,0.4676537895735269,0.6907872550716481,0.9551354718659945,0.9435466826720038
t-SNE,55.47083839611179,0.7012043557913675,5,0.5535135682462535,0.7018265966115076,0.9674199065628275,0.9515586212394885
GTM,52.79161603888214,0.6890015051202446,33,0.49557559928835665,0.6931061349310423,0.9594955347892323,0.9209895555397608
