method,nn_overlap_best,AUC,kmax,Qlocal,Qglobal,trust_20,cont_20
PCA,20.811752988047807,0.7332325571274637,405,0.41743229579991364,0.8133093535085183,0.842900647725155,0.9257577276230099
UMAP,54.79830677290837,0.6955565384356449,20,0.48023309465760733,0.6978475172774039,0.9587596138832786,0.9444138238449489
t-SNE,57.238545816733065,0.7078578770469368,3,0.6108621071270474,0.7081646913445246,0.9674626399584972,0.9562976035176614
GTM,53.34661354581674,0.6983789562589285,43,0.5083895025139257,0.7026809453042404,0.9650788124367259,0.9351708085483603
