method,nn_overlap_best,AUC,kmax,Qlocal,Qglobal,trust_20,cont_20
PCA,38.549270072992705,0.8159218694100339,173,0.5202853431051764,0.8719483303050434,0.9020871939084834,0.9639509911045498
UMAP,60.93065693430657,0.7640690694235233,24,0.5457932465404425,0.7693211303973319,0.9737377845978894,0.9738381880957845
t-SNE,64.8220802919708,0.793853160278141,15,0.6211979091130552,0.7966621915121327,0.9825136497377949,0.9776982209099597
GTM,54.995437956204384,0.7411304577494511,43,0.5254233523925185,0.750275830935739,0.9630420076246716,0.9349797651628549
