method,nn_overlap_best,AUC,kmax,Qlocal,Qglobal,trust_20,cont_20
PCA,37.532051282051285,0.7080113465529739,62,0.3957540596081229,0.7564145677859055,0.8424490842490843,0.905421978021978
UMAP,65.52350427350427,0.7290906432253244,15,0.5775106999679649,0.7349707653788299,0.9511277167277167,0.9521543345543345
t-SNE,65.51282051282051,0.7121116560714997,13,0.6107785751030327,0.715823169263376,0.9426605616605617,0.9400918192918193
GTM,68.54700854700855,0.7107879619266821,12,0.6131212537462537,0.714227921071054,0.9609494505494506,0.93266105006105
