method,nn_overlap_best,AUC,kmax,Qlocal,Qglobal,trust_20,cont_20
PCA,23.384520884520885,0.6677864420506785,181,0.34498886082023617,0.7083075309722752,0.7952966090290035,0.9218286980963037
UMAP,58.39373464373464,0.641634247691525,22,0.5160744827574875,0.6434984419097889,0.9540289072683439,0.941171671030826
t-SNE,60.340909090909086,0.6323172585427702,20,0.5790085081201742,0.6331280217016045,0.9600995681981598,0.9434438984438984
GTM,56.02579852579852,0.6817135397094081,33,0.5226669275710363,0.6851731421480817,0.95298270101087,0.9225876773059871
