method,nn_overlap_best,AUC,kmax,Qlocal,Qglobal,trust_20,cont_20
PCA,50.203520352035206,0.8701201505837116,141,0.6166616039639681,0.9175847236890674,0.9466908728436874,0.9803848569262162
UMAP,69.33993399339934,0.7804713769164877,18,0.5915270932373867,0.7848294121484108,0.983183782237074,0.9780194012571434
t-SNE,72.60726072607261,0.8331092310111801,20,0.6636044035385311,0.8375616925593484,0.9896265323743529,0.9840149068976334
GTM,58.8943894389439,0.6782298384824426,17,0.5364529144651793,0.6812393719507505,0.9578251507563961,0.9196243471814455
