method,nn_overlap_best,AUC,kmax,Qlocal,Qglobal,trust_20,cont_20
PCA,35.981256890848954,0.7267336528002714,66,0.3984400281331162,0.7528282031479224,0.8851679055781521,0.9410789882331188
UMAP,48.31312017640573,0.686004069850635,12,0.4059898281921435,0.6899492229494837,0.9208886828753481,0.9332717389185086
t-SNE,48.13120176405733,0.6889612359962017,16,0.44035974247178766,0.6936274401291298,0.9225197818073412,0.9319137267283492
GTM,54.818081587651605,0.7055049781630597,19,0.48936570889527087,0.7104260971280271,0.9510881645011136,0.9480971665520943
