method,nn_overlap_best,AUC,kmax,Qlocal,Qglobal,trust_20,cont_20
PCA,42.83702213279678,0.7052515204199202,33,0.3978749456249622,0.7275984019046052,0.8503848385058475,0.9160428810806964
UMAP,71.53923541247484,0.6929987356021275,18,0.6072991245390839,0.6970944966719138,0.9743474782241143,0.9447766987778763
t-SNE,71.85110663983903,0.7223342489415724,17,0.646251221291602,0.7259498474253512,0.9700984039283935,0.9587169318159763
GTM,73.68209255533199,0.7069447684627256,18,0.6476413671848537,0.7101100063375966,0.9790828572722509,0.9460809875329146
