method,nn_overlap_best,AUC,kmax,Qlocal,Qglobal,trust_20,cont_20
PCA,33.96139705882353,0.7336244615181732,194,0.5343033909825383,0.8462538176114102,0.8619852225213357,0.9083006973480726
UMAP,47.849264705882355,0.7338709954315221,20,0.40270086915317815,0.7469663329182217,0.915397144739103,0.9238635875479695
t-SNE,49.751838235294116,0.7502214096156894,10,0.4245537173202615,0.7567766972819532,0.9208758734749986,0.9177596440231399
GTM,58.244485294117645,0.7401613540281047,25,0.5212829105101356,0.7513934147305297,0.9415716822269317,0.9434324703591271
