method,nn_overlap_best,AUC,kmax,Qlocal,Qglobal,trust_20,cont_20
PCA,43.05497564370216,0.8923039001541957,337.0,0.66159651710033,0.9285935513593354,0.9742746547884188,0.990510305729905
UMAP,63.19589422407794,0.8695909769370979,12.333333333333334,0.5576227274648429,0.87134126158933,0.9906375163663359,0.9863931700074239
t-SNE,67.99582463465553,0.8358861223474987,8.0,0.6729672619047619,0.8366256285078291,0.9936020597961801,0.9857640089086859
GTM,54.82602644398051,0.6498728611802881,26.0,0.5066820357080583,0.6514629380210551,0.9788107336167915,0.9231215927650672
