method,nn_overlap_best,AUC,kmax,Qlocal,Qglobal,trust_20,cont_20
PCA,40.13274336283186,0.8654633998161574,492,0.6372829326576295,0.9221529969730659,0.950727003412144,0.9841866314525669
UMAP,64.18543845534997,0.803100948492333,16,0.5598006263759483,0.8048581995635594,0.9879882421994856,0.9782062875253528
t-SNE,68.66049879324216,0.7912101714720415,8,0.6605557790292303,0.7918301868608331,0.9913544192007926,0.9821425312640627
GTM,58.89380530973452,0.6389350448869049,24,0.5380289074060733,0.6400141880302276,0.9802649756166604,0.9329793248217303
