method,nn_overlap_best,AUC,kmax,Qlocal,Qglobal,trust_20,cont_20
PCA,26.12696148359486,0.8236995392553949,429.6666666666667,0.5512754625676127,0.8805450094512143,0.9264838145373556,0.973761128433556
UMAP,48.860556348074184,0.8092480893221117,279.6666666666667,0.5597784779243965,0.8409050359951191,0.981070316528312,0.9661691084565027
t-SNE,52.958273894436516,0.790174251097313,2.0,0.5715666666666667,0.7905003686533861,0.9855009813052575,0.9718880853074171
GTM,39.607703281027106,0.6393696722471568,41.333333333333336,0.38470614798222974,0.6436690635181453,0.9524094297091179,0.8703782790038469
