method,nn_overlap_best,AUC,kmax,Qlocal,Qglobal,trust_20,cont_20
PCA,63.45498783454988,0.8877520225571934,42,0.6327202410759953,0.9187041410241444,0.9700291906858373,0.9832036857637058
UMAP,71.39902676399026,0.8316915549200816,26,0.6511265201014509,0.8454199985609266,0.9814052453712141,0.9811107807309501
t-SNE,74.02676399026764,0.8430789633944725,10,0.6870721816707218,0.8484262325822823,0.9839345719392143,0.9828302496075403
GTM,65.8029197080292,0.7838784196858208,23,0.6066616617297731,0.7956029902225028,0.9667728146151657,0.9487506834073491
