method,nn_overlap_best,AUC,kmax,Qlocal,Qglobal,trust_20,cont_20
PCA,38.34609494640123,0.7372593349355772,54,0.38334371605475953,0.7695987282195232,0.8554106164320375,0.9270004981641727
UMAP,68.04747320061256,0.6542271409207331,18,0.5758182998684981,0.656986431648354,0.9435776797849899,0.9512251763562674
t-SNE,68.79019908116386,0.6727821329920313,18,0.6406339881263312,0.6742644059081272,0.9442832278578326,0.9542442972502567
GTM,67.43491577335375,0.7202451294691988,19,0.6000753927164345,0.7244804445010438,0.9508754774073322,0.9332619913036526
