method,nn_overlap_best,AUC,kmax,Qlocal,Qglobal,trust_20,cont_20
PCA,36.134301270417424,0.759811940591478,126,0.5107527162469072,0.835071252125562,0.8870901042729052,0.9359508778903435
UMAP,60.58076225045372,0.7390551475838248,21,0.5530455632843154,0.7471126578058294,0.9499125683631716,0.9437501634439871
t-SNE,60.07259528130672,0.7631941024199567,5,0.5638233514821537,0.7657255504865302,0.9428425480874003,0.9505143909161755
GTM,61.67876588021779,0.7797990110609616,28,0.587214280011423,0.7909466093903387,0.9560249376297745,0.947889001047785
