method,nn_overlap_best,AUC,kmax,Qlocal,Qglobal,trust_20,cont_20
PCA,19.9021207177814,0.6349241342768684,137,0.3141153462272501,0.7278251212572071,0.7440516981845424,0.8262351483242198
UMAP,44.37194127243067,0.6416388867012127,13,0.40094747314285517,0.6470157271121795,0.8918279901140524,0.8509091290984324
t-SNE,45.774877650897224,0.652899231191493,3,0.43746601413811853,0.654147967225669,0.8937102409174608,0.8545866735746942
GTM,46.98205546492659,0.6447506378471213,11,0.42279824044987924,0.6489968756055743,0.9259186859811382,0.8182392931407487
