method,nn_overlap_best,AUC,kmax,Qlocal,Qglobal,trust_20,cont_20
PCA,17.827070285316633,0.6701383631978466,619.3333333333334,0.34584130754361403,0.7771297684403381,0.7724175798069784,0.8932049240736992
UMAP,54.3249826026444,0.6634979005628536,15.333333333333334,0.47550920674849845,0.6647424968987105,0.9601235445771747,0.9329734602146184
t-SNE,56.51530967292972,0.6768782216797916,9.333333333333334,0.5542651164021163,0.6774410713140121,0.9662468920834177,0.9410257784976718
GTM,49.71990257480863,0.5626228443232592,14.333333333333334,0.436782693667884,0.5633725639756295,0.9571707390159951,0.8160415522710399
