method,nn_overlap_best,AUC,kmax,Qlocal,Qglobal,trust_20,cont_20
PCA,36.24054462934947,0.6869924841715769,71,0.41182853954492754,0.7205861758269141,0.8652510254690644,0.9199813801931805
UMAP,52.473524962178516,0.6869251012903674,26,0.4618761791998722,0.6965223041039663,0.9167597457052672,0.9215940570183595
t-SNE,53.44931921331316,0.6813917252938747,14,0.455668680549813,0.68661860791756,0.9209351654007517,0.9219261422327691
GTM,59.167927382753405,0.6955975867645897,27,0.5372166950950175,0.7028388289563875,0.9193210488997878,0.9282226842515066
