method,nn_overlap_best,AUC,kmax,Qlocal,Qglobal,trust_20,cont_20
PCA,24.466759002770083,0.6752584956218333,180,0.3377817210612504,0.7234692201336288,0.8190328323928247,0.9166942580792458
UMAP,59.927285318559555,0.6541514085034235,22,0.522044944355087,0.6563777333664434,0.9619119942540618,0.939229256467365
t-SNE,62.03601108033241,0.6739828722120407,3,0.6097260695598646,0.6743240433998542,0.9612200124051121,0.9475353168447901
GTM,58.88850415512466,0.6330373021892678,30,0.5365664542082893,0.6352588893822588,0.9667205185062521,0.8984667781101703
