method,nn_overlap_best,AUC,kmax,Qlocal,Qglobal,trust_20,cont_20
PCA,39.154929577464785,0.7498969906568245,32,0.3600543558373417,0.7653647675857793,0.8838505367771653,0.946557453873168
UMAP,69.56572769953053,0.7253798049824564,23,0.5948780184365181,0.7295261822302488,0.98484379598753,0.9737357804771416
t-SNE,70.15258215962442,0.7468959350412225,20,0.6413808921713401,0.7499789454874551,0.9823717206872805,0.9698798287799428
GTM,69.04342723004694,0.7420931270385822,25,0.609184431107911,0.7466672322705643,0.9814769015798993,0.9570460396789339
