method,nn_overlap_best,AUC,kmax,Qlocal,Qglobal,trust_20,cont_20
PCA,14.46131805157593,0.6722968995640644,194.33333333333334,0.24934476744754006,0.7079791960920317,0.7689468502395895,0.8976042356752378
UMAP,48.806590257879655,0.6414391065188374,13.0,0.43109415638458676,0.6425894289948318,0.945197135722481,0.9100545805493688
t-SNE,52.01002865329512,0.6544838969956205,4.666666666666667,0.5141795555555556,0.6548238453377594,0.9559700182223122,0.924476528312074
GTM,45.627507163323784,0.6075288899561188,30.0,0.43826017081593377,0.6096114818842024,0.955365814942296,0.8633749152999933
