method,nn_overlap_best,AUC,kmax,Qlocal,Qglobal,trust_20,cont_20
PCA,27.9874213836478,0.7133832989497838,129,0.4209449089600736,0.8233484246576882,0.8136667441385479,0.882077467185963
UMAP,56.44654088050315,0.722001689185833,15,0.4966196382234118,0.7299736305784944,0.9138167578721996,0.9233340610994903
t-SNE,55.272536687631025,0.7215251614155663,3,0.5090845562543675,0.723484662925626,0.9136031232906299,0.917425069431239
GTM,57.306079664570234,0.7318954811830517,18,0.5164864386187402,0.7410519297784872,0.937404832836809,0.9153030441754058
