method,nn_overlap_best,AUC,kmax,Qlocal,Qglobal,trust_20,cont_20
PCA,48.32309582309583,0.8799417234393762,332,0.6819264805414554,0.9312854361125787,0.9691409335071307,0.9879153160843301
UMAP,65.8445945945946,0.8406870807244887,25,0.5911310084756404,0.8449000076528165,0.9902912451504001,0.9867249387671923
t-SNE,69.5945945945946,0.8571703417915921,35,0.6749386837413164,0.8615426144154504,0.993506034844063,0.9893248049586078
GTM,56.47113022113022,0.7078975630039628,34,0.5278454422912465,0.7119324055600376,0.9778258988822369,0.947461751123723
