method,nn_overlap_best,AUC,kmax,Qlocal,Qglobal,trust_20,cont_20
PCA,39.02503793626707,0.8633758562055692,406.6666666666667,0.6130339309148524,0.9123419947854746,0.9597697779577512,0.9855841533373827
UMAP,63.77845220030349,0.8236236754234888,13.0,0.5552817461489806,0.8252134617632935,0.9874823918472025,0.9819894013632989
t-SNE,68.00075872534143,0.8429555580657042,10.666666666666666,0.645926119944029,0.8440132409487792,0.9925038482823783,0.9845400634406425
GTM,56.500379362670714,0.6503702643190371,24.333333333333332,0.5184060441288156,0.651759316631885,0.9797602888573934,0.9156281676452723
