method,nn_overlap_best,AUC,kmax,Qlocal,Qglobal,trust_20,cont_20
PCA,22.51219512195122,0.6610227661930599,153,0.33050809190207575,0.7372347414305109,0.7736006116869275,0.8677845657177281
UMAP,53.43902439024391,0.6578618199600346,12,0.48146576464411844,0.6607513787720075,0.9249974513044688,0.8923949242342328
t-SNE,53.84756097560975,0.6630567536778582,10,0.5438081204026326,0.6648313028973594,0.9253465453590571,0.8998137135266223
GTM,54.37804878048781,0.6696810284182507,12,0.4942513073534415,0.6725583815501183,0.9441297363258623,0.8764775483093653
