method,nn_overlap_best,AUC,kmax,Qlocal,Qglobal,trust_20,cont_20
PCA,18.441240478781285,0.671347190336617,218,0.3455651213250436,0.7153190480756072,0.8186253474746289,0.9261861997450473
UMAP,40.82970620239391,0.6261261095282207,31,0.3622703447198559,0.6306857894149076,0.8909046004361587,0.9161652797782183
t-SNE,42.40206746463547,0.6397381327728484,28,0.39413257238084665,0.6435815395367979,0.9052953101648463,0.9195477675084319
GTM,45.410772578890096,0.6594078788670378,38,0.42203396559912665,0.6645070079401495,0.9366419690655396,0.9120510597693987
