method,nn_overlap_best,AUC,kmax,Qlocal,Qglobal,trust_20,cont_20
PCA,27.495238095238093,0.6773973673327092,122,0.3859706770202729,0.7665941880112266,0.805517839087101,0.8670110260484376
UMAP,46.609523809523814,0.6730834834267889,6,0.3814497354497354,0.6767076219607983,0.9014423419519476,0.8690581154605421
t-SNE,46.39047619047619,0.6733967572096484,6,0.48387301587301584,0.6759562110160854,0.8993320814675718,0.8609321585054649
GTM,51.04761904761905,0.6545894623925917,8,0.4484628684807256,0.6581133316933258,0.9344072415619433,0.8283098849246473
