method,nn_overlap_best,AUC,kmax,Qlocal,Qglobal,trust_20,cont_20
PCA,30.212854757929886,0.6819484951801056,123,0.4078509453508713,0.7135736344133518,0.8535647206443286,0.9483024169475893
UMAP,46.982470784641066,0.6880103798346257,36,0.43829445159874836,0.6959125679396402,0.9115677807051724,0.9346057848019361
t-SNE,46.744574290484145,0.6875520686967329,20,0.4299194998533228,0.6920653403397964,0.914093868081349,0.9370224821526241
GTM,54.34056761268782,0.6854237208670592,25,0.4759599677990074,0.6900981334034577,0.9419256934290913,0.9463990305040878
