method,nn_overlap_best,AUC,kmax,Qlocal,Qglobal,trust_20,cont_20
PCA,47.84146341463414,0.8203225129153202,142,0.5562015562850268,0.8765308326351862,0.9266921793663788,0.96394584408162
UMAP,61.79878048780488,0.7560765923355175,12,0.5530999601121552,0.7595904176413452,0.9593917113331994,0.9593950323607099
t-SNE,65.8841463414634,0.7767449359720568,5,0.6292235772357724,0.7782092050737234,0.9706927817853226,0.9606836682679682
GTM,59.756097560975604,0.693779929711792,16,0.5545295964198403,0.6969224014838183,0.9622749038446686,0.8897271351117564
