method,nn_overlap_best,AUC,kmax,Qlocal,Qglobal,trust_20,cont_20
PCA,42.901307966706305,0.8407068141022711,130,0.5644217101751158,0.8921426339134905,0.9395151772111137,0.9704179903921553
UMAP,56.230677764565996,0.8216366422251337,93,0.6052949505626477,0.8493006632085315,0.972396188257421,0.9714047420119845
t-SNE,58.06777645659928,0.822368178533069,82,0.6209266118346691,0.844871656829211,0.9774622027623471,0.9695778724690283
GTM,48.28775267538645,0.7083361668962511,33,0.4438914164344652,0.7194430480563301,0.955478004578727,0.9050675549289534
