method,nn_overlap_best,AUC,kmax,Qlocal,Qglobal,trust_20,cont_20
PCA,35.95398009950249,0.8635013403943569,331.3333333333333,0.6167109944818462,0.9015069653012112,0.9640194911250591,0.9858909495849363
UMAP,57.788557213930346,0.825592313448575,356.6666666666667,0.6408753850930861,0.8566196678910103,0.9873948815549706,0.9823289599784032
t-SNE,62.85074626865672,0.8182201480388983,4.333333333333333,0.628067111111111,0.8187361693744354,0.9907871094013633,0.981484135789971
GTM,48.56716417910448,0.6626604286913319,11.0,0.43484288333066107,0.6637204451123855,0.9726649470203146,0.8878941216170615
