method,nn_overlap_best,AUC,kmax,Qlocal,Qglobal,trust_20,cont_20
PCA,16.22204786190663,0.6640735293377392,227.0,0.28696402220283584,0.7017883182144042,0.7835643355605048,0.9185745292569346
UMAP,50.641428010984704,0.6457008527173081,19.0,0.4577689788737083,0.6472032409750063,0.9521913450766011,0.9239059782682054
t-SNE,53.07179285994508,0.657802369903573,18.0,0.5152125412780151,0.6589134021720828,0.964773846257677,0.9475099331848553
GTM,47.80894468418988,0.6483264386318351,75.33333333333333,0.4851051684509425,0.6534754393000175,0.9615002686103801,0.9106982439090235
