method,nn_overlap_best,AUC,kmax,Qlocal,Qglobal,trust_20,cont_20
PCA,39.38009787928222,0.7860679589456819,107,0.48551429456838807,0.8506782686533361,0.8824126752970335,0.9443283926933606
UMAP,57.88743882544861,0.7655451848959017,15,0.5212924158193326,0.7722614756926223,0.9568243143899349,0.9465775157706068
t-SNE,62.12071778140293,0.7798553466426089,17,0.5935604946654468,0.7858558095868453,0.9674959567034705,0.9530802568105917
GTM,52.80587275693311,0.6722961902960293,18,0.48176740711406296,0.6784165368271199,0.9344537873961171,0.8810824132354074
