method,nn_overlap_best,AUC,kmax,Qlocal,Qglobal,trust_20,cont_20
PCA,62.76769509981851,0.9004150864348651,70,0.6724564366948069,0.9351789037773525,0.9764086256583524,0.9866750001307552
UMAP,68.9382940108893,0.8641061558094031,15,0.5908402936715096,0.8728159973269958,0.9826161847030376,0.9812390710453964
t-SNE,72.02359346642469,0.86327588534442,8,0.670226212081929,0.867196258561209,0.9862095116555176,0.9787170649469744
GTM,62.10526315789474,0.7367825297152123,15,0.5788072947419589,0.7419105315468396,0.96037960846666,0.9159383602601854
