method,nn_overlap_best,AUC,kmax,Qlocal,Qglobal,trust_20,cont_20
PCA,30.92750533049041,0.5722637367731469,24,0.236688090269083,0.5902183742737912,0.7141028851507246,0.7843124335967986
UMAP,36.28997867803838,0.545407394597902,8,0.3221104299928927,0.5491189083608538,0.7138038428155686,0.7468526402034461
t-SNE,36.83368869936034,0.5457703184956697,3,0.3494432598910211,0.546872558760622,0.7304398353565289,0.7437199893998001
GTM,45.42643923240938,0.6116022094022202,9,0.42389469884139397,0.6154452284226214,0.814887445813772,0.8069637964275381
