method,nn_overlap_best,AUC,kmax,Qlocal,Qglobal,trust_20,cont_20
PCA,49.438131313131315,0.8485521346067008,135,0.6011428020310983,0.9004142671349077,0.9571993739098138,0.9751687094185453
UMAP,68.4911616161616,0.827732445423217,10,0.6020396424563093,0.8312971810750448,0.9842698985919603,0.9788159832069878
t-SNE,71.01010101010101,0.8620005042548337,10,0.6687912357704023,0.8652191033965172,0.9885228682093423,0.9778418624856576
GTM,62.42424242424243,0.7191488758424525,13,0.5811311349554357,0.7219124730320395,0.9780154632337823,0.9168219456548412
