method,nn_overlap_best,AUC,kmax,Qlocal,Qglobal,trust_20,cont_20
PCA,41.349914236706695,0.8729184876071109,314.6666666666667,0.63543962162507,0.9074300894868301,0.9648858068434906,0.9876167996220557
UMAP,59.308747855917666,0.8437791831626346,142.0,0.6086576972199006,0.8581364306049082,0.9873146574880205,0.9860268637375986
t-SNE,63.99828473413379,0.81678940903111,6.666666666666667,0.6313914965986395,0.8174760288519023,0.9909174893703178,0.9831171249240738
GTM,50.45454545454545,0.6988296979069276,25.666666666666668,0.4658598663077426,0.7013345541729222,0.9768354187757305,0.9355973408922185
