method,nn_overlap_best,AUC,kmax,Qlocal,Qglobal,trust_20,cont_20
PCA,20.12948207171315,0.6255020882300789,79,0.24973534979724418,0.6408882270224597,0.7953849582705839,0.9143131141678545
UMAP,53.44621513944223,0.6282742001447658,29,0.46992609347364894,0.6306849654409437,0.9382939292136133,0.9357072090903138
t-SNE,55.02988047808765,0.6224639259081861,29,0.5150603142716718,0.6241313080219373,0.93944132446195,0.9429825577588509
GTM,53.24452191235059,0.6173200660065639,29,0.4670052084835873,0.6196097333369222,0.9402730166565092,0.9094112802897134
