method,nn_overlap_best,AUC,kmax,Qlocal,Qglobal,trust_20,cont_20
PCA,22.994734532689776,0.7142564789630969,370,0.41748399887516574,0.7719828157496875,0.8502068123422538,0.9420396592218907
UMAP,58.68802106186924,0.6921827532165994,17,0.5073655302882101,0.6936976325103801,0.9680798070928862,0.9480766320445896
t-SNE,61.30100921456779,0.6893608237222801,10,0.5881326396289099,0.6899441098377846,0.9764173238987368,0.9520262886973647
GTM,56.15182097411145,0.6631744415068698,25,0.5080258008767933,0.6649991270775901,0.9770818105737304,0.9226568577774487
