method,nn_overlap_best,AUC,kmax,Qlocal,Qglobal,trust_20,cont_20
PCA,53.59374999999999,0.8350798434737915,72,0.5887040395240759,0.8768081964126688,0.9482330607476636,0.9706467419522327
UMAP,64.130859375,0.8263697267677557,14,0.5644462873745798,0.8346862475476823,0.9732255565290758,0.9747612847222222
t-SNE,68.330078125,0.8118173104992188,7,0.6571813881802722,0.8149564329408896,0.980647837162513,0.9706720940420561
GTM,58.18359374999999,0.7272321218131865,12,0.5630205749834656,0.7318440274700202,0.952459355529595,0.9134846751687435
