method,nn_overlap_best,AUC,kmax,Qlocal,Qglobal,trust_20,cont_20
PCA,50.865019011406844,0.8192754253382432,83,0.5702785885060627,0.8673292765216801,0.9365999317047342,0.9673523690399911
UMAP,72.72813688212928,0.7804584552471643,20,0.6004069397276681,0.7886094567059317,0.9867802619008338,0.9829271427639631
t-SNE,75.49429657794677,0.7973929273571136,19,0.7034259594590297,0.8020230631776759,0.987629924069477,0.9862778312799991
GTM,74.63878326996198,0.8125899351340935,29,0.674916335091498,0.8218447179997209,0.9861782659908761,0.9838510472580219
