method,nn_overlap_best,AUC,kmax,Qlocal,Qglobal,trust_20,cont_20
PCA,42.28943338437979,0.681993846905542,41,0.3891900388759493,0.7019384394642693,0.88301899789049,0.9330959365793957
UMAP,53.55283307810107,0.5861747336995556,17,0.4727278661670503,0.5894301141394527,0.8802537562193644,0.8703439792862107
t-SNE,52.7947932618683,0.5951148153982041,15,0.459709517129119,0.598511422745845,0.8720635682085155,0.8804362934125476
GTM,58.874425727411946,0.6812504178164404,18,0.5171471261194784,0.6863468750531316,0.9286984384705745,0.9242265232445863
