method,nn_overlap_best,AUC,kmax,Qlocal,Qglobal,trust_20,cont_20
PCA,25.19206145966709,0.6498687456692214,59,0.26694169282164687,0.6812261592160448,0.7748597819123572,0.8695072256566472
UMAP,54.66709346991037,0.6340988529443656,16,0.45747108905019435,0.6380375128299025,0.9274807831910609,0.8937149028261995
t-SNE,55.0640204865557,0.6542322189959912,13,0.5189895451517632,0.6567967628069488,0.9301768944476623,0.9078417205431121
GTM,57.43277848911652,0.659771031765772,15,0.49312412725985066,0.6633439162329763,0.9426628086610633,0.8737934846679252
