method,nn_overlap_best,AUC,kmax,Qlocal,Qglobal,trust_20,cont_20
PCA,20.049813200498132,0.5783511172298561,73,0.20820167730217212,0.5958849514793957,0.7165392749262622,0.8485288427678971
UMAP,48.234744707347446,0.5800969921106754,14,0.42509741303883813,0.5815169270209942,0.8360793367303586,0.8339180508826588
t-SNE,49.85678704856787,0.5879644857341598,12,0.47198688652222276,0.588913238131512,0.847326492647178,0.850099397174907
GTM,51.400996264009954,0.5811565709005978,15,0.4471824281755788,0.5824892233977935,0.8785740003074791,0.8354449337674928
