method,nn_overlap_best,AUC,kmax,Qlocal,Qglobal,trust_20,cont_20
PCA,37.133620689655174,0.7068511137045842,84,0.46179457626451575,0.7621875961527395,0.855691693513105,0.9109347034960029
UMAP,58.728448275862064,0.7571192133935528,17,0.4885716931233762,0.7681455781841601,0.9384162589985284,0.9478689396651155
t-SNE,60.98060344827586,0.7766006805885233,16,0.5456653647403242,0.785767382694649,0.9389427474843893,0.9487265342242374
GTM,60.40948275862069,0.7243469480259556,17,0.5359117443295942,0.7323064301580794,0.93349292049477,0.9318207353935489
