method,nn_overlap_best,AUC,kmax,Qlocal,Qglobal,trust_20,cont_20
PCA,12.972646822204345,0.5879239137905751,116,0.1884745065912341,0.6074255028846663,0.7020305607144255,0.8667428497570512
UMAP,41.82823813354787,0.5683659858389035,18,0.35134396921818245,0.5699451605023184,0.8754801516879784,0.8789445615462882
t-SNE,43.09332260659694,0.574974718057345,13,0.4013225713199412,0.5758933787788535,0.8825695530073276,0.8785342900900714
GTM,42.96057924376508,0.6036697935371499,22,0.3693615237579903,0.6057776409862844,0.9010559315428464,0.8798817421543539
