method,nn_overlap_best,AUC,kmax,Qlocal,Qglobal,trust_20,cont_20
PCA,42.690582959641254,0.801414463659351,97,0.5276980528495328,0.8793311217802877,0.8955081402815777,0.944290470717111
UMAP,63.44170403587444,0.8045470265536517,18,0.5721970348772863,0.8153888941971736,0.9631326458478359,0.9641452569436575
t-SNE,65.62780269058295,0.8015222686198855,6,0.5879795714997508,0.8054481812952031,0.9687925293962107,0.9606670875761549
GTM,56.69282511210763,0.7183953765434632,25,0.5230778147908746,0.7307658248213389,0.9503332200115481,0.8904866361237473
