method,nn_overlap_best,AUC,kmax,Qlocal,Qglobal,trust_20,cont_20
PCA,55.75425790754258,0.8405385544899473,56,0.5790438705277695,0.883497989477193,0.9423629428559553,0.9677706692756042
UMAP,70.36496350364963,0.7758944485711908,12,0.60283655697281,0.7823469224561839,0.9712124845334126,0.966633735224813
t-SNE,72.78588807785889,0.8216831995163835,12,0.6670173522971576,0.8277466626358857,0.974766842194449,0.9762880829744446
GTM,63.394160583941606,0.7697241683161234,12,0.5712682086769678,0.7767536213271587,0.9490272435743723,0.9268771721163407
