method,nn_overlap_best,AUC,kmax,Qlocal,Qglobal,trust_20,cont_20
PCA,41.206896551724135,0.7608514634822797,92,0.5195327859150152,0.827271481873584,0.8790722191438274,0.9357640339286475
UMAP,60.60919540229885,0.7275752791966064,17,0.5372232407827803,0.7361665589395633,0.9327971243055851,0.946746231334271
t-SNE,60.47126436781609,0.7520091262800636,10,0.5598856960408684,0.7573940934900432,0.9389548612591109,0.9484719321427049
GTM,61.149425287356316,0.7566392172724835,18,0.5359309941262838,0.7670954797296591,0.9417924782973162,0.9350777886705597
