method,nn_overlap_best,AUC,kmax,Qlocal,Qglobal,trust_20,cont_20
PCA,54.19741697416974,0.8375246115399885,71,0.5698915840499171,0.8791249027035175,0.9475369093866892,0.9656777872764065
UMAP,67.03874538745389,0.8232345699896292,22,0.5846054593136603,0.8343317741549351,0.9733788906804024,0.9767670154707412
t-SNE,69.12361623616236,0.834204084278665,18,0.6364675319173908,0.8420280573309652,0.9770701900567392,0.9779658265790869
GTM,60.11070110701107,0.7910843616864344,25,0.5418452597610783,0.8039673823403326,0.9684431507071669,0.9467915075045179
