method,nn_overlap_best,AUC,kmax,Qlocal,Qglobal,trust_20,cont_20
PCA,35.530973451327434,0.7061986513773078,120,0.4292150694010193,0.7664360682983495,0.8433000763089259,0.9271296454482295
UMAP,71.41592920353982,0.7042642287495494,15,0.5920884163362039,0.7074376314914453,0.9759026662566486,0.9651071172310111
t-SNE,72.38200589970502,0.7510829879759308,9,0.7070987004000769,0.7524042637927225,0.9747734080477444,0.9708083051445884
GTM,71.82890855457227,0.7194120871435858,20,0.6467407078276726,0.7222955798827378,0.9755683876037858,0.9454864978758784
