method,nn_overlap_best,AUC,kmax,Qlocal,Qglobal,trust_20,cont_20
PCA,41.96166854565953,0.8496515410732328,140,0.5884827796976733,0.8995309851648563,0.9510031715819935,0.9735239704863202
UMAP,55.6369785794814,0.8566694154730793,115,0.6262948976742361,0.8918512294897528,0.9739455098652061,0.9758618851398978
t-SNE,58.46674182638106,0.8429798193402529,94,0.6310663706924763,0.8688629685722787,0.9779319363630201,0.9721963682457446
GTM,49.22209695603157,0.7000717858682214,21,0.4429968340075113,0.7065442125707148,0.9587639056989097,0.8957632824392816
