method,nn_overlap_best,AUC,kmax,Qlocal,Qglobal,trust_20,cont_20
PCA,35.8595229079894,0.8666273887315482,363.0,0.600955127598918,0.9120864255798634,0.9596425241276911,0.9840060255112371
UMAP,59.280575539568346,0.8413122060091535,15.0,0.5187777482322572,0.8434338641622635,0.98825843288115,0.9796102962812986
t-SNE,63.235516849678156,0.8140383115172422,8.0,0.6212625124926513,0.814842786746424,0.990076782074644,0.9772898319497875
GTM,50.728890571753126,0.6565983416185667,19.666666666666668,0.4477673747415614,0.6583190970399394,0.9738086387257879,0.9133307768104205
