method,nn_overlap_best,AUC,kmax,Qlocal,Qglobal,trust_20,cont_20
PCA,57.259389671361504,0.8536789093750603,73,0.6026028226844139,0.8779703898482099,0.967903382967719,0.982050397332259
UMAP,67.52934272300469,0.8024509117807136,12,0.5816382053544613,0.806180183661943,0.9790314008212391,0.9740805351484031
t-SNE,71.58450704225352,0.8169548097202576,7,0.6794764619462809,0.8187351168194839,0.9866767249877842,0.9809518400726942
GTM,63.8262910798122,0.7230959130272945,20,0.5926438631067741,0.7266747079938436,0.978146225700725,0.9246871776408093
