method,nn_overlap_best,AUC,kmax,Qlocal,Qglobal,trust_20,cont_20
PCA,15.223948811700183,0.6842433923339634,443.3333333333333,0.33184510930748246,0.7603375818218346,0.8034915407977324,0.9043628642775191
UMAP,52.31946983546618,0.6489899633501831,5.666666666666667,0.48159179138322,0.6494408626978109,0.9314128744010258,0.8830840575015185
t-SNE,54.81832723948812,0.6516048838367078,4.0,0.5545638888888889,0.651851797307823,0.9544741958561112,0.9054850536545859
GTM,46.090036563071294,0.5609767959972006,13.666666666666666,0.40935919926037867,0.5618161681991872,0.9417818316798273,0.7803962691503004
