method,nn_overlap_best,AUC,kmax,Qlocal,Qglobal,trust_20,cont_20
PCA,36.8077474892396,0.7764433041456694,121,0.4862892440697255,0.8383152551826003,0.8914772452080022,0.9485553239098871
UMAP,63.888091822094694,0.7642096941339933,25,0.5614123692031083,0.7724096931569532,0.9791958032549745,0.9707545250731622
t-SNE,66.52080344332855,0.7789470285543694,2,0.6438307030129125,0.7799589477808774,0.9809241406477874,0.9775119174341649
GTM,66.59971305595408,0.7653811033407647,37,0.6302129501987683,0.7737059645699211,0.9809908718212552,0.9691072337668348
