method,nn_overlap_best,AUC,kmax,Qlocal,Qglobal,trust_20,cont_20
PCA,15.505490344566454,0.6549694787957319,296.0,0.2702356205529523,0.7066931998680213,0.7650057771478705,0.8999173570898292
UMAP,50.27262400605831,0.6537022221376814,17.0,0.44024566636106427,0.6552281821568652,0.9476170965782548,0.9195829115205507
t-SNE,53.06323362362741,0.6648919875240579,9.333333333333334,0.5148034695767195,0.6655378433625917,0.9629343510832152,0.9324291260039145
GTM,47.182885270730786,0.6025954043902927,43.0,0.4545774451130073,0.605223635529956,0.9582875912802861,0.869123091044071
