method,nn_overlap_best,AUC,kmax,Qlocal,Qglobal,trust_20,cont_20
PCA,22.651195499296765,0.5572340210184574,21,0.16835356472472032,0.5687923168069122,0.6680124753144405,0.7562070166409864
UMAP,36.51195499296765,0.5441001934437026,7,0.31860989121386946,0.5462072772835409,0.7351720781133257,0.7510704567978166
t-SNE,34.985935302391,0.5451315348331713,22,0.3303549307063156,0.5518650513022315,0.7274720437008033,0.7547262447670747
GTM,42.76371308016878,0.5799233606210381,20,0.3860818162779845,0.5855610839567185,0.8086965507905063,0.7903444455811944
