method,nn_overlap_best,AUC,kmax,Qlocal,Qglobal,trust_20,cont_20
PCA,18.95731707317073,0.6192508808974395,137,0.2774669612412749,0.6880215861764605,0.7138459815567124,0.8446994083937039
UMAP,41.61585365853659,0.5752512441260544,13,0.3514740356579006,0.5788609796919827,0.7942556264384684,0.8088194905698265
t-SNE,41.49390243902439,0.5792881150853334,12,0.37650215130398057,0.5823164898830575,0.8019328380110907,0.8081887270424319
GTM,47.02439024390244,0.6346382811691405,12,0.4013104770116966,0.6382451458176122,0.8586943727891997,0.8453112497876087
