method,nn_overlap_best,AUC,kmax,Qlocal,Qglobal,trust_20,cont_20
PCA,64.52471482889733,0.8784427367001305,29,0.6198788162451463,0.8947310495839991,0.9671371238484766,0.981560661926924
UMAP,72.2148288973384,0.788875610936735,13,0.6404508469659098,0.7936951163013138,0.9820368103808804,0.9657771655929985
t-SNE,75.38022813688214,0.8373288231381171,12,0.7322932098003389,0.8410092003673482,0.9802147080377389,0.9751100206036841
GTM,68.16539923954372,0.7382506136133923,14,0.6506995712658395,0.7415351775706706,0.968899755595032,0.9478855325304163
