method,nn_overlap_best,AUC,kmax,Qlocal,Qglobal,trust_20,cont_20
PCA,37.32838589981447,0.7964518042785533,241,0.5366073460371402,0.8720481766021765,0.9168746596056517,0.9625127412648722
UMAP,66.15027829313543,0.7618825311876897,39,0.6171526279947691,0.7677683823615336,0.9822007961353342,0.9733006407162561
t-SNE,68.81725417439704,0.7958931614656556,39,0.684370194923123,0.800588063250976,0.9886526361466695,0.9874203532573802
GTM,66.83673469387756,0.7733757829234403,39,0.6353737953400894,0.7790651059433249,0.9879009568678849,0.979011516952192
