method,nn_overlap_best,AUC,kmax,Qlocal,Qglobal,trust_20,cont_20
PCA,30.32668881506091,0.7560120163252083,216,0.47409251782382106,0.8454852857910444,0.8703600541969303,0.9295368827880323
UMAP,61.37873754152824,0.7319313954699894,21,0.5265117015963255,0.7372284009906533,0.9642690553931974,0.9579506706394159
t-SNE,62.436323366555925,0.7661968349724639,12,0.5774811208642882,0.769177213114635,0.9740441762098322,0.9650644302500103
GTM,63.444075304540426,0.7463059102796046,36,0.5973588050707055,0.7529768488121947,0.9744509070370335,0.9512237781098979
