method,nn_overlap_best,AUC,kmax,Qlocal,Qglobal,trust_20,cont_20
PCA,41.824644549763036,0.6488963943215346,34,0.3635009297269605,0.6653297450282898,0.8364985283803006,0.9170561050913453
UMAP,60.260663507109,0.6222548541048468,19,0.49976657201946356,0.62642494089955,0.9237008777277406,0.8970929447470715
t-SNE,62.52764612954187,0.6737681922130996,17,0.526342351530941,0.6783399947400307,0.9261031903666267,0.9268313307506244
GTM,64.06793048973144,0.663555108153285,21,0.5519326518414444,0.6679034317008073,0.9383704024175205,0.9180106585907848
