method,nn_overlap_best,AUC,kmax,Qlocal,Qglobal,trust_20,cont_20
PCA,46.19565217391305,0.8013814860016039,101,0.546348348469087,0.8749600337590476,0.9233289467024346,0.9436285873361341
UMAP,67.47826086956522,0.7634146872581347,17,0.5450045635060491,0.7728179687753679,0.9674738067520372,0.9624039580908033
t-SNE,67.93478260869566,0.8024756355958651,16,0.6133201820447065,0.8104169863262931,0.9683112314622665,0.9664577111909702
GTM,68.79347826086956,0.7858436493464845,17,0.5903789761214163,0.7944387891404979,0.9694822088373741,0.9579009971149466
