method,nn_overlap_best,AUC,kmax,Qlocal,Qglobal,trust_20,cont_20
PCA,27.480068337129843,0.6999633804563156,123,0.36110145844988195,0.7256169449755061,0.8587230336325874,0.9529739984910781
UMAP,52.554100227790435,0.6738983175901507,32,0.47245735437813124,0.6777794086363788,0.9421823689808969,0.9425220084106222
t-SNE,53.98063781321184,0.7059153322082737,29,0.49886922485047014,0.7095489697805918,0.9438568035807521,0.9523608752274769
GTM,56.66002277904328,0.6864310103787992,32,0.5066095317791093,0.6899402874978652,0.9569893906820446,0.9623923507035365
