method,nn_overlap_best,AUC,kmax,Qlocal,Qglobal,trust_20,cont_20
PCA,43.103448275862064,0.7431802107006685,77,0.5078561456294511,0.7913071862130883,0.8938283021119198,0.9433077795012529
UMAP,69.66594827586206,0.7300699282221557,16,0.589557026314502,0.7360654281180574,0.9574439207731774,0.962790090681303
t-SNE,69.98922413793103,0.7516588279140263,16,0.6488973595250536,0.756366240728468,0.9528735632183908,0.9660275722865211
GTM,71.69181034482759,0.7434260040776237,16,0.6281203080250091,0.7485900419496404,0.9670604144294634,0.9531248757109334
