method,nn_overlap_best,AUC,kmax,Qlocal,Qglobal,trust_20,cont_20
PCA,67.99798792756539,0.8721303318600299,20,0.5907845876241467,0.8851388057460366,0.9768214862594646,0.986208138434034
UMAP,71.73038229376257,0.8083084777625978,19,0.6176262761554167,0.8170236359210283,0.9805751982419706,0.9815404754356795
t-SNE,76.69014084507042,0.8481557540198091,14,0.7005221727268294,0.8537099434741418,0.9873202775064104,0.9856271606056489
GTM,67.8672032193159,0.7176289234050567,19,0.6127649821562607,0.7226479681624889,0.966386097938111,0.9258114604022851
