method,nn_overlap_best,AUC,kmax,Qlocal,Qglobal,trust_20,cont_20
PCA,36.54040404040404,0.7595848756641458,186,0.5062426710257124,0.8382758623086954,0.9023038162319187,0.9425306081166226
UMAP,69.82323232323232,0.7156482965192351,18,0.6019231699510281,0.7188423938135653,0.9826940614284672,0.9692827818566492
t-SNE,68.73737373737374,0.7316159365952741,11,0.6368918010619113,0.7335254862575007,0.9805219794796288,0.9680238862691259
GTM,70.02525252525253,0.752500215814699,18,0.6239794166537087,0.7560818464114477,0.9829978212857399,0.9593037233795605
