method,nn_overlap_best,AUC,kmax,Qlocal,Qglobal,trust_20,cont_20
PCA,40.19569471624266,0.6898898136943786,45,0.3834074525725323,0.7200165186654519,0.8648733075257957,0.9171516949687519
UMAP,54.354207436399214,0.6427523834674812,23,0.4564086357517013,0.6519783834313597,0.8922282113991663,0.9163121015087431
t-SNE,56.81017612524462,0.6545155182728501,23,0.49379316771744025,0.6626055332845235,0.9028936752526621,0.9174756807060486
GTM,61.986301369863014,0.6931491207643373,23,0.533357910788009,0.7013808307499386,0.9367386793355748,0.9498624435163143
