method,nn_overlap_best,AUC,kmax,Qlocal,Qglobal,trust_20,cont_20
PCA,66.54311649016641,0.8917661502340996,95,0.7068222407584754,0.9241515880168013,0.9815238008400509,0.9903630502410857
UMAP,71.26323751891074,0.843684024047724,22,0.6270938972030567,0.8520462294690971,0.9833566280873547,0.9869783724705197
t-SNE,76.58093797276854,0.858950631931154,21,0.7134357293215049,0.8647228070799559,0.989648731105755,0.9886253615685747
GTM,64.4251134644478,0.7038702767843691,11,0.5726493226665142,0.7066510805454487,0.9614971908326245,0.9303808782262235
