method,nn_overlap_best,AUC,kmax,Qlocal,Qglobal,trust_20,cont_20
PCA,20.279214064115823,0.6528682600029531,147,0.29495150402062953,0.7172457173200072,0.755048970539275,0.8662783770458223
UMAP,42.21302998965874,0.6440169348330901,15,0.38482052475847717,0.6481827669099955,0.9083061366802286,0.8770757473949462
t-SNE,42.471561530506726,0.6450885965244925,3,0.42749626565552107,0.6458450594812297,0.9080509454828343,0.8739455971236606
GTM,44.71561530506722,0.6428659670468457,22,0.3896890555589938,0.6488702500076503,0.9384370836648371,0.84773963651542
