method,nn_overlap_best,AUC,kmax,Qlocal,Qglobal,trust_20,cont_20
PCA,22.166130329847146,0.7164308706616026,325,0.3486438682042771,0.7718732650565425,0.8401638710478537,0.9340603613180256
UMAP,54.796862429605795,0.6928327125626393,17,0.46930083222624225,0.6944701601935338,0.9632819292005911,0.9511746906684765
t-SNE,57.4597747385358,0.6729207852554437,11,0.5622166844548545,0.6735189391600624,0.9721375397604307,0.9577798899248129
GTM,50.55309734513275,0.6564710283060814,30,0.467638692808128,0.6588523019155244,0.9642394231151995,0.9152616083584669
