method,nn_overlap_best,AUC,kmax,Qlocal,Qglobal,trust_20,cont_20
PCA,23.46350832266325,0.5902549139264173,34,0.20430353909652535,0.6076595099771305,0.693188749113907,0.8095450664132575
UMAP,38.681177976952625,0.574711562935278,11,0.33948291972386957,0.5780360645105243,0.7758097248014768,0.7922224278991129
t-SNE,39.916773367477596,0.5804065966760542,9,0.3982695838329641,0.5825415085416469,0.7877148908836704,0.8030178771130813
GTM,46.280409731113956,0.5995831159992103,16,0.4047134033939812,0.6037468454019995,0.8520335141489114,0.8274171465715131
