method,nn_overlap_best,AUC,kmax,Qlocal,Qglobal,trust_20,cont_20
PCA,20.11689691817216,0.7173762856875139,415,0.4412092646570616,0.7958373602151229,0.8365887239085522,0.9268490981405489
UMAP,56.655154091392134,0.6863231383103772,19,0.49318924854414037,0.688431752758625,0.9622308419258533,0.9382558530966792
t-SNE,58.29968119022316,0.710441257666155,10,0.5661829909080175,0.7113792150750202,0.9669229906073227,0.9547446809792904
GTM,55.08235919234856,0.692809672553696,36,0.5190060625618047,0.6963466706975981,0.9674337778800713,0.9238071896784725
