method,nn_overlap_best,AUC,kmax,Qlocal,Qglobal,trust_20,cont_20
PCA,34.30300500834724,0.7788971527445973,204,0.497023000926802,0.8372720949563918,0.9001269067289165,0.9613599754051184
UMAP,57.65025041736227,0.7284986038516446,14,0.4980651587660292,0.73148611844255,0.9675328616931145,0.9606046122552577
t-SNE,59.490818030050086,0.7222875773712812,8,0.5659431145162572,0.7236141997790634,0.9733524110491075,0.9681325764210873
GTM,59.13188647746244,0.7392766390706411,33,0.5638012637374908,0.7445625665959348,0.9680659414513125,0.9576939438679026
