method,nn_overlap_best,AUC,kmax,Qlocal,Qglobal,trust_20,cont_20
PCA,59.044117647058826,0.8671155379998915,59,0.6218564978081526,0.8983031704566422,0.9586214488229566,0.9755357193997365
UMAP,68.34558823529412,0.8015378726258139,11,0.5865617054328619,0.8069115854076395,0.956733812074002,0.96147617274758
t-SNE,71.84742647058823,0.8239715152355686,9,0.6809617828612926,0.8274248628340728,0.9779098530843691,0.9750349032017871
GTM,62.28860294117647,0.7296020933900274,12,0.5493100041468608,0.7343442790311562,0.9580803596998683,0.9180066512973252
