method,nn_overlap_best,AUC,kmax,Qlocal,Qglobal,trust_20,cont_20
PCA,28.935873605947954,0.723376354928094,167,0.4500755888874335,0.7740475590064749,0.8755725991548129,0.9405896931263211
UMAP,43.09944237918216,0.6564140693471848,15,0.38691559060518166,0.6603164266002749,0.8947996280750037,0.8906471619384901
t-SNE,44.41449814126394,0.6975348722279274,14,0.41620131984908937,0.7013850978174705,0.9154683552630409,0.9183420181020091
GTM,49.061338289962826,0.7189845136862887,45,0.47536651095067955,0.7298729918571951,0.9400919412102496,0.9512671139722549
