method,nn_overlap_best,AUC,kmax,Qlocal,Qglobal,trust_20,cont_20
PCA,37.02575757575758,0.844147717966293,397.3333333333333,0.5844869956110048,0.8935238436501617,0.9457418694742525,0.9844589512046973
UMAP,64.82121212121213,0.7799719182726771,11.333333333333334,0.5855477161295495,0.7810298119414961,0.9859719592360126,0.9745816103124789
t-SNE,70.08939393939394,0.7919476524881556,10.0,0.6770779056704613,0.79260745299578,0.9924832260241615,0.9836294472565297
GTM,56.231818181818184,0.6614213783055902,37.0,0.5474955646362769,0.6632400557637047,0.9827314031180401,0.9312848538840521
