method,nn_overlap_best,AUC,kmax,Qlocal,Qglobal,trust_20,cont_20
PCA,44.267578125,0.7292681940271277,84,0.4795866428157116,0.7792480272073489,0.8731843847352025,0.9338304371105919
UMAP,68.349609375,0.7010965936413504,13,0.5652252774435766,0.7054388044105442,0.9641943308670821,0.9306806934709242
t-SNE,69.39453125,0.7137409859280567,5,0.7195507812499999,0.7145739156494791,0.9624754591770509,0.9457110348520249
GTM,71.34765625,0.7189393836387488,15,0.6355095826482545,0.7223344192922763,0.9744195385514018,0.9236835166796469
