method,nn_overlap_best,AUC,kmax,Qlocal,Qglobal,trust_20,cont_20
PCA,19.580348004094166,0.6235561063474865,88.66666666666667,0.1935871636142824,0.6389392887667259,0.746803374502261,0.8903703097793075
UMAP,56.028659160696,0.6176622282694412,10.333333333333334,0.5046092753509117,0.6182079636857317,0.9546044084497535,0.9093012809610582
t-SNE,58.32139201637666,0.6533019800489109,3.0,0.6206148148148148,0.6534569865633514,0.9630400404940271,0.9378339177971249
GTM,52.60320709655407,0.5901502357853152,19.333333333333332,0.46348281804996677,0.5911839623553091,0.9634378052237295,0.8705307066207735
