method,nn_overlap_best,AUC,kmax,Qlocal,Qglobal,trust_20,cont_20
PCA,10.659831756046268,0.534147116611121,49,0.10497850052939761,0.5453278263270089,0.6131766890203458,0.7521450907449251
UMAP,35.60725552050473,0.5219484850622959,8,0.3338630858494817,0.5227037900525394,0.7288642409399052,0.7385267641553402
t-SNE,36.77707676130389,0.5293046143717133,6,0.4475479027923823,0.5295671471608182,0.7488719215932833,0.7499423529600153
GTM,39.537329127234486,0.5501495772610457,10,0.3596497421260828,0.5511368953612403,0.8285227833631541,0.7649889327234883
