method,nn_overlap_best,AUC,kmax,Qlocal,Qglobal,trust_20,cont_20
PCA,70.0,0.906622413607711,68,0.7288072405913641,0.9286364703262833,0.9874577021716268,0.9933768765721385
UMAP,70.81163859111793,0.865993284276044,39,0.6716370766743526,0.8793792066828289,0.9879058039201215,0.9897662318492961
t-SNE,73.52220520673814,0.8866011359947323,36,0.7175295995646255,0.8975833466469321,0.9910329218866277,0.9917911154572348
GTM,64.49464012251148,0.722272339942086,17,0.5932648157581524,0.7263088163482979,0.9760834455740266,0.9579788064970448
