method,nn_overlap_best,AUC,kmax,Qlocal,Qglobal,trust_20,cont_20
PCA,65.79741379310344,0.8919100055508463,63,0.6908243262091749,0.9253748867714774,0.978211629479378,0.9860415920932267
UMAP,69.55818965517241,0.872912633815597,14,0.5867765453279615,0.8831042767843078,0.9813427196436384,0.9830850037783876
t-SNE,73.34051724137932,0.891290162402206,14,0.6671886815975485,0.8996625900655425,0.9866642803165891,0.9851767887682457
GTM,65.04310344827586,0.7405164133653254,8,0.6200854371921183,0.7435397756211191,0.9610274231396413,0.9428904168158135
