method,nn_overlap_best,AUC,kmax,Qlocal,Qglobal,trust_20,cont_20
PCA,46.1839530332681,0.851037255486599,163,0.5948953055514082,0.9004417199220377,0.9505492873376735,0.9759751922653711
UMAP,65.10763209393346,0.8420948972292628,17,0.5596081990138524,0.8473788762439837,0.9821718955544831,0.9788973397163562
t-SNE,67.93542074363992,0.8410400413655995,13,0.6674739138460348,0.8438194005735964,0.9832817697986703,0.9759506687469716
GTM,60.029354207436405,0.695142255943897,14,0.5386965079619539,0.6976211661052246,0.9703783529866882,0.9190232435585056
