method,nn_overlap_best,AUC,kmax,Qlocal,Qglobal,trust_20,cont_20
PCA,43.1314623338257,0.7521804074450626,46,0.4251749932991249,0.7765357462845671,0.8844322513797165,0.953028636185528
UMAP,66.5288035450517,0.7148803288087896,22,0.558458072629206,0.7207409367737975,0.9775991847934737,0.9708508832356022
t-SNE,69.54209748892171,0.7326238255055285,26,0.6663125778529295,0.7359543687050473,0.9786403552362968,0.9749249738108049
GTM,68.7370753323486,0.7671545921246293,28,0.6121667491159334,0.7746123385683057,0.9810105773503731,0.9708509974741849
