method,nn_overlap_best,AUC,kmax,Qlocal,Qglobal,trust_20,cont_20
PCA,28.34242837653479,0.7296791255790526,189,0.432809514180044,0.8338447777432592,0.8382875425419837,0.9056367582158826
UMAP,57.40791268758526,0.7482745100309484,21,0.48886305901276067,0.756404940573173,0.9536331460919635,0.9411152918100916
t-SNE,56.86221009549796,0.7201898424622738,1,0.6316507503410641,0.7207931023046361,0.9345182135522617,0.9185134944871415
GTM,59.66575716234652,0.7228965936458062,21,0.545549053593996,0.7285952395119405,0.9571064168604623,0.9176625091638224
