method,nn_overlap_best,AUC,kmax,Qlocal,Qglobal,trust_20,cont_20
PCA,18.21060606060606,0.6817260695249697,435.0,0.347608145429861,0.7522446260576783,0.8117809435108322,0.9281647351015726
UMAP,55.71515151515152,0.6691656389364363,15.333333333333334,0.481325335880791,0.6704098777029227,0.9694024593372478,0.9382117081730446
t-SNE,58.75151515151516,0.6924275283716573,2.3333333333333335,0.594488888888889,0.692638462521943,0.9731435324289667,0.9499047850442061
GTM,50.28030303030303,0.5683228005891371,19.333333333333332,0.44337831333719785,0.5693279968472682,0.9649352581494229,0.8446677546061956
