method,nn_overlap_best,AUC,kmax,Qlocal,Qglobal,trust_20,cont_20
PCA,71.18778280542986,0.9069856124105921,21,0.6308003251921471,0.9223167532409695,0.9808497770544801,0.9892527064101648
UMAP,72.85067873303167,0.8405094440741804,16,0.6438737179581353,0.8492616746586455,0.9831990895245845,0.9749929899990654
t-SNE,76.06334841628959,0.886237672402897,18,0.7040193609464305,0.8955352626053776,0.9872412484949116,0.9830696106837913
GTM,64.3212669683258,0.7519895236953231,9,0.5866820089859306,0.7563614544460563,0.9569690405370486,0.9060511427676033
