method,nn_overlap_best,AUC,kmax,Qlocal,Qglobal,trust_20,cont_20
PCA,13.801711840228245,0.6452025463371339,260.3333333333333,0.2719334772550516,0.6886341511925881,0.7653801579267059,0.8906069433758521
UMAP,39.01212553495007,0.6528767459087804,15.0,0.3534879158619159,0.6547029249381583,0.9384742147533238,0.9024741202672605
t-SNE,41.75998573466477,0.656633618051397,3.0,0.45494259259259257,0.6569243641456056,0.9460048241884321,0.905520083687656
GTM,38.41119828815977,0.5528105510772016,15.0,0.3482120699330431,0.5540203334999377,0.9463228264830937,0.7721993574947694
