method,nn_overlap_best,AUC,kmax,Qlocal,Qglobal,trust_20,cont_20
PCA,13.12862504264756,0.5821464869960833,199.0,0.20398193569255044,0.6148163083278642,0.6952786555982993,0.8648047297023688
UMAP,48.510747185261,0.5706704858009964,12.666666666666666,0.4122997173647815,0.5715007726120342,0.8900824512384423,0.8669786677465074
t-SNE,50.61071306721255,0.5814630024740124,10.666666666666666,0.4678416200533473,0.5819916190790629,0.8982855692785314,0.9060178659647701
GTM,48.16274309109519,0.5876850562972266,24.666666666666668,0.4327144184013494,0.5892309267265036,0.9093355605048256,0.8754043247620974
