method,nn_overlap_best,AUC,kmax,Qlocal,Qglobal,trust_20,cont_20
PCA,43.4758174386921,0.9017261653009349,286.6666666666667,0.6653881532776246,0.9326767236403483,0.9777103165283121,0.991020873321185
UMAP,62.297343324250676,0.8753575313647004,14.0,0.546468694283836,0.8774037387191953,0.9900144941621111,0.9864359236012689
t-SNE,66.77282016348774,0.8614513801901363,8.666666666666666,0.6612066256613757,0.8623691566670129,0.9924564918674497,0.9860361422690153
GTM,52.53405994550408,0.6613139410955292,18.666666666666668,0.4762379575301295,0.6627839652014798,0.9750865600323952,0.9137653803064048
