method,nn_overlap_best,AUC,kmax,Qlocal,Qglobal,trust_20,cont_20
PCA,41.13559322033898,0.6323024808050683,38,0.37831353074559854,0.6500871412147932,0.8272440587085927,0.8858169370351858
UMAP,49.67796610169491,0.6237307423099061,15,0.3937466974331381,0.6299502430103199,0.8427257993668681,0.8693193074930704
t-SNE,50.72881355932204,0.6380213224069352,15,0.44351106112970523,0.6433619768843815,0.8452649914421169,0.8594020084518562
GTM,56.04237288135593,0.6426095644970417,15,0.4509156339580069,0.6479941424295912,0.8728587873555385,0.8871495433271231
