method,nn_overlap_best,AUC,kmax,Qlocal,Qglobal,trust_20,cont_20
PCA,21.807313642756682,0.6510248493777258,117,0.2991761266801923,0.7206527547998801,0.7621906619088512,0.8492279917451282
UMAP,47.84106891701828,0.6362795379072056,10,0.4132286852856473,0.6396280754273345,0.899152397870764,0.872645454911845
t-SNE,48.86779184247539,0.6437714191326058,2,0.5042194092827004,0.6444182846884398,0.9091927938317879,0.8760638688149175
GTM,51.673699015471165,0.6536300479417781,17,0.4757635380923528,0.6582461786538965,0.9363955311257648,0.8524013843548065
