method,nn_overlap_best,AUC,kmax,Qlocal,Qglobal,trust_20,cont_20
PCA,22.946370176586004,0.7252138003452894,435,0.46686330190382186,0.8285189229593228,0.8424125455300515,0.923650989118615
UMAP,53.750817527795945,0.7035898738596036,12,0.4727502846207883,0.7055837352747316,0.9562506696799262,0.937500046372948
t-SNE,55.68018312622629,0.6975474364064851,6,0.5715136981324032,0.6982355501630074,0.963158013038109,0.9407010018520809
GTM,53.63963374754742,0.6641059502363947,19,0.4862189823721204,0.6664802398152491,0.9645097899294542,0.9063511516748927
