method,nn_overlap_best,AUC,kmax,Qlocal,Qglobal,trust_20,cont_20
PCA,35.33715925394548,0.6951001651764457,126,0.4812211748981752,0.7430382286823098,0.8823618745432412,0.9459504402642985
UMAP,54.777618364418935,0.7376481279828553,29,0.465475563537142,0.7499858289837138,0.9522182195477134,0.9617597010443428
t-SNE,56.62840746054519,0.7277197357718469,29,0.4984681009001743,0.7381662457999074,0.9463961399245077,0.9500786243906745
GTM,62.022955523672884,0.7169263797471308,29,0.5451092343823621,0.7249487115628662,0.9627428019128168,0.9679414832187243
