method,nn_overlap_best,AUC,kmax,Qlocal,Qglobal,trust_20,cont_20
PCA,38.143382352941174,0.802709859522423,192,0.5952836668739963,0.9183671004624951,0.8958771264104474,0.9354741823701243
UMAP,64.09007352941177,0.746308940662456,15,0.5575532820937232,0.7524172241308067,0.9651318804055216,0.9470989174637723
t-SNE,63.731617647058826,0.7809628263465861,3,0.6630923202614379,0.7824664111104809,0.961925976573687,0.9525592101494931
GTM,65.84558823529412,0.8222425960932499,28,0.6171751059917746,0.8343976413136863,0.9639693352998453,0.9615524228191763
