method,nn_overlap_best,AUC,kmax,Qlocal,Qglobal,trust_20,cont_20
PCA,31.943212067435674,0.7183736750174534,113,0.37588168015584145,0.7568013966591589,0.8401320083139423,0.9253595472567187
UMAP,64.75598935226265,0.7142016363272717,22,0.5688875298115857,0.7174312989896403,0.9675400190409834,0.9609366092240739
t-SNE,66.3620230700976,0.7065164790884467,14,0.6121345306571572,0.708044979696395,0.9750802242029268,0.9650301778952228
GTM,65.27950310559007,0.7200963902864645,22,0.5874053469434534,0.7230877768614706,0.9743374801892446,0.9519601167059342
