method,nn_overlap_best,AUC,kmax,Qlocal,Qglobal,trust_20,cont_20
PCA,17.217302452316076,0.6516601212727402,356.3333333333333,0.2946054431500362,0.7110821199497828,0.7877714463116691,0.8855021016400082
UMAP,51.65361035422343,0.6389456777649144,9.333333333333334,0.4666271022927689,0.6396615461140774,0.9423333171357225,0.9031947195788622
t-SNE,55.24352861035422,0.6706207757146219,3.3333333333333335,0.6074194444444445,0.6708208723111166,0.9580156441924816,0.9431325693460214
GTM,48.220367847411445,0.5769215851582183,25.0,0.44195207628403627,0.5783111854329809,0.9580064817439428,0.8442748788553688
