method,nn_overlap_best,AUC,kmax,Qlocal,Qglobal,trust_20,cont_20
PCA,17.461695607763023,0.6454767880347424,119,0.2677894439174801,0.6978816538057401,0.7711048518627606,0.854431140400708
UMAP,35.91930541368743,0.6481471724153799,95,0.3877177860407567,0.6763100727391601,0.9044195366804099,0.8843398775444051
t-SNE,36.6802860061287,0.6449185380307378,1,0.5383043922369765,0.6452155022480139,0.8986777143417137,0.8670972337915412
GTM,39.00408580183861,0.6236600016913036,27,0.34432499557818325,0.6316299867646903,0.9317302789254363,0.8111846940737028
