method,nn_overlap_best,AUC,kmax,Qlocal,Qglobal,trust_20,cont_20
PCA,58.49335302806499,0.8772863042990312,57,0.5900738971478278,0.9046743956465323,0.9490933454883186,0.9808290522424462
UMAP,70.74593796159527,0.7896298795685868,26,0.6357242332468012,0.7965820321894478,0.9801062647296372,0.9739234441561824
t-SNE,74.91137370753323,0.8054484520147968,17,0.6923404851679016,0.809212761124508,0.9844915412041432,0.9803017269446548
GTM,63.81831610044313,0.6864141989049926,17,0.5527630464904618,0.6903601249212064,0.9674847291574562,0.9408174456024428
