method,nn_overlap_best,AUC,kmax,Qlocal,Qglobal,trust_20,cont_20
PCA,20.680183126226293,0.6039252620910106,124,0.247610432466057,0.635352878861718,0.7336012707715346,0.8804473101835212
UMAP,42.31523871811642,0.5560151973175096,15,0.3721369171728883,0.5578298764220537,0.8340782901933981,0.8330156840948209
t-SNE,43.221059516023544,0.576725446828836,7,0.4186385214648318,0.5774755883897735,0.8446556650393581,0.8448720139367621
GTM,46.19686069326357,0.5967003823856628,24,0.4255111853540745,0.5994756712783834,0.8803715858871735,0.8676346064835274
