method,nn_overlap_best,AUC,kmax,Qlocal,Qglobal,trust_20,cont_20
PCA,31.580779944289695,0.8088942620734645,502,0.5491446417467596,0.888239954484463,0.905240981727448,0.9671264811099386
UMAP,59.87000928505106,0.7902515372263011,16,0.5322181495449253,0.7923678017329407,0.9820702537527719,0.9741127004500856
t-SNE,65.06035283194058,0.7831467208906066,6,0.6512392963994635,0.7837307148912899,0.987344433855653,0.9744581187791306
GTM,52.2794800371402,0.6194810468339154,21,0.48480122316114016,0.6208754732314953,0.9662938544855192,0.8754105743767133
