method,nn_overlap_best,AUC,kmax,Qlocal,Qglobal,trust_20,cont_20
PCA,31.203840472673562,0.7049193448350983,66,0.35652235300967966,0.7429868634489565,0.8564038151117082,0.9292426781636376
UMAP,54.955686853766615,0.6938769659691105,29,0.4720307409690556,0.7042504925976221,0.9275032815032883,0.9399680817399907
t-SNE,54.88921713441655,0.6888772372724155,20,0.46470597367019095,0.6960847170581959,0.9358413271781585,0.9406152433110454
GTM,61.67651403249631,0.7179694501545123,30,0.5360096940265271,0.7269942203972551,0.9580684997389648,0.9581751985752164
