method,nn_overlap_best,AUC,kmax,Qlocal,Qglobal,trust_20,cont_20
PCA,30.349593495934958,0.6875852976314148,63,0.34029136024257145,0.7275830178964092,0.8079957158853026,0.8917356923783096
UMAP,58.203252032520325,0.6724698029698067,13,0.5119536040361556,0.6763736276958673,0.9421032499461008,0.932648709549542
t-SNE,58.3170731707317,0.693209784632868,2,0.6272357723577235,0.6939761467279211,0.9354495190803063,0.9322730149457183
GTM,61.146341463414636,0.7049961319994864,26,0.5706100089039725,0.7115261475614273,0.9548000862386725,0.9195240181657591
