method,nn_overlap_best,AUC,kmax,Qlocal,Qglobal,trust_20,cont_20
PCA,21.049190535491906,0.6873723290291396,301,0.37588646299908673,0.7594905895696716,0.8135392784832188,0.9022926561098831
UMAP,54.00373599003736,0.6673962398852806,17,0.47997392660523347,0.6695385435480868,0.9528994136159507,0.9201176127446544
t-SNE,56.0958904109589,0.6747846827074286,6,0.5632869793828698,0.6753725761733933,0.961240022242835,0.9230076597083374
GTM,53.68617683686176,0.6726349234359555,18,0.4792480754637831,0.6749618517996404,0.9655209577856444,0.9013359928829252
