method,nn_overlap_best,AUC,kmax,Qlocal,Qglobal,trust_20,cont_20
PCA,23.026734563971992,0.7027682166152791,225,0.391230712093441,0.755086380118648,0.8414697708858487,0.9323408848012221
UMAP,43.44366645448759,0.6402105322024797,10,0.3924528659331333,0.6418587691017886,0.8987597750612519,0.8900605980970822
t-SNE,44.401654996817314,0.6867834799873475,11,0.3998927727430129,0.6888970245455276,0.9150064118575669,0.934257273021585
GTM,48.876511775938894,0.666360650004653,15,0.4258049115464774,0.6687843857810459,0.9329152145208999,0.9218808900612798
