method,nn_overlap_best,AUC,kmax,Qlocal,Qglobal,trust_20,cont_20
PCA,32.34375,0.6523678559789456,29,0.2848880886848346,0.6745201504260556,0.7817765122014537,0.8389111987279335
UMAP,51.279296875,0.6212848845771682,12,0.4501092115349928,0.625755113916693,0.8166471962616823,0.8294189706645898
t-SNE,52.99804687500001,0.6284105248233658,9,0.5250539951223545,0.6306976682873694,0.8255881684839045,0.8448379088785047
GTM,59.1796875,0.6609191051100601,11,0.5120437071608946,0.6647582553756932,0.8871335101895119,0.8839567919262721
