method,nn_overlap_best,AUC,kmax,Qlocal,Qglobal,trust_20,cont_20
PCA,7.663495838287752,0.5517373376554755,186,0.18091564328604975,0.657143687527699,0.5939373311493543,0.6681435176389554
UMAP,17.086801426872768,0.5489445828328309,5,0.18108600871977804,0.550841245333947,0.6550037740388671,0.6590235472150967
t-SNE,16.694411414982163,0.5441872621864756,2,0.21759809750297265,0.5446929815575043,0.6519472793544303,0.6431161017589442
GTM,22.865636147443517,0.5563469315982856,17,0.20192369084002046,0.5634151207734699,0.7441495062207457,0.6845978869783556
