method,nn_overlap_best,AUC,kmax,Qlocal,Qglobal,trust_20,cont_20
PCA,43.39759036144578,0.6171296820629074,19,0.3394041828364699,0.6306493809094853,0.8016024566406066,0.8823883309571184
UMAP,55.60240963855422,0.6310586790162008,20,0.44352894824587635,0.6410782143617688,0.8720879878421358,0.8837075218951227
t-SNE,55.20481927710843,0.6322675432827706,19,0.45540294840769835,0.641259556924297,0.8750666645776866,0.8667733091011641
GTM,57.80722891566265,0.6198010218455849,18,0.46250028297423756,0.6274680006407074,0.8875648236639666,0.8787926739467623
