method,nn_overlap_best,AUC,kmax,Qlocal,Qglobal,trust_20,cont_20
PCA,29.83666061705989,0.6450371444359663,96,0.37628869076181376,0.7023146357807504,0.8056257856207646,0.9007048576424665
UMAP,43.7114337568058,0.6642756896379444,23,0.3635225260997675,0.6776359692494482,0.8763974678821669,0.9054817805718709
t-SNE,42.404718693284934,0.6675024274703413,23,0.36465906436300793,0.6809387859718733,0.8697415057070281,0.8976655840136962
GTM,52.89473684210526,0.6728532078405189,23,0.4512870643334286,0.6829565632040018,0.9224761197438593,0.9401624153795998
