method,nn_overlap_best,AUC,kmax,Qlocal,Qglobal,trust_20,cont_20
PCA,61.687840290381125,0.8690203794883566,53,0.6203276900443757,0.8967991863541535,0.9712274076824776,0.9826414640397078
UMAP,72.25045372050816,0.8357854482671444,48,0.6917017680541392,0.8508228011099237,0.9870792951772256,0.9868695638529893
t-SNE,76.8874773139746,0.8515914321522212,45,0.7492691689743921,0.8620679613389699,0.9910692462050485,0.9898286409654266
GTM,69.24682395644282,0.7464585333601513,18,0.6054598294643133,0.7520661026881829,0.9766223668084053,0.9682097522450666
