method,nn_overlap_best,AUC,kmax,Qlocal,Qglobal,trust_20,cont_20
PCA,20.339839665388638,0.699711148585893,322.3333333333333,0.3526537492655227,0.7511998733177426,0.8003257906458797,0.9284433421070393
UMAP,56.93621470895782,0.7081754579687832,17.333333333333332,0.49471874429225354,0.7097776838745494,0.9605017803873929,0.9487162556522913
t-SNE,60.205646566747994,0.7033475721397043,11.0,0.5782703737106515,0.7040242269324738,0.9727593331983533,0.9628137355740028
GTM,53.03415824329034,0.679080753076082,34.0,0.5003579064522884,0.6816416978404666,0.9644817169467504,0.9220663616116623
