method,nn_overlap_best,AUC,kmax,Qlocal,Qglobal,trust_20,cont_20
PCA,38.386108273748725,0.8333933574447515,158,0.5554395206443319,0.8876726240778823,0.9368077007780147,0.9684964109235431
UMAP,50.541368743615934,0.8193227037443568,125,0.5907392272050916,0.8534658744949769,0.9674892833854648,0.965821470705587
t-SNE,53.72829417773238,0.8114565817056425,90,0.5934150268284341,0.834133858833672,0.9753357136664902,0.9651127014699302
GTM,43.67211440245148,0.6875569705341875,37,0.4088823985040639,0.6987009788955615,0.9428727042268233,0.8676608353709394
