method,nn_overlap_best,AUC,kmax,Qlocal,Qglobal,trust_20,cont_20
PCA,58.951965065502186,0.884843154932744,106,0.6491097070111153,0.9165554521486918,0.9713091683330909,0.9876834196750658
UMAP,70.59497816593885,0.8191146093989377,20,0.634479346349006,0.8238324725444153,0.9852737826062299,0.9849499086446115
t-SNE,75.88427947598252,0.8657509684565914,21,0.7023279486460824,0.8702990206820522,0.992065950946718,0.9904817794698182
GTM,63.810043668122276,0.7144532501407589,22,0.5808479410927028,0.7181501411030463,0.9730052224213986,0.9256454671206902
