method,nn_overlap_best,AUC,kmax,Qlocal,Qglobal,trust_20,cont_20
PCA,29.887218045112785,0.6824163995708,68,0.32583333141121895,0.715833664478481,0.803801768264309,0.9154125541867698
UMAP,60.59523809523809,0.6945735880299148,14,0.5089666849938064,0.6982821859559891,0.9632693296759814,0.9500675956993461
t-SNE,60.563909774436084,0.7056806259274266,9,0.5825254273249261,0.7075000311365315,0.9587524185055473,0.9420945686692301
GTM,61.741854636591476,0.6968616977514125,22,0.5480904777333098,0.7015008436116995,0.965960585502845,0.9356165658445789
