method,nn_overlap_best,AUC,kmax,Qlocal,Qglobal,trust_20,cont_20
PCA,37.159034958148695,0.8681194624515668,291,0.5955149990046922,0.9141131997999833,0.9571589377397157,0.9820198569264627
UMAP,56.265386509108815,0.8441044602590316,18,0.5126759726654373,0.8472727844968978,0.983415692113407,0.9756097903146075
t-SNE,59.40915805022156,0.8365064471848926,4,0.6144858854423109,0.8371745823583047,0.9862183518620591,0.9762064161458405
GTM,49.00049236829148,0.6504187373976158,17,0.45474687463035457,0.6521422476502042,0.9697509891360248,0.88486468978521
