method,nn_overlap_best,AUC,kmax,Qlocal,Qglobal,trust_20,cont_20
PCA,51.96705426356589,0.8304741878306536,56,0.5292892100720267,0.8683244036249477,0.9177176889484987,0.9645793915008103
UMAP,63.83720930232558,0.8035531304569953,14,0.5360455228603069,0.8119129082023774,0.964003983745679,0.9706853399755706
t-SNE,67.86821705426357,0.8237918953292753,12,0.632724631186356,0.8293446138514252,0.9760346561923694,0.9724682457947134
GTM,57.965116279069775,0.7545234581884587,24,0.5195063162333909,0.7667386722516217,0.9521415626821227,0.9323723245435458
