method,nn_overlap_best,AUC,kmax,Qlocal,Qglobal,trust_20,cont_20
PCA,18.924242424242426,0.6247618127598337,209,0.3525554473115563,0.6643675420180382,0.7853708308774687,0.9193261855978744
UMAP,43.942424242424245,0.6408182927996352,14,0.3912994605202398,0.6430065937031314,0.910913357096747,0.925196235276507
t-SNE,45.406060606060606,0.6467333159663048,50,0.45046570740167424,0.6529567648523845,0.9223530083171948,0.936386389364469
GTM,49.27575757575758,0.6594672404476358,48,0.47494862485815353,0.6651237648673677,0.9327647515600588,0.931420696623537
