method,nn_overlap_best,AUC,kmax,Qlocal,Qglobal,trust_20,cont_20
PCA,59.423728813559315,0.8776994558878312,101,0.6609920943392021,0.9239908271341029,0.969047121370473,0.9814250011360022
UMAP,68.9322033898305,0.8390962035505682,18,0.6006942639170956,0.8475547750082681,0.9810772330016206,0.9773741688250708
t-SNE,71.92372881355932,0.8449723158354735,13,0.6714862379399539,0.8498723179871476,0.98440178125142,0.9811429696611684
GTM,64.29661016949153,0.6994048103839939,15,0.5701155655392943,0.703393506970506,0.9648636040047863,0.9174446009603006
