method,nn_overlap_best,AUC,kmax,Qlocal,Qglobal,trust_20,cont_20
PCA,48.8496583143508,0.9073939319626437,238,0.6810599124859099,0.943405059128718,0.9770796850670203,0.9898461473977699
UMAP,66.36104783599089,0.865915713471511,14,0.5728714396750518,0.8685783759890944,0.9898668901226345,0.9868073299542108
t-SNE,69.94589977220956,0.840343168633911,9,0.6533826577960975,0.8416234400191474,0.9925408039266291,0.9855094162399859
GTM,57.9498861047836,0.6859144217792671,22,0.5294441494107796,0.6880565024794748,0.9814993706224929,0.9376347617045404
