method,nn_overlap_best,AUC,kmax,Qlocal,Qglobal,trust_20,cont_20
PCA,33.90643985419198,0.7956063057313766,369,0.5424641833122678,0.8692512624445907,0.9005760755560219,0.961148416784093
UMAP,65.0789793438639,0.7750652816089906,16,0.5681895951650281,0.7773594985221969,0.9849208927939505,0.9776044681064701
t-SNE,69.34690157958687,0.7889353007398453,7,0.6672111736553674,0.7897576976206575,0.9889205723863559,0.9784140989871435
GTM,57.99817739975699,0.6843327530158985,16,0.5199214070027784,0.686109582602054,0.9755219127581265,0.9189350922657292
