method,nn_overlap_best,AUC,kmax,Qlocal,Qglobal,trust_20,cont_20
PCA,15.020435967302454,0.6510587974050153,260.3333333333333,0.3079726233221041,0.6910041252756471,0.8059040804481339,0.9155168333670783
UMAP,44.61171662125341,0.601773092281391,14.666666666666666,0.40028541698513126,0.6029838407393964,0.8978751704123642,0.9108864115542957
t-SNE,47.280313351498634,0.6381040240422919,11.333333333333334,0.447903096404157,0.6390175468415787,0.9115243139636903,0.9406531659580212
GTM,46.3658038147139,0.6324492515211887,36.0,0.4420643640935496,0.6352832075420598,0.9262650307079706,0.9140533333333334
