method,nn_overlap_best,AUC,kmax,Qlocal,Qglobal,trust_20,cont_20
PCA,23.736363636363635,0.7018839390985038,269,0.37956023376366355,0.7649046623210849,0.830307932676565,0.9274696455134862
UMAP,54.61515151515152,0.6757471211641658,17,0.47446915220845703,0.6779806755104967,0.9542680962137584,0.9297542638487375
t-SNE,56.15757575757576,0.672981207673959,13,0.5440688763451,0.6741541124591619,0.9592082479628018,0.9459381215676368
GTM,53.14848484848484,0.6771379130127606,34,0.501978841229579,0.6809685421826495,0.959047236801482,0.9148197629272035
