method,nn_overlap_best,AUC,kmax,Qlocal,Qglobal,trust_20,cont_20
PCA,65.44578313253012,0.8732863129529308,45,0.6329860363586964,0.9043640975459807,0.970223259749009,0.9848662791608567
UMAP,75.48192771084338,0.8520955652021198,23,0.6570035107869575,0.8651768633272993,0.982291193382111,0.9853974023532361
t-SNE,78.07228915662651,0.8653219616516328,19,0.715052942051338,0.8742020291315041,0.9869118084823038,0.9842869005279897
GTM,67.65060240963855,0.7727813216668271,17,0.612490460362537,0.7807985802465612,0.9627963087721497,0.9509163833487395
