method,nn_overlap_best,AUC,kmax,Qlocal,Qglobal,trust_20,cont_20
PCA,38.38255977496484,0.796450857993891,127,0.5079421557321007,0.8601650161196732,0.8939439127554716,0.9499845505342208
UMAP,61.35724331926864,0.7866948399052627,21,0.541610260787843,0.7947619540101326,0.9635421543065773,0.9620851508415567
t-SNE,64.0506329113924,0.7815294128611724,2,0.6248241912798875,0.7825618894567455,0.973107905476138,0.9578617112634356
GTM,56.856540084388186,0.6875811426521714,17,0.4978466157610377,0.6926107012476217,0.9532651076657253,0.9095134606700004
