method,nn_overlap_best,AUC,kmax,Qlocal,Qglobal,trust_20,cont_20
PCA,11.020293122886134,0.5346223132092697,45,0.10799390628971205,0.5570979825909463,0.5955972334380436,0.6861629781148337
UMAP,23.478015783540023,0.5359280024086365,4,0.24741638481773767,0.5370310936705507,0.6853154898116466,0.7000261940160495
t-SNE,23.337091319052988,0.5408763847126389,2,0.30016910935738444,0.5412584889459526,0.6753104287065355,0.7011464159938819
GTM,30.789177001127392,0.5553219066453037,5,0.3013453588876362,0.5566347544987674,0.7765634635597141,0.7166252366839956
