method,nn_overlap_best,AUC,kmax,Qlocal,Qglobal,trust_20,cont_20
PCA,6.232168330955778,0.5807208834598411,579.3333333333334,0.22198601070449053,0.6890067891706056,0.6363645893230748,0.7641076925153539
UMAP,19.495363766048502,0.5255035703837898,4.0,0.22130555555555556,0.5258984229484905,0.6841703097793076,0.6712317797124925
t-SNE,20.627674750356633,0.5278608710301058,1.3333333333333333,0.3157666666666667,0.5279116903391456,0.6995453060673551,0.674067525140042
GTM,24.759272467902996,0.5464706246308478,15.666666666666666,0.22933143108085363,0.5483885743431532,0.7940360747789702,0.7033376904906526
