method,nn_overlap_best,AUC,kmax,Qlocal,Qglobal,trust_20,cont_20
PCA,17.332761578044597,0.6097002340536529,316.6666666666667,0.2648012813141727,0.6597484503983578,0.7396143942768442,0.8989305446446649
UMAP,46.084048027444254,0.5846306931421097,17.0,0.38828096533147655,0.5859928641483809,0.8797931997030437,0.8701357359789431
t-SNE,48.291595197255575,0.5987369279738258,13.0,0.4381405657798991,0.5996071965941882,0.8887134156711886,0.8911290382668556
GTM,48.14579759862779,0.5906744719411673,23.666666666666668,0.41804326868757963,0.5923487589288552,0.9072179604508334,0.8752785800094486
