method,nn_overlap_best,AUC,kmax,Qlocal,Qglobal,trust_20,cont_20
PCA,46.530418250950575,0.6794244046454834,50,0.46968244224391903,0.7021808614968282,0.9019421945801184,0.9479010716217824
UMAP,58.650190114068444,0.6637110782246592,38,0.5318612150424221,0.6746359489405502,0.9254570603108585,0.9492758016060898
t-SNE,61.01711026615969,0.6778671191502906,38,0.5664622775997382,0.6872607272233907,0.9350164791104734,0.9477259211228048
GTM,65.59885931558935,0.6902247463310046,19,0.5446256252288441,0.6963871251096453,0.9480581891011499,0.9465165577651333
