method,nn_overlap_best,AUC,kmax,Qlocal,Qglobal,trust_20,cont_20
PCA,20.185297691373023,0.6542420519608538,186,0.3170787007747741,0.6973137097854686,0.7999862736183081,0.9172187304563589
UMAP,45.6865127582017,0.6307232315027669,18,0.39674174376631904,0.6333696869774418,0.8991098159423838,0.9047590869586963
t-SNE,45.908262454435,0.6453325984408236,11,0.43848667993150486,0.6468031541995658,0.8966944240429046,0.917179676079956
GTM,50.962940461725395,0.6460564101387177,18,0.44414712694551817,0.6483879947622947,0.9297119753842729,0.9145567713745147
