method,nn_overlap_best,AUC,kmax,Qlocal,Qglobal,trust_20,cont_20
PCA,29.45067264573991,0.5900115617143684,24,0.24743656824066948,0.6093529359402943,0.7191964406166864,0.7833732657719642
UMAP,31.233183856502244,0.5661260354315643,7,0.316478295354016,0.5699655087450919,0.7086308030197558,0.7487823304355334
t-SNE,31.356502242152466,0.5814581001582014,2,0.4204035874439462,0.5821986746870028,0.7008196942470307,0.7177097667190105
GTM,42.02914798206278,0.5966274668109645,11,0.37276785530454504,0.60237047562928,0.793624030694015,0.7829585620005073
