method,nn_overlap_best,AUC,kmax,Qlocal,Qglobal,trust_20,cont_20
PCA,38.46127601501194,0.8653729447350139,399.3333333333333,0.6072621339978137,0.9147814154492432,0.9585837564959169,0.9838338719038943
UMAP,61.874786762197196,0.838717210516753,15.666666666666666,0.5515668159656703,0.8407127159261362,0.9876472457312547,0.980358601606263
t-SNE,65.73353804162402,0.8231957489630011,6.666666666666667,0.6383942630385487,0.8238886951256648,0.9898624093946142,0.9802299250860499
GTM,54.50528829750938,0.6455873845831162,18.333333333333332,0.4962165035399177,0.6467674276052336,0.9796616184112844,0.9175715165013161
