method,nn_overlap_best,AUC,kmax,Qlocal,Qglobal,trust_20,cont_20
PCA,23.035307517084284,0.7259538015882268,365,0.42733976329873147,0.8046494581752203,0.8547739455534,0.9301624137204957
UMAP,55.15660592255125,0.7184490109391947,22,0.48451930720115455,0.7215781838657,0.9549416695434753,0.9448781641318847
t-SNE,57.030182232346235,0.7083823033160378,16,0.5481134005950705,0.7100176496988724,0.9653115633182815,0.955247265821732
GTM,53.31719817767654,0.7049838509074726,34,0.49858010635225075,0.7092162398736791,0.9654921916924809,0.929048461738006
