method,nn_overlap_best,AUC,kmax,Qlocal,Qglobal,trust_20,cont_20
PCA,41.386861313868614,0.70201371281012,50,0.4214401502801211,0.7417378339221333,0.8307557286321302,0.9043392769790038
UMAP,63.45498783454988,0.698184937116191,17,0.5423115068121761,0.7058017460053346,0.9542259352689347,0.9172656672133925
t-SNE,63.759124087591246,0.7353555421737642,7,0.6166724597381531,0.7383919559443315,0.9494691003961364,0.9337201978444293
GTM,67.51824817518248,0.7186622960210961,17,0.5984547738762499,0.7248784404113858,0.9606306211253601,0.9256056347935071
