method,nn_overlap_best,AUC,kmax,Qlocal,Qglobal,trust_20,cont_20
PCA,44.53114534494307,0.8403422331898025,221,0.5924986881681442,0.8839120626135996,0.9497784876431896,0.9808960104418912
UMAP,67.45144005358338,0.7650698347334631,15,0.6073766697443859,0.7669765894532551,0.9861457857465895,0.9820389853504388
t-SNE,71.64099129269927,0.7887860529025624,7,0.6951547129233475,0.78958476101686,0.9926533738643585,0.9855733823369456
GTM,62.64902880107167,0.7064099533894524,29,0.593009597312142,0.7088931581547192,0.9821038349906401,0.9485545193810432
