method,nn_overlap_best,AUC,kmax,Qlocal,Qglobal,trust_20,cont_20
PCA,53.778195488721806,0.8596243055411676,101,0.5894559571318353,0.8996722829323386,0.958143240838252,0.9775694121296727
UMAP,66.47869674185463,0.8112657329793356,19,0.5880624789301866,0.8173371295551247,0.9759018882711665,0.973302311152474
t-SNE,70.26942355889724,0.8464340244787129,19,0.6316969906787646,0.8523900891902246,0.9834268080625015,0.9819009249508135
GTM,62.274436090225564,0.7049923454707754,18,0.5586923527322933,0.7088029029039049,0.9621812675010001,0.9085725714938813
