method,nn_overlap_best,AUC,kmax,Qlocal,Qglobal,trust_20,cont_20
PCA,31.49337294332724,0.8452828421209633,335.3333333333333,0.5899761602161452,0.8851203789501367,0.9476153013430518,0.9825464506985219
UMAP,56.84529250457039,0.8200139510560831,117.33333333333333,0.5441637252358197,0.8316102557020404,0.9861288978875615,0.9771070068164945
t-SNE,62.517138939670936,0.782762707970491,3.3333333333333335,0.6265175925925925,0.7831431574255152,0.9900970317878114,0.9785365296618748
GTM,43.069012797074954,0.6653737451181997,32.0,0.42006313055934424,0.6686067102683139,0.9535132509954781,0.8978013578997098
