method,nn_overlap_best,AUC,kmax,Qlocal,Qglobal,trust_20,cont_20
PCA,18.597957288765087,0.6664389478804326,411,0.3515927193377934,0.7408478245172891,0.8030754354103032,0.9082032343984578
UMAP,52.824976787372336,0.6513073430154849,15,0.4553717039348422,0.6527679527719759,0.9504696088931857,0.9209029630178625
t-SNE,55.87047353760446,0.6522446692216157,2,0.6299907149489322,0.6523998818174375,0.9605205400327371,0.9349667218260352
GTM,51.30687093779016,0.6088138109812629,23,0.4654639254194572,0.6104225742563877,0.9630564936437737,0.8716122407886806
