method,nn_overlap_best,AUC,kmax,Qlocal,Qglobal,trust_20,cont_20
PCA,27.731829573934835,0.6666601127768924,79,0.3297888651850103,0.7039102240218054,0.8027891389712065,0.9183432522674765
UMAP,40.82080200501253,0.6006153019554943,14,0.3633907758907759,0.6048935450406203,0.8300378797155756,0.8430568277370951
t-SNE,40.714285714285715,0.6075783178176081,14,0.38770800523620075,0.6115505406674907,0.8347271272644151,0.8399645694039659
GTM,52.08020050125314,0.664731302476927,18,0.4530411191180762,0.669865453256312,0.9209099295469945,0.9257029381270766
