method,nn_overlap_best,AUC,kmax,Qlocal,Qglobal,trust_20,cont_20
PCA,74.67980295566502,0.9008883981946919,33,0.6972101006202566,0.9208863950753439,0.9875548529710796,0.9918896315585787
UMAP,75.56650246305419,0.8228197700631404,24,0.6761822107248837,0.8336525170480872,0.9890553154086833,0.9815877680334267
t-SNE,80.23399014778325,0.8627908794741596,24,0.7449841865390701,0.8720262081818729,0.9928679658648895,0.9923874899149246
GTM,67.57389162561577,0.8024983308465543,20,0.612800528050432,0.8136238342398491,0.9702685417800896,0.9552980262769509
