method,nn_overlap_best,AUC,kmax,Qlocal,Qglobal,trust_20,cont_20
PCA,21.511627906976745,0.6526852379235049,117,0.2898113472679871,0.759794475044728,0.719252109628849,0.812031271206061
UMAP,48.963178294573645,0.6853585602234056,10,0.41139134982158243,0.6911125893191231,0.8931194564861606,0.87927773652991
t-SNE,47.23837209302326,0.6720676805779543,5,0.4365956072351421,0.674654089833078,0.8836556654611645,0.8436960617600332
GTM,52.189922480620154,0.6992560108421154,22,0.47615241725494534,0.7096941160346952,0.9053978157258161,0.8729241012621848
