method,nn_overlap_best,AUC,kmax,Qlocal,Qglobal,trust_20,cont_20
PCA,16.7797783933518,0.5750852135352583,52,0.17079481453995948,0.5900608563825325,0.6925066900397532,0.8312464541074541
UMAP,51.76592797783933,0.5646374232188237,16,0.42794690172958005,0.566228525758333,0.8628532541862355,0.8697424518420024
t-SNE,53.24445983379501,0.572972915910566,15,0.4820602667313193,0.5740094521832855,0.8674485594490013,0.8810751979085726
GTM,53.57686980609419,0.58785623092016,18,0.46196580757279865,0.5895352844215961,0.8872598469252273,0.8530336182459015
