method,nn_overlap_best,AUC,kmax,Qlocal,Qglobal,trust_20,cont_20
PCA,24.86248624862486,0.6811576458969265,147,0.35295154961532005,0.7448382224662665,0.8200471100041137,0.8935518651466741
UMAP,42.315731573157315,0.6643894146843055,21,0.35767423548666233,0.6717626904606286,0.8782129379699495,0.8849230455202606
t-SNE,42.090209020902094,0.6675010899573857,24,0.37862820234864136,0.6754634126307945,0.8896771236600041,0.894363955462137
GTM,51.11661166116611,0.6806327235227847,23,0.44209336984584585,0.6870639335604249,0.9353718866479704,0.9147099172068601
