method,nn_overlap_best,AUC,kmax,Qlocal,Qglobal,trust_20,cont_20
PCA,38.907415533128564,0.8357939958806706,317,0.5780775684179599,0.8777506789659935,0.9479112641326971,0.9806998825115042
UMAP,58.34357174199211,0.8147093226081114,12,0.514667640328566,0.8164748612688151,0.986578102919376,0.9777268508097104
t-SNE,61.95480473892058,0.8015756919764286,6,0.6211337818731413,0.8022543857650759,0.9893669544993332,0.9790892236382444
GTM,48.41816586222027,0.644393537678807,10,0.44286520473334867,0.6453417057263001,0.9696456991511966,0.8937150143389435
