method,nn_overlap_best,AUC,kmax,Qlocal,Qglobal,trust_20,cont_20
PCA,39.53062136790344,0.8465820660581614,429,0.593457171821478,0.9070342601580542,0.9440268576981429,0.9810668199910433
UMAP,65.42691104157353,0.8157598455162016,20,0.5905433040830257,0.8180056061413012,0.9893255905333542,0.9822568363617835
t-SNE,69.84354045596781,0.8113570870680513,9,0.6672490044379479,0.8121736471609151,0.9929513939643316,0.9820874664109099
GTM,60.28162717925794,0.648295626493395,19,0.5373881040053721,0.6493596696171158,0.9861410707847876,0.9327728119899339
