method,nn_overlap_best,AUC,kmax,Qlocal,Qglobal,trust_20,cont_20
PCA,28.370206489675514,0.6421020282317145,64,0.3097162050085154,0.6769418805015638,0.7757030102162845,0.8744562134827621
UMAP,56.09882005899705,0.6316113445033935,14,0.4810350317145513,0.6351040360649167,0.9026880103871254,0.9182737098666303
t-SNE,58.42182890855457,0.6361501254459887,13,0.5288794028753185,0.6386087330737263,0.9132143141877656,0.9116377945581485
GTM,62.47050147492625,0.6724365156584555,14,0.5343521163132414,0.6758159757773309,0.9417343766016333,0.9254616690014921
