method,nn_overlap_best,AUC,kmax,Qlocal,Qglobal,trust_20,cont_20
PCA,60.45787545787545,0.8948764220017174,76,0.6805655640859363,0.9311639834108364,0.9774504997104415,0.9831853565122236
UMAP,64.98168498168498,0.8462776244914916,8,0.5573221916971918,0.8515311471030829,0.977364165094524,0.9674175646532581
t-SNE,69.56959706959707,0.8747862737680526,9,0.6596971884670297,0.8795030013462555,0.9842039628654565,0.9794917982114878
GTM,61.71245421245422,0.7194831053389741,6,0.5700498575498575,0.7218129291855101,0.9680007674188081,0.9079635689238017
