method,nn_overlap_best,AUC,kmax,Qlocal,Qglobal,trust_20,cont_20
PCA,63.12643678160919,0.8961890670491465,68,0.6773181523409908,0.938920641074903,0.973135558302431,0.9824324055524771
UMAP,68.3103448275862,0.8560361587357013,16,0.5966897119483326,0.8672750407263302,0.9780421408578777,0.9741247176164699
t-SNE,72.25287356321839,0.8762148833448289,14,0.6594865151269093,0.884883740430403,0.9826381370501399,0.9796584402483555
GTM,64.50574712643679,0.7295561673978397,15,0.582147318836974,0.7357300642777699,0.9571649403975392,0.923240271088189
