method,nn_overlap_best,AUC,kmax,Qlocal,Qglobal,trust_20,cont_20
PCA,33.97379912663755,0.7059200183048678,39,0.3268077647358621,0.7229215419367564,0.8445062863849649,0.9248785626752212
UMAP,65.24563318777292,0.7188741139459526,15,0.5378893064318828,0.72231553269477,0.9820303580983285,0.962112664248605
t-SNE,66.26637554585153,0.7272952478493543,7,0.6594558565784393,0.7282664698701886,0.9771541255403037,0.9654044171131697
GTM,65.78056768558952,0.6972391441457135,17,0.5723532298826757,0.700000346521072,0.9754208388915053,0.9305591788124539
