method,nn_overlap_best,AUC,kmax,Qlocal,Qglobal,trust_20,cont_20
PCA,41.289592760180994,0.662497373272662,26,0.35233230269625726,0.6822208737588886,0.8127172413034753,0.8933509453879692
UMAP,53.23529411764706,0.6506721198223409,20,0.46783146940142917,0.6598145914161909,0.8392395111142877,0.8708021090481244
t-SNE,54.20814479638009,0.6516744799657996,10,0.4558952811893988,0.6566533507368013,0.843929064288581,0.8786736528427616
GTM,58.0316742081448,0.6826944138823706,10,0.48623581483875594,0.6878380418877836,0.8854079270739981,0.8911173666587862
