method,nn_overlap_best,AUC,kmax,Qlocal,Qglobal,trust_20,cont_20
PCA,24.432485322896284,0.6777260196614299,171,0.3601543801747402,0.741873408423816,0.8082130595383658,0.9078507331890542
UMAP,54.63307240704501,0.6841900632702791,17,0.49095782604152105,0.6876980041238246,0.9389223270598522,0.9288115814166008
t-SNE,56.32583170254403,0.6984040208594813,3,0.5326157860404436,0.6991622422862954,0.9434900173983755,0.9322249393820073
GTM,55.81213307240704,0.6667067305758708,23,0.5154469169447213,0.670426407070292,0.9522509826677443,0.8975254931102236
