method,nn_overlap_best,AUC,kmax,Qlocal,Qglobal,trust_20,cont_20
PCA,43.42857142857143,0.811211574116692,65,0.4859026472576886,0.8582988277184873,0.9158212720882084,0.9528541576387886
UMAP,59.66666666666667,0.7823258526154635,12,0.5348065919970681,0.7888937738946943,0.9605662285136501,0.9516485146131253
t-SNE,63.28571428571429,0.8110661341957226,7,0.5789614512471655,0.8150483949203026,0.9711737685974289,0.9647293562521065
GTM,55.46666666666666,0.6906143376495228,11,0.5374468931741659,0.6944266549216492,0.9482045356059512,0.8517584862054023
