method,nn_overlap_best,AUC,kmax,Qlocal,Qglobal,trust_20,cont_20
PCA,20.144157814871015,0.6865388068229343,331.3333333333333,0.3366784631797039,0.740094368823372,0.8276604386852938,0.9194401997705338
UMAP,51.87405159332321,0.673614208616414,17.0,0.45560717298125963,0.6751858107244367,0.9617019126678814,0.9277155024633866
t-SNE,54.16540212443096,0.6859710952755057,5.0,0.5208844444444444,0.6863997906957882,0.9691352878450429,0.9361031382871027
GTM,49.057283763277695,0.6125107145150549,37.666666666666664,0.46634180804631487,0.6147959747211683,0.9632381264763447,0.8947480677600054
