method,nn_overlap_best,AUC,kmax,Qlocal,Qglobal,trust_20,cont_20
PCA,57.955390334572485,0.9095457818950755,127,0.696037638253012,0.9389500682904249,0.980083789794819,0.9910091754536614
UMAP,66.79368029739777,0.8758594232974424,15,0.5904264316160226,0.8804146847041598,0.988874073520967,0.9862453087137475
t-SNE,69.76301115241635,0.8768319746510154,9,0.674827935786734,0.8790826367203761,0.9914941713379521,0.9898673550479218
GTM,57.74628252788104,0.7405288445739837,15,0.5265976973597792,0.7438574202126337,0.9790238391122157,0.9299907196535337
