method,nn_overlap_best,AUC,kmax,Qlocal,Qglobal,trust_20,cont_20
PCA,37.01565557729941,0.7344542479336764,81,0.48065917443928136,0.7834060482947955,0.893571194389406,0.9445184097615212
UMAP,72.81800391389433,0.7592322633498751,18,0.5848101960446556,0.7666157496008962,0.9859747368506795,0.978942556168049
t-SNE,73.26810176125245,0.7693304321357399,18,0.6824429670308091,0.7735321198282776,0.983664480289001,0.979618425848808
GTM,75.2348336594912,0.7466068956237321,26,0.6695267395039554,0.7518255273602864,0.984276815368857,0.9781392100124014
