method,nn_overlap_best,AUC,kmax,Qlocal,Qglobal,trust_20,cont_20
PCA,20.489396411092986,0.5391784773924666,30,0.1745852724443673,0.5576176092046478,0.6516194890393407,0.715400653928824
UMAP,27.903752039151712,0.5266387880825519,4,0.2519371941272431,0.528172412613844,0.6716740997976601,0.7174430962899692
t-SNE,26.109298531810765,0.5283926413981489,3,0.3125793003443901,0.5292113038131169,0.6634394975810234,0.6905922466725944
GTM,37.04730831973899,0.5755496167745129,8,0.33730895090499496,0.5786182029910832,0.7785642971665419,0.7520313101681031
