method,nn_overlap_best,AUC,kmax,Qlocal,Qglobal,trust_20,cont_20
PCA,56.36163175303197,0.9097303018938321,128,0.6940259502925791,0.9462223338373129,0.9795827093701709,0.9890383535297185
UMAP,67.7122381477398,0.8914172095831644,104,0.6994036960714146,0.9171810790245375,0.989232633802755,0.9875380116995844
t-SNE,71.32304299889746,0.8924869779552506,19,0.6792341445363297,0.8977434399180892,0.9914073904492597,0.9883422402043811
GTM,58.85336273428886,0.7422729710381892,19,0.5339037190583961,0.7471140889821392,0.9712007325919781,0.9227739373862793
