method,nn_overlap_best,AUC,kmax,Qlocal,Qglobal,trust_20,cont_20
PCA,21.457308895842647,0.6515823589393572,490,0.32335132608223766,0.7438058495562596,0.7889461289089688,0.9056274077858111
UMAP,56.66070630308448,0.6561820880007837,17,0.48561204038328304,0.6575916037753708,0.9707648116909027,0.9360515184492195
t-SNE,58.05543138131426,0.6590186004329811,3,0.620722197387374,0.6592034394864759,0.9680232774280808,0.9404695619811463
GTM,56.14662494412159,0.5729072487817816,17,0.4930394587812959,0.5735799613767102,0.9691003669918631,0.8718050693682389
