method,nn_overlap_best,AUC,kmax,Qlocal,Qglobal,trust_20,cont_20
PCA,29.948979591836732,0.6749922994654469,127,0.38875683229565955,0.7134738982250296,0.8563971997998592,0.9375498691557335
UMAP,55.85343228200371,0.6316230145409525,29,0.5043619030443112,0.6353472300686644,0.9304292843194991,0.9357913753481432
t-SNE,58.042671614100186,0.6615481024877157,32,0.5430394045375069,0.66543536524457,0.9478626998640637,0.9553174135785796
GTM,60.54730983302412,0.6986528833629156,32,0.5484853365128828,0.7035915002712707,0.963987229953817,0.9634233376579098
