method,nn_overlap_best,AUC,kmax,Qlocal,Qglobal,trust_20,cont_20
PCA,41.42857142857143,0.6756845575603043,27,0.3713544488178585,0.6977866284531241,0.8300581162719002,0.9048621542376994
UMAP,55.80049261083744,0.6919454801432062,10,0.4724301157244507,0.6982072780757302,0.8968259070008462,0.8969305294090638
t-SNE,57.16748768472907,0.6931892917473094,10,0.4962965243568691,0.6989163271306119,0.900799918663457,0.8979872485290549
GTM,61.13300492610837,0.6766117992125605,10,0.5154320118852139,0.6814766083385472,0.9305484313198166,0.9190996569434514
