method,nn_overlap_best,AUC,kmax,Qlocal,Qglobal,trust_20,cont_20
PCA,41.94647201946472,0.718855470513596,55,0.4296898663775611,0.7645192210204195,0.8703604234407921,0.9325081289505741
UMAP,69.07542579075425,0.7091963796787253,25,0.585746758861147,0.7183493891446403,0.9698050650475907,0.9662532651684459
t-SNE,70.38929440389295,0.7217944895227258,22,0.6322702099466775,0.7279972383270852,0.9689606773006448,0.9654952025603397
GTM,72.23844282238443,0.7304271580578693,22,0.6272653922847241,0.7374886270046265,0.9643732954781613,0.9529265820680306
