method,nn_overlap_best,AUC,kmax,Qlocal,Qglobal,trust_20,cont_20
PCA,5.141450453266646,"(0.563980564005517, 0.0029448748460701906)","(63.333333333333336, 4.988876515698588)","(0.09833401028763039, 0.004976496798575731)","(0.5759556596118797, 0.0026821768669251277)",[0.61991845 0.6156542  0.61417292 0.61305409 0.60943977],[0.88254388 0.84893622 0.81528801 0.77145381 0.70897837]
UMAP,56.4399030947171,"(0.5706877035049985, 0.001827344946279863)","(4.333333333333333, 0.4714045207910317)","(0.49125144444444446, 0.0027917624372737725)","(0.5708668025719005, 0.00184067930902076)",[0.95369491 0.91489569 0.86055408 0.78851965 0.68967976],[0.97770492 0.94691178 0.9061996  0.85395086 0.78027041]
t-SNE,65.11761487964989,"(0.5779934347475989, 0.001491030065347218)","(3.0, 0.0)","(0.5931481481481482, 0.007400063025720576)","(0.5780550140685036, 0.001491154136164571)",[0.9671134  0.94081094 0.90723754 0.85412142 0.75986364],[0.98665206 0.97019264 0.94510423 0.90286525 0.82890898]
GTM,40.33408877774304,"(0.5164225459995289, 0.0020614530716091197)","(9.333333333333334, 0.4714045207910317)","(0.39510158436213993, 0.006030432090120664)","(0.5168703729737275, 0.0020775472324586547)",[0.94784154 0.9333921  0.90471711 0.85739096 0.76464993],[0.94324828 0.90679227 0.84873174 0.76084991 0.62905321]
