method,nn_overlap_best,AUC,kmax,Qlocal,Qglobal,trust_20,cont_20
PCA,27.043216630196937,"(0.9027922020721588, 0.0018126587502204248)","(399.6666666666667, 8.055363982396381)","(0.6539985936957191, 0.0057755307794643525)","(0.9505070546377034, 0.0018904245596374509)",[0.96295077 0.96212411 0.96106424 0.96104603 0.96258843],[0.99432699 0.99223374 0.99021388 0.9880399  0.98584546]
UMAP,59.073147858705845,"(0.8529741087173198, 0.00127246878049034)","(144.0, 196.5756851698602)","(0.5641444258350777, 0.03966755597881503)","(0.8693053530158644, 0.021218970596212635)",[0.99664533 0.99405236 0.9899243  0.98361541 0.97465243],[0.99297323 0.98794804 0.98212669 0.97555468 0.96713982]
t-SNE,67.6242575804939,"(0.8183847492476013, 0.000300280891697501)","(1.3333333333333333, 0.4714045207910317)","(0.6679, 0.006648809417231477)","(0.8186627263219771, 0.0003104497498284671)",[0.99841041 0.99656576 0.99336069 0.98655924 0.97402345],[0.99255197 0.98826867 0.98358014 0.97707274 0.96730662]
GTM,41.33322913410441,"(0.6292950456513884, 0.0034127514285063583)","(9.333333333333334, 1.247219128924647)","(0.39391321740128565, 0.013140755161024418)","(0.6301956455739458, 0.003396598232812685)",[0.97643223 0.97195432 0.96790136 0.96038523 0.93785965],[0.94622722 0.926874   0.90266601 0.87245152 0.83020227]
