method,nn_overlap_best,AUC,kmax,Qlocal,Qglobal,trust_20,cont_20
PCA,10.067208502657081,"(0.6714992671979577, 0.0014120820016555538)","(305.6666666666667, 5.312459150169743)","(0.2862334784249973, 0.004544024605863866)","(0.7252321017598629, 0.0017329099685143043)",[0.75594555 0.75304419 0.75094364 0.74851672 0.74930204],[0.94670806 0.92783633 0.91042845 0.89256382 0.86719117]
UMAP,58.58432322600813,"(0.6432514896412392, 0.002007770453261137)","(4.0, 0.0)","(0.5143722222222222, 0.005595659417886998)","(0.6435368552758226, 0.002007655470317117)",[0.98543382 0.96421438 0.93027536 0.88725217 0.82788522],[0.97918641 0.95756396 0.93170246 0.89932601 0.85369627]
t-SNE,66.9916380118787,"(0.6464947855912114, 0.001564053135732383)","(2.6666666666666665, 0.4714045207910317)","(0.6347407407407406, 0.00566105265359513)","(0.6466232821231014, 0.0015620259603900306)",[0.99360868 0.98474662 0.9708569  0.93846368 0.8732159 ],[0.98558376 0.97452777 0.96149045 0.93891526 0.89232664]
GTM,45.65684588934042,"(0.5198938093749708, 0.00096412886511428)","(12.0, 0.0)","(0.4570801254609587, 0.003403281864819016)","(0.5202132967434512, 0.0009568588762960053)",[0.99066926 0.986092   0.97562502 0.95056379 0.87384598],[0.94506413 0.91549133 0.8769501  0.81860659 0.71754127]
