method,nn_overlap_best,AUC,kmax,Qlocal,Qglobal,trust_20,cont_20
PCA,51.480000000000004,0.8733625368306934,94,0.6182457206786879,0.9343450591074262,0.9444579339723109,0.9744144834930777
UMAP,61.919999999999995,0.8459478849461419,20,0.5546355374497363,0.859109798826632,0.9702756123535676,0.9650210862619808
t-SNE,63.65,0.8457535433367965,9,0.5914250440917107,0.8513946227116846,0.9744570820021299,0.9639674121405751
GTM,57.66,0.7177502614427644,21,0.5007168816653559,0.7279286058544782,0.9668541001064963,0.8910249201277955
