method,nn_overlap_best,AUC,kmax,Qlocal,Qglobal,trust_20,cont_20
PCA,34.92578849721707,0.7691142251914668,242,0.5143186827751565,0.8435749739297852,0.8906388565406635,0.9573570786526804
UMAP,67.51855287569573,0.750911745060869,24,0.6042249963191256,0.7546699919416422,0.972868655381441,0.9843559849628721
t-SNE,71.92022263450835,0.7858493095245128,8,0.7113980088788762,0.7868892942483002,0.9794566088531312,0.9892345942499369
GTM,67.40723562152134,0.7748073075461227,42,0.6474403792314329,0.780469337523368,0.9788786801333682,0.9801233168468082
