method,nn_overlap_best,AUC,kmax,Qlocal,Qglobal,trust_20,cont_20
PCA,41.47629310344828,0.7297117887245668,66,0.4640091449274511,0.7748084273134936,0.8684750725848148,0.936228274271169
UMAP,69.60129310344828,0.7329265830118654,15,0.6070118909666323,0.7381191383833346,0.9302241180447839,0.9620664797359106
t-SNE,72.7478448275862,0.7727441372227493,3,0.7397030651340996,0.7741020983013939,0.9485744044067932,0.9704306367577457
GTM,71.13146551724138,0.72284246624982,17,0.6438712874524718,0.7268375834427077,0.9644794276737064,0.9501958795688661
