method,nn_overlap_best,AUC,kmax,Qlocal,Qglobal,trust_20,cont_20
PCA,67.39031770045386,0.9244560539119334,108,0.7393696071769862,0.9621589596655942,0.9800428543492006,0.9923578410142035
UMAP,75.27231467473526,0.8200509397599216,19,0.6585677723823077,0.8257388795136912,0.985562211389995,0.9881267538550318
t-SNE,79.84114977307111,0.8569501884740782,13,0.7495911710126768,0.8601297044980205,0.9912561291197223,0.9881581867763379
GTM,67.26928895612708,0.7064645995489359,10,0.6167745479432317,0.7084504880948324,0.9749074108510764,0.9365220552331615
