method,nn_overlap_best,AUC,kmax,Qlocal,Qglobal,trust_20,cont_20
PCA,70.70301291248207,0.9302174329714181,48,0.6903360635441684,0.9491459814935806,0.9825322542974337,0.9931525205548158
UMAP,75.83931133428982,0.8086987495725435,19,0.6421914911148227,0.8142175359171824,0.989996889466269,0.9905624899768701
t-SNE,82.03730272596843,0.8479559870586288,31,0.7695843948685728,0.8526532885368384,0.9957553592128304,0.9944880050715692
GTM,72.53228120516499,0.7599550894862152,20,0.6510208498412478,0.7639017008853816,0.9842558559295491,0.9598155636470093
