method,nn_overlap_best,AUC,kmax,Qlocal,Qglobal,trust_20,cont_20
PCA,62.235834609494646,0.8990227059755518,76,0.673316557048528,0.9300586884865603,0.975156860212673,0.9896378161958708
UMAP,74.93874425727411,0.8748782772672051,18,0.6505089748220997,0.8822438020319808,0.9892343647176762,0.9919046476872267
t-SNE,77.40428790199081,0.8898503842223648,32,0.7441831292111604,0.8984926863388825,0.9917339188299907,0.9926735425622859
GTM,68.2312404287902,0.7244463126661398,17,0.626660188255593,0.7277087269365584,0.9821015147880957,0.9646441201252176
