method,nn_overlap_best,AUC,kmax,Qlocal,Qglobal,trust_20,cont_20
PCA,24.188110026619345,0.5656111614425922,40,0.22170068530592696,0.578139878883526,0.7104064679461268,0.8871318800523242
UMAP,46.89884649511979,0.5898920978610779,14,0.3934194180771694,0.5924271913141798,0.8393421676051613,0.9289499824196615
t-SNE,49.37444543034605,0.601360993777994,11,0.47539578653356185,0.6027229212420696,0.8574995620088278,0.9321290497998997
GTM,47.62200532386868,0.5843047505837965,13,0.3952322722969778,0.586578207519529,0.8615752468833843,0.9050588890763586
