method,nn_overlap_best,AUC,kmax,Qlocal,Qglobal,trust_20,cont_20
PCA,20.344585091420534,0.6395576861257812,46,0.2115302298810231,0.6691106331749349,0.714494802469021,0.8311109871020212
UMAP,49.62025316455696,0.6526871548598293,12,0.4765139845308622,0.6559670747422106,0.8687598367627014,0.8951904107904443
t-SNE,51.490857946554144,0.6720681328583323,2,0.5639943741209563,0.672729633836867,0.8873645071517076,0.90020399495283
GTM,52.09563994374121,0.6250794908609301,11,0.469800065609425,0.6277287741130655,0.8988504357369396,0.838888010491169
