method,nn_overlap_best,AUC,kmax,Qlocal,Qglobal,trust_20,cont_20
PCA,28.000000000000004,0.590619642155135,19,0.23005004648345212,0.6068546585062327,0.7049901254564312,0.8133725473480812
UMAP,40.47126436781609,0.5910603574176535,5,0.3974099616858237,0.5934156096799449,0.7757052129065257,0.8737948084054388
t-SNE,42.252873563218394,0.6209397655805127,3,0.4652618135376756,0.6222813063028335,0.7893909040535356,0.8865836920847364
GTM,40.45977011494253,0.591213144052814,5,0.37874329501915704,0.5937853840319267,0.7836429251381726,0.7939817853743092
