method,nn_overlap_best,AUC,kmax,Qlocal,Qglobal,trust_20,cont_20
PCA,17.00315457413249,0.6779617923406895,360,0.34152087057404257,0.7567171258898592,0.7746389404631372,0.8853528619704556
UMAP,53.22555205047319,0.6901334792509186,11,0.46779234849209034,0.6915527518221246,0.9422939645066164,0.9326429173222894
t-SNE,55.41535226077813,0.6954827027633717,4,0.6119764283210656,0.6958338692671554,0.9494664979956978,0.9370591665957316
GTM,51.13301787592008,0.5891078607162,10,0.4808913549646988,0.5897447735777701,0.947985008398432,0.8390801841671225
