method,nn_overlap_best,AUC,kmax,Qlocal,Qglobal,trust_20,cont_20
PCA,39.61174785100287,0.8847304403388385,431.6666666666667,0.6343737886415483,0.9373549479283442,0.9528849591685228,0.9873456651143956
UMAP,66.69340974212035,0.8219932953030616,13.0,0.5942179592592506,0.8233757145538699,0.9887896092326383,0.981355286495242
t-SNE,71.91404011461317,0.8109108241270055,5.333333333333333,0.7045211111111112,0.811356160242117,0.9921798501720996,0.9839738867517042
GTM,56.65329512893983,0.6470569008041698,15.0,0.5001038344125011,0.6480294598085155,0.9802908443004656,0.9271367753256395
