method,nn_overlap_best,AUC,kmax,Qlocal,Qglobal,trust_20,cont_20
PCA,4.859999999999999,0.5590559264503738,292,0.3475737317379438,0.8599806534832929,0.5346956336528221,0.6406915867944623
UMAP,8.6,0.5002075415912157,2,0.138,0.5009668613992272,0.5333946751863685,0.514087326943557
t-SNE,10.5,0.5377486502592053,4,0.106375,0.5405376042091972,0.54944494142705,0.7183473908413205
GTM,10.08,0.5239619641635643,19,0.07791795391390063,0.5408690254776216,0.5834153354632587,0.5519725239616613
