method,nn_overlap_best,AUC,kmax,Qlocal,Qglobal,trust_20,cont_20
PCA,37.296898079763665,0.8874521524828322,333,0.6206609704868697,0.94022681991002,0.9506926074980516,0.9844752868897497
UMAP,60.67700640078779,0.842855086155449,15,0.5524374475753108,0.8452435887053803,0.9846443854324455,0.9796839810234541
t-SNE,65.40620384047267,0.8503599755012723,3,0.6838448492805953,0.8508791553704987,0.9884179988976168,0.979838090698891
GTM,53.90448055145248,0.6494532601517838,17,0.49933728145785977,0.6508167103114778,0.9763427926868603,0.896405723778312
