method,nn_overlap_best,AUC,kmax,Qlocal,Qglobal,trust_20,cont_20
PCA,25.827137546468403,0.7234552194731041,181,0.41841566140872993,0.785612800195775,0.8141440836013434,0.9292430028498841
UMAP,59.89776951672863,0.7439748889735366,14,0.5100566509521635,0.7473933011353101,0.9394177382622284,0.9637056672337989
t-SNE,62.36524163568773,0.7415373322502221,9,0.6230452128531435,0.7429035417166556,0.9449887462465265,0.9658438359476531
GTM,58.72676579925651,0.744396877725032,16,0.5159676207240972,0.7481617156644705,0.9479052995756286,0.9549880973334115
