method,nn_overlap_best,AUC,kmax,Qlocal,Qglobal,trust_20,cont_20
PCA,18.2537517053206,0.6012244769958776,21,0.14307481822360574,0.6144732191094513,0.6520261393483612,0.7698122569462988
UMAP,38.21964529331514,0.5736532592592171,11,0.3687007564348504,0.5767649041119752,0.708963019424876,0.8637129138285116
t-SNE,38.396998635743515,0.5857761035280996,1,0.5075034106412005,0.5860111065514643,0.7116927946866822,0.8668605108436542
GTM,37.12141882673943,0.5980485787808693,13,0.32706552842453773,0.6029251223791164,0.7622021332893146,0.8226638442902711
