method,nn_overlap_best,AUC,kmax,Qlocal,Qglobal,trust_20,cont_20
PCA,30.187018701870187,0.6944953987245914,162,0.38454129694108113,0.7621467301633914,0.824631131297535,0.9244636415832819
UMAP,63.04180418041804,0.7329887446770685,15,0.5391923907490465,0.7366514615394036,0.953859557839677,0.9625504269265857
t-SNE,65.9130913091309,0.729879331189866,9,0.6292828136429163,0.7313400142760935,0.9654226094208738,0.9647313621515823
GTM,62.55775577557756,0.7105261891377519,21,0.5443614494511673,0.7148463664098949,0.9590420339700447,0.948476845407933
