method,nn_overlap_best,AUC,kmax,Qlocal,Qglobal,trust_20,cont_20
PCA,20.057142857142857,0.5066055043805061,16,0.15801924067995496,0.5170299150309593,0.5898620058741393,0.6830664933314075
UMAP,27.304761904761904,0.5214211656204669,3,0.2804232804232804,0.5225053577369614,0.6352276951225384,0.7858970581154605
t-SNE,26.96190476190476,0.5342025268369209,2,0.3576190476190476,0.5346974321646538,0.6437721604314122,0.8141424238047089
GTM,29.028571428571425,0.5218821727953867,4,0.31027777777777776,0.5232533348111847,0.6701472386730223,0.64404179305696
