method,nn_overlap_best,AUC,kmax,Qlocal,Qglobal,trust_20,cont_20
PCA,2.18,0.55603965306528,933,0.3630379494287185,0.8752292049466982,0.5325063627084042,0.5826244073948055
UMAP,5.873333333333333,0.5170419556675585,1,0.124,0.5170647238114029,0.5420267891573097,0.5548387433367359
t-SNE,8.143333333333333,0.5384741066824196,1,0.13333333333333333,0.5385255082945537,0.5678071679709652,0.7297912895542702
GTM,7.430000000000001,0.5124757733998002,11,0.0625691613100704,0.5155257173730383,0.6213600317568334,0.5501111262334127
