method,nn_overlap_best,AUC,kmax,Qlocal,Qglobal,trust_20,cont_20
PCA,35.06986634264885,0.8180548043040339,327,0.5495661772379694,0.8851102823091317,0.9064921836717732,0.9651370588613571
UMAP,67.89793438639126,0.7841521534586032,16,0.5982540228035936,0.78626703217341,0.9849436447416864,0.9773528804529932
t-SNE,72.64884568651276,0.7912701477901888,6,0.7117473336033481,0.7918900932245041,0.9905238513744997,0.9818718685516561
GTM,61.36391251518833,0.7155561351068609,24,0.5523199647964092,0.7181811058816274,0.9846384677898231,0.9492195141763438
