method,nn_overlap_best,AUC,kmax,Qlocal,Qglobal,trust_20,cont_20
PCA,12.65619083680424,0.5372775200212327,58.0,0.1315891900964435,0.5467815374109039,0.6472465897280152,0.8280200661402444
UMAP,40.43354789852329,0.573713632584819,12.333333333333334,0.3572116380414457,0.574785836655884,0.8158585813592495,0.9029969683471687
t-SNE,43.84892086330935,0.5742358957330369,7.666666666666667,0.4609823214285715,0.5746063855882841,0.8356141783086994,0.8849697266653168
GTM,37.449829609996215,0.5515329254251929,17.333333333333332,0.3180949636150772,0.553131863936883,0.8424954417223459,0.8106148262131336
