method,nn_overlap_best,AUC,kmax,Qlocal,Qglobal,trust_20,cont_20
PCA,48.75609756097561,0.8399050091644407,105,0.5787193827456835,0.8949588700445096,0.93418097602704,0.9717092643980332
UMAP,68.34959349593495,0.7940214023350674,12,0.6051627238314231,0.7986007625065782,0.97708429830235,0.9693098819782039
t-SNE,70.95934959349593,0.8184429358733585,14,0.6728570481009505,0.8227262490588954,0.9830799724592627,0.969190121499162
GTM,63.707317073170735,0.7411891838714031,21,0.5683499921362332,0.7479675266343951,0.9709459130519449,0.9513031080695752
