method,nn_overlap_best,AUC,kmax,Qlocal,Qglobal,trust_20,cont_20
PCA,19.586349534643226,0.6569947592867829,138,0.2802287369113457,0.7198985652968687,0.7391069743610696,0.8670098846560081
UMAP,44.917269906928645,0.6846959989585112,15,0.41311153532973593,0.6891344325395939,0.9047563730164295,0.9093127119116647
t-SNE,46.11168562564633,0.6874064823754695,2,0.47156153050672184,0.6880252036085294,0.9086386802937956,0.9104270063179422
GTM,46.04446742502585,0.651756923699335,38,0.4309484127426973,0.6609531776466061,0.9300614347134013,0.8653559453420429
