method,nn_overlap_best,AUC,kmax,Qlocal,Qglobal,trust_20,cont_20
PCA,10.949004975124378,0.5479564052076352,26.666666666666668,0.10001809539257533,0.5526558292306168,0.6206559222514679,0.8313409975028684
UMAP,50.63930348258706,0.5538497756093919,9.666666666666666,0.4299900241034685,0.5543539106988744,0.8265826010663427,0.9020664938921509
t-SNE,54.65174129353234,0.5638067788049063,6.333333333333333,0.5253257208994709,0.5639558728402073,0.8396343362354054,0.8993564500236215
GTM,44.245024875621894,0.5500031526010728,12.0,0.37397280137851574,0.5508438024693924,0.8430832827157996,0.7691141958561113
