method,nn_overlap_best,AUC,kmax,Qlocal,Qglobal,trust_20,cont_20
PCA,14.950372208436724,0.8784030317372317,437.0,0.6114017740694432,0.935330014823993,0.9419807005466693,0.9816099129378416
UMAP,38.82241881540619,0.8242463927117898,365.6666666666667,0.5742667294991954,0.8673281535496531,0.9762550043868529,0.9631851089964231
t-SNE,48.439421728341785,0.8324885441741806,377.0,0.5860890616070654,0.8765272796796886,0.9817545360059391,0.9700614078423432
GTM,28.806235839896427,0.6446698277640713,30.333333333333332,0.3343059490782367,0.6484915996118105,0.942237062833232,0.8560865303367753
