method,nn_overlap_best,AUC,kmax,Qlocal,Qglobal,trust_20,cont_20
PCA,22.563395810363836,0.5872733828019695,12,0.18418692688951785,0.5924774218253415,0.6998385505144433,0.8609238155916051
UMAP,39.30540242557883,0.5692755595125728,8,0.3630771906336956,0.5711143585684274,0.7660457958038228,0.9024084716010543
t-SNE,40.67254685777288,0.5834528390783482,3,0.45828739434031607,0.5839512621589656,0.7817228741907871,0.8963753426949297
GTM,40.39691289966924,0.5849213574579567,10,0.3836680754624525,0.5871961425730006,0.7985235579768436,0.8496313454773703
