method,nn_overlap_best,AUC,kmax,Qlocal,Qglobal,trust_20,cont_20
PCA,43.88339920948617,0.7308180015187286,23,0.37918932885528184,0.7480050701236874,0.8466991267773054,0.9366468830396961
UMAP,68.96245059288538,0.7116887815906211,14,0.5755445461120221,0.7164058917286192,0.9347100825841739,0.9576256322655994
t-SNE,72.69762845849802,0.7361012147531422,14,0.6710743229729678,0.7389117011682028,0.9524077006521116,0.9625538750555895
GTM,71.27470355731226,0.7359306133442906,18,0.6347779938798017,0.7406072827652459,0.9414192674239307,0.9514629909020254
