method,nn_overlap_best,AUC,kmax,Qlocal,Qglobal,trust_20,cont_20
PCA,28.16416040100251,0.6769773877401267,68,0.3035730722869967,0.7119152115939402,0.7732062240291282,0.9089314491440327
UMAP,61.8421052631579,0.6902563438415784,15,0.5420395850784322,0.6935198041859634,0.9275752083792543,0.9502315234339922
t-SNE,63.81578947368421,0.6938516287181695,6,0.6523043720412142,0.6946330472402444,0.9427199105254994,0.9470177071342852
GTM,60.75187969924812,0.6726827304091025,14,0.5431326311831145,0.675373038040607,0.9441155004775783,0.9054546790428841
