method,nn_overlap_best,AUC,kmax,Qlocal,Qglobal,trust_20,cont_20
PCA,13.51196953210011,0.540411720400804,86,0.16739934370278042,0.5586070625529048,0.6479267861362326,0.8384402433940313
UMAP,40.223068552774755,0.5765999256400771,15,0.34868115260389476,0.5784720245286734,0.7962627608035073,0.9201390049018944
t-SNE,43.07671381936888,0.5782188615903128,13,0.4241496614069226,0.5793321219850459,0.8158036954594642,0.9151179570072107
GTM,39.41784548422198,0.5597888816392715,26,0.3459875387512448,0.5628367675598919,0.8100327495308057,0.8635083536889125
