method,nn_overlap_best,AUC,kmax,Qlocal,Qglobal,trust_20,cont_20
PCA,22.39699149771092,0.7180311022048461,393,0.43891976358341944,0.8150832388172773,0.8171469703843804,0.9234824316359088
UMAP,59.457161543492475,0.6984667409772607,14,0.5370865649035321,0.7001595178677372,0.9549211736262095,0.9587912307336768
t-SNE,61.56965336821452,0.7029192720588757,5,0.6353455417484195,0.703380853939796,0.9615415720931308,0.9631263921431787
GTM,57.465663832570314,0.6633957240756069,19,0.5177716154310814,0.6653880883409871,0.956804504526327,0.9223412206625636
