method,nn_overlap_best,AUC,kmax,Qlocal,Qglobal,trust_20,cont_20
PCA,22.906976744186046,0.5779256974842266,57,0.2365197141945645,0.6008407161523478,0.6929497028370888,0.887887557235195
UMAP,43.604651162790695,0.6017463543716268,15,0.37272311565224076,0.6056679409646634,0.8013758658657706,0.9339524095104824
t-SNE,45.963455149501655,0.6118617795628644,11,0.44357425268781353,0.6140358088292126,0.8145586662731995,0.9379122758585676
GTM,44.202657807308974,0.5893802401272036,16,0.37655286354933365,0.593263266941316,0.8191694669471707,0.9049225282169908
