method,nn_overlap_best,AUC,kmax,Qlocal,Qglobal,trust_20,cont_20
PCA,30.717539863325737,0.7355926780932984,159,0.46214447102407474,0.7967161939549814,0.846756102969339,0.9375337485973082
UMAP,61.97608200455581,0.7038182054084064,40,0.5888560118822779,0.7097362262215122,0.9465535105932631,0.9713960395374309
t-SNE,65.22209567198178,0.6999190783284407,18,0.6241261885534742,0.701921498126412,0.9557133737846137,0.9719309102881986
GTM,62.067198177676545,0.7179905361018508,34,0.5861042230483845,0.7237601253339455,0.9548043622875804,0.9532213867666526
