method,nn_overlap_best,AUC,kmax,Qlocal,Qglobal,trust_20,cont_20
PCA,53.625592417061604,0.8919198287396275,121,0.6587225243592573,0.9486342428891247,0.9515156044128925,0.9804709183038026
UMAP,73.77567140600317,0.8122115511802174,13,0.6414564736110488,0.8167268309858654,0.9809713345525817,0.9829454681323868
t-SNE,77.93838862559241,0.8529026120398018,13,0.7219590451271093,0.8566800975274458,0.9879677226930969,0.9808862493690718
GTM,72.82780410742497,0.752637348417992,14,0.6477386805501227,0.7557957063600131,0.9804831107877262,0.9443084042922787
