method,nn_overlap_best,AUC,kmax,Qlocal,Qglobal,trust_20,cont_20
PCA,37.8021978021978,0.7232769642908806,58,0.4066942179326839,0.7615388487016022,0.8453409506755772,0.9214760021743533
UMAP,70.64102564102565,0.7298514651063246,16,0.5868818503433888,0.7350072692137347,0.9411944021061383,0.9724283475980857
t-SNE,72.84798534798534,0.7644408247891753,5,0.7016605616605617,0.7659562305014087,0.9645166505011316,0.9746163794175433
GTM,71.41941391941393,0.7265645209260385,20,0.6413450003148018,0.730658316865628,0.9658466654586926,0.9466610176115511
