method,nn_overlap_best,AUC,kmax,Qlocal,Qglobal,trust_20,cont_20
PCA,5.0200000000000005,0.5613754786629613,277,0.33422035443497,0.8470551188687729,0.5487552715654952,0.6097833865814697
UMAP,7.07,0.511659757542496,2,0.0545,0.5126335060760192,0.527220447284345,0.5801271565495207
t-SNE,9.11,0.536974741463866,1,0.1,0.5371235331800184,0.5481064962726305,0.7320566560170394
GTM,9.48,0.5646447045299798,251,0.322906950332442,0.8109432362820985,0.6156374866879659,0.6409697550585729
