method,nn_overlap_best,AUC,kmax,Qlocal,Qglobal,trust_20,cont_20
PCA,22.388465723612622,0.6623593695377876,130,0.2791507742670987,0.6915679196291754,0.7699214823978797,0.9103450891506644
UMAP,58.767682263329704,0.6602664352485902,18,0.5231587918903895,0.6617611886385227,0.9475678506765879,0.9596753793060893
t-SNE,61.947769314472254,0.661177011392937,7,0.6037809138889505,0.6615563222625069,0.9582043143292742,0.960874921173866
GTM,54.97551686615887,0.6656224980236127,45,0.5314796862777308,0.669131340311255,0.9494010718849191,0.9379557881334122
