method,nn_overlap_best,AUC,kmax,Qlocal,Qglobal,trust_20,cont_20
PCA,37.82542113323124,0.7244494956626739,54,0.38409159253070024,0.7555447160905747,0.8331445229616783,0.9306762117382239
UMAP,68.7519142419602,0.6674658972820617,15,0.591014262239377,0.6698333747433715,0.9284215575933136,0.9613254857100685
t-SNE,70.18376722817764,0.6817248512012825,10,0.6568911495174895,0.6827316777281478,0.9404441656365123,0.9686910582606075
GTM,69.21133231240428,0.7118531562084955,21,0.6285959431418116,0.7152730916132661,0.9473927563239174,0.9482757984464658
