method,nn_overlap_best,AUC,kmax,Qlocal,Qglobal,trust_20,cont_20
PCA,19.605018587360597,0.5838524832029287,97,0.22456113857995155,0.6193931057797045,0.696679653818187,0.8597740093407932
UMAP,39.37732342007435,0.5836466536460231,7,0.3865178413372784,0.5849828390108881,0.7746526092529676,0.9048682706376594
t-SNE,41.96561338289963,0.5982915604852913,4,0.4730096034696406,0.5988461198276788,0.8033026566325143,0.9029558881309346
GTM,39.9907063197026,0.5786705753609579,11,0.3724555608954899,0.5808100782435104,0.8034670183242396,0.8319281253166785
