method,nn_overlap_best,AUC,kmax,Qlocal,Qglobal,trust_20,cont_20
PCA,23.286240786240786,0.6706798595732493,192,0.3574807345390698,0.7127153807609271,0.7877330595640455,0.9291760582605653
UMAP,61.42813267813268,0.65485816618693,15,0.5353286706695798,0.6561387329554835,0.9519556432232489,0.9624459286431117
t-SNE,64.22297297297297,0.6524110495450669,3,0.7135544635544635,0.6525270497156179,0.9577222356799822,0.9667456444921234
GTM,58.381449631449634,0.6965466690172992,35,0.5520618865458827,0.6999211946746677,0.9529436542816825,0.9396048993936318
