method,nn_overlap_best,AUC,kmax,Qlocal,Qglobal,trust_20,cont_20
PCA,16.668326693227094,0.5606923979945095,70,0.1848085722992241,0.574178929514692,0.6779648913826364,0.8826153288237694
UMAP,50.50049800796813,0.574577448389429,15,0.4218942124719017,0.5757711427019667,0.8748374391183685,0.9429657728126685
t-SNE,54.49203187250996,0.5767639939960746,11,0.510222038188581,0.5771994844112202,0.8912042600772636,0.9402335915503599
GTM,48.96165338645419,0.5837026873779867,19,0.4090509841916053,0.5854093872855375,0.8806357754821422,0.8882298366584231
