method,nn_overlap_best,AUC,kmax,Qlocal,Qglobal,trust_20,cont_20
PCA,37.361111111111114,0.6919286702407789,38,0.3515377422671072,0.7224196562405782,0.8109094017094017,0.906513308913309
UMAP,63.29059829059829,0.6870356726801651,12,0.5593166350110794,0.6911231264483348,0.9112808302808303,0.9363042735042735
t-SNE,63.760683760683754,0.7082251136009862,8,0.6331485933048433,0.7103579507466681,0.9258588522588522,0.9419533577533578
GTM,63.376068376068375,0.7007991586266201,11,0.5712951961058021,0.7046659177043963,0.9163125763125763,0.9260888888888889
