method,nn_overlap_best,AUC,kmax,Qlocal,Qglobal,trust_20,cont_20
PCA,4.577389443651926,0.5189428580063529,48.333333333333336,0.04731868818953034,0.5280694961953815,0.5459669136802322,0.5539103246271174
UMAP,23.288159771754636,0.5228513513399599,4.0,0.30788611111111114,0.5231410381799446,0.6693444934872105,0.7720077802524128
t-SNE,24.16191155492154,0.5434119436366235,1.0,0.4710666666666667,0.5434467149170693,0.6772868758858067,0.7817700857123574
GTM,21.635164051355208,0.5154186520590499,4.666666666666667,0.22965488888888888,0.5158595770262632,0.7171992063170682,0.651744898427482
