method,nn_overlap_best,AUC,kmax,Qlocal,Qglobal,trust_20,cont_20
PCA,8.151862464183381,0.5225878341451997,184.33333333333334,0.12977632385649326,0.5537494022702923,0.6046813282040899,0.7799431328878991
UMAP,41.00859598853868,0.5529158124947623,6.666666666666667,0.4049996825396825,0.5533115113604551,0.7841879327799148,0.882580182223122
t-SNE,43.94412607449857,0.5519797505505281,4.0,0.47677777777777774,0.5521205902892242,0.7989519470878047,0.8822516568806101
GTM,36.757879656160455,0.5655278024513309,11.333333333333334,0.3119840126162364,0.5666538757248988,0.816618629952082,0.8184397732334481
