method,nn_overlap_best,AUC,kmax,Qlocal,Qglobal,trust_20,cont_20
PCA,38.28852119958635,0.8715725012728612,210,0.6203886127926287,0.9423261858367031,0.941262186042223,0.9752145963622831
UMAP,57.58531540847983,0.8206207434897488,7,0.5143117433115956,0.8232881939243444,0.9768116670191052,0.9605810209966812
t-SNE,61.370217166494314,0.8401044900527933,11,0.580718169622466,0.8435617477141153,0.9821850925716835,0.9722912161113875
GTM,53.71251292657704,0.7026087153206843,29,0.4858034039640328,0.709599220944092,0.9626280718046855,0.9085915842117148
