method,nn_overlap_best,AUC,kmax,Qlocal,Qglobal,trust_20,cont_20
PCA,60.664697193500736,0.8979849169445803,97,0.6569802483184,0.9395617524319407,0.9505737632816632,0.984651817935686
UMAP,74.83751846381092,0.8002299830716925,17,0.6522838208233397,0.8048977925853187,0.9837422503401454,0.9753868404007032
t-SNE,79.28360413589365,0.8556006589696239,17,0.7231485356308385,0.8600084375353724,0.98921656322363,0.9854086485461426
GTM,68.16838995568686,0.6984769591019151,14,0.5714965030748952,0.7017327599052892,0.9748242153808543,0.9486979657535577
