method,nn_overlap_best,AUC,kmax,Qlocal,Qglobal,trust_20,cont_20
PCA,46.71026814911707,0.8823683035293689,280,0.6458955049892156,0.9360000847041039,0.952802682778702,0.9853547246832619
UMAP,68.50882930019621,0.7965008249712301,15,0.6062561201606329,0.7987103612669605,0.9851174915923118,0.9822672247132679
t-SNE,73.50882930019621,0.8060611005587689,10,0.7343825199580596,0.8069049198417498,0.9927189670594946,0.9838991378559724
GTM,62.32504905166776,0.6693258493515191,26,0.575333930720303,0.6711546816615652,0.9786079953945661,0.9526058214307614
