method,nn_overlap_best,AUC,kmax,Qlocal,Qglobal,trust_20,cont_20
PCA,4.546876685726615,0.6533230485827622,350.3333333333333,0.2676686050067117,0.7162551598328508,0.7360848484848485,0.8566496483768645
UMAP,29.187614629409858,0.6804335497805006,148.33333333333334,0.3378307111943097,0.702058110591259,0.9139880920564217,0.8931999271107512
t-SNE,36.306505556154924,0.6525190403434934,1.0,0.4112,0.6526412022554299,0.91527892555848,0.9009626564081797
GTM,29.9929873772791,0.5092889583805876,12.333333333333334,0.2773855113214507,0.5103632603525152,0.9191834568401162,0.7025537558210164
