method,nn_overlap_best,AUC,kmax,Qlocal,Qglobal,trust_20,cont_20
PCA,12.75009807767752,0.5192558372785964,99.33333333333333,0.17120334312731064,0.5335613281467381,0.6802940703246271,0.8737333900249714
UMAP,39.77442134170263,0.5893407058275374,18.333333333333332,0.365193857334641,0.590992928433565,0.8470082067894985,0.9329994114868057
t-SNE,43.18752451941938,0.5701562321534656,17.666666666666668,0.4161306927338684,0.5712545481613395,0.857328004319363,0.9250694472565296
GTM,36.20243232640251,0.5706094588942167,33.666666666666664,0.3256887630168627,0.5739386156204999,0.8546282324357156,0.9079310197745833
