method,nn_overlap_best,AUC,kmax,Qlocal,Qglobal,trust_20,cont_20
PCA,25.68813131313131,0.5661220810674252,23,0.20384144843879867,0.5767612137295628,0.7019436817286456,0.8492506317276508
UMAP,50.04419191919192,0.5938872934813489,14,0.42823924937696584,0.5970107244372319,0.8298347891256624,0.9253214183860934
t-SNE,52.73358585858586,0.5950180480838563,12,0.48632056571608334,0.5968820693480822,0.8530390908427679,0.9231257917321607
GTM,50.252525252525245,0.5836830264422874,14,0.43083755119739964,0.5865702364253107,0.8458316752555097,0.8622940667343162
