method,nn_overlap_best,AUC,kmax,Qlocal,Qglobal,trust_20,cont_20
PCA,25.128205128205128,0.5599820636164304,18,0.1921234168772714,0.5743379513506296,0.6856952380952381,0.7635162393162394
UMAP,30.662393162393165,0.568472495729928,6,0.3145477207977208,0.5716585753905773,0.703125518925519,0.7938046398046398
t-SNE,32.40384615384615,0.5718114086238806,3,0.4013532763532764,0.5728863885806098,0.7058207570207571,0.8155228327228328
GTM,32.745726495726494,0.5661615618933696,6,0.29078822412155747,0.5696007044523441,0.7356761904761905,0.760327960927961
