method,nn_overlap_best,AUC,kmax,Qlocal,Qglobal,trust_20,cont_20
PCA,56.16541353383459,0.872126042260945,128,0.6324707375389949,0.9189696410637962,0.9468360641016221,0.9829653123035602
UMAP,72.24310776942356,0.8136159389675148,15,0.6424200667057811,0.8176011689710379,0.9860045063799564,0.9756240764778396
t-SNE,75.83959899749372,0.838020525219268,14,0.6963071546248238,0.8413186946215465,0.9870726490493335,0.9793330231115247
GTM,66.91102756892231,0.6952814274684717,15,0.5808093199383926,0.6979404422262176,0.9797103507955557,0.9222173511955785
