method,nn_overlap_best,AUC,kmax,Qlocal,Qglobal,trust_20,cont_20
PCA,15.319314641744548,0.5222109685838162,18,0.11984741182961359,0.5333292736118529,0.5925776205286526,0.6772590764246031
UMAP,25.30373831775701,0.5056413970165773,3,0.2732779508480443,0.5064421890556295,0.6263214403068905,0.7614172034958213
t-SNE,25.038940809968846,0.5286233968280089,1,0.4532710280373832,0.5287129849244971,0.6328584019175563,0.7976309468316254
GTM,26.246105919003114,0.5366651188847168,3,0.3097092419522326,0.5375372365930555,0.6713227521313965,0.6754195927994844
