method,nn_overlap_best,AUC,kmax,Qlocal,Qglobal,trust_20,cont_20
PCA,25.770328102710415,0.8418988302873581,468.3333333333333,0.5607072185444436,0.9070574963452839,0.9230807585881081,0.9753245731254641
UMAP,51.371255349500714,0.8013826063963795,6.666666666666667,0.4882726001511715,0.8023610240105583,0.9841096767226833,0.9656741391644732
t-SNE,57.273537803138375,0.8079155595346572,2.6666666666666665,0.635825,0.8082813531358785,0.9888189107106702,0.9735136667341567
GTM,44.172610556348076,0.6386321636042895,37.0,0.4206758984910029,0.6419528151512682,0.9576331187149895,0.8814990105959372
