method,nn_overlap_best,AUC,kmax,Qlocal,Qglobal,trust_20,cont_20
PCA,61.32486388384755,0.90406049943768,61,0.6365800981902379,0.9388086917005928,0.9660414825197745,0.986453064988816
UMAP,74.38294010889292,0.8357035332590916,15,0.6781275973471981,0.8412301019894363,0.9863760065970352,0.9827598410714254
t-SNE,78.2486388384755,0.881477264882964,11,0.7103224599924816,0.8861879527224289,0.9902188144514122,0.9850921649746945
GTM,68.30308529945553,0.7518245150865562,15,0.6342793688800948,0.7559524062929058,0.9745182542961797,0.9368354803335478
