method,nn_overlap_best,AUC,kmax,Qlocal,Qglobal,trust_20,cont_20
PCA,22.448979591836736,0.5860793678818488,51,0.21970934868352018,0.6041755697005308,0.7124674881885928,0.8946174078223175
UMAP,48.49257884972171,0.5729187165031374,12,0.39466598967410654,0.5749907161195112,0.8193122152310697,0.9455598850518728
t-SNE,52.69480519480519,0.5995389630319587,11,0.48516460839997694,0.6008446400767635,0.8567998724766539,0.9384542222182863
GTM,48.8404452690167,0.6039370790198246,15,0.40565994079444917,0.6068320843411319,0.8552023326145386,0.9138584225184976
