method,nn_overlap_best,AUC,kmax,Qlocal,Qglobal,trust_20,cont_20
PCA,30.726698262243286,0.5691547820985599,20,0.2424396928136492,0.579646964668804,0.7025612082358262,0.8104309977516011
UMAP,48.4044233807267,0.5572128628936366,14,0.4174752693456147,0.5604823328076612,0.7779296375685827,0.9030051195322282
t-SNE,51.41390205371248,0.5790320010197914,14,0.4889302283513522,0.581276963728098,0.8075978840140804,0.9131117709910654
GTM,49.763033175355446,0.5859869355028375,12,0.4246510846826803,0.5892809577448046,0.8079218370009111,0.8109698268798384
