method,nn_overlap_best,AUC,kmax,Qlocal,Qglobal,trust_20,cont_20
PCA,4.657814096016343,0.538211976745788,469,0.2849862513380779,0.7721346010641428,0.5518801526844979,0.5956478779730159
UMAP,11.103166496424924,0.5065826525984047,2,0.21322778345250254,0.5069103896934849,0.5717175067562729,0.6257729127707153
t-SNE,11.348314606741573,0.5393901843834216,1,0.34627170582226763,0.5394709019743712,0.570423705404426,0.7334010531116547
GTM,11.67517875383044,0.508149824999124,3,0.12728407672227895,0.5089640643905078,0.6353253322406273,0.5547363909360675
