method,nn_overlap_best,AUC,kmax,Qlocal,Qglobal,trust_20,cont_20
PCA,36.7,0.8432976724360565,426.0,0.5763603562915462,0.8984385367636764,0.9390720469730716,0.9843010433960991
UMAP,67.5378787878788,0.7885524823704261,14.333333333333334,0.5902772270498461,0.789882631821615,0.990254310589188,0.9800308753458865
t-SNE,74.07727272727273,0.7950961384708298,13.333333333333334,0.6951267532060941,0.7958467185314166,0.9943330822703652,0.9847895228453803
GTM,59.36666666666667,0.6746791364393333,37.666666666666664,0.5817138303369305,0.6762244583928734,0.985676161166228,0.943740579064588
