method,nn_overlap_best,AUC,kmax,Qlocal,Qglobal,trust_20,cont_20
PCA,56.17187500000001,0.8878103143751132,70,0.6216851187511901,0.9316073043081807,0.9518920771677051,0.9776518285955348
UMAP,69.755859375,0.8383677710989765,14,0.6135250491695804,0.8457791370866703,0.9809847157320872,0.979379015771028
t-SNE,73.427734375,0.8508042560085433,13,0.697458914199449,0.8559924219223102,0.9861472124870198,0.9799219561266874
GTM,63.80859375,0.7252392735926748,11,0.6169248094274727,0.7284295480595193,0.9606148186007268,0.9212539752076843
