method,nn_overlap_best,AUC,kmax,Qlocal,Qglobal,trust_20,cont_20
PCA,16.024242424242424,0.5393431630105084,95,0.2031404299426755,0.5597840321606055,0.6804808816787823,0.8638268264615903
UMAP,41.81515151515151,0.5863314191626042,30,0.3849150961031986,0.5900751687098912,0.830065471011442,0.9459521550796636
t-SNE,45.84848484848485,0.5896402654143384,20,0.4368134966110445,0.5915473050273391,0.8452653175783772,0.9440541506450738
GTM,42.89090909090909,0.5815739903401955,30,0.3831384120548468,0.5852707446106578,0.8511375190621872,0.9134622732418348
