method,nn_overlap_best,AUC,kmax,Qlocal,Qglobal,trust_20,cont_20
PCA,14.81132075471698,0.5565236131715169,24,0.1167567919552835,0.5792919267696841,0.6025617368726245,0.7246649341136865
UMAP,28.920335429769388,0.5521660985507715,5,0.3311949685534591,0.5543285472507685,0.6639906000784109,0.8061529107124831
t-SNE,28.81551362683438,0.5506066526012657,2,0.46960167714884693,0.551022917576035,0.6700514835865256,0.8114073823659913
GTM,30.07337526205451,0.5535890972191575,8,0.2515972846161525,0.5584417081406764,0.6971995088752256,0.6890147220050662
