method,nn_overlap_best,AUC,kmax,Qlocal,Qglobal,trust_20,cont_20
PCA,39.5935960591133,0.7176091422464923,35,0.3773830197877368,0.7503517789095137,0.8212363810485854,0.9159114612372338
UMAP,65.44334975369458,0.7090989158724087,10,0.5802164946438346,0.7133927369198457,0.8945983352246266,0.9438121912983017
t-SNE,66.85960591133005,0.721055760330712,8,0.6664126642036124,0.7232753354844358,0.9171662741959817,0.9433156448216827
GTM,68.23891625615764,0.7283587735525323,10,0.6048121432481038,0.7325516730867918,0.9237315762890859,0.9283425055590904
