method,nn_overlap_best,AUC,kmax,Qlocal,Qglobal,trust_20,cont_20
PCA,56.84601113172542,0.8655906984685566,29,0.5387568909979461,0.8750848780361953,0.9560742292143588,0.9861173126225973
UMAP,75.69109461966605,0.8003553873712702,15,0.6392768351349056,0.8031608963139385,0.993044619887443,0.9910492780318897
t-SNE,80.44063079777366,0.8216094885701144,12,0.7597215389829026,0.8229013698949526,0.9949310798305002,0.9920421446947189
GTM,73.50649350649351,0.7363617737159694,23,0.6677593911164909,0.7383161373388298,0.9876407738187486,0.9561695174923951
