method,nn_overlap_best,AUC,kmax,Qlocal,Qglobal,trust_20,cont_20
PCA,36.875,0.7572960772552757,182,0.5594059538165816,0.8588607303404084,0.8487857265593677,0.9331396056475171
UMAP,66.81066176470588,0.7039010067860646,15,0.5753494003953563,0.7082698790647781,0.9287784953319205,0.9526526433358153
t-SNE,68.5845588235294,0.7826655017989124,2,0.7486213235294118,0.7837865192925666,0.9326831791626096,0.961768822670256
GTM,66.4154411764706,0.7942997126992111,17,0.5915020608557684,0.801735393901893,0.9233620553869064,0.9581510610573343
