method,nn_overlap_best,AUC,kmax,Qlocal,Qglobal,trust_20,cont_20
PCA,17.50928505106778,0.6640228212144219,436,0.3439676512187209,0.7454190027937111,0.7681438795947284,0.8946035969680056
UMAP,57.10538532961932,0.6748710929204219,14,0.4839734548623326,0.6762376590730298,0.9525505469041559,0.9485019738658715
t-SNE,59.96982358402971,0.679133775237401,1,0.7005571030640668,0.6793003338382727,0.9499715895364668,0.9499138285171094
GTM,54.43593314763231,0.5981517267897596,27,0.4887595829505471,0.5996119692533847,0.9615605991142582,0.881376465642141
