method,nn_overlap_best,AUC,kmax,Qlocal,Qglobal,trust_20,cont_20
PCA,11.751351351351351,0.5330446125495204,10,0.09666413556413556,0.5374447021605127,0.5693840134153159,0.6166947562431073
UMAP,26.92972972972973,0.49221060285244267,6,0.3421051051051051,0.4930565422987015,0.6368768903056214,0.7634139561585062
t-SNE,27.616216216216216,0.5198141433991548,2,0.46081081081081077,0.5199238763544416,0.6480919130421645,0.8079839862221081
GTM,28.2972972972973,0.5530918769031113,7,0.32260893546607833,0.5547561397251142,0.6841458160228423,0.715682262474884
