method,nn_overlap_best,AUC,kmax,Qlocal,Qglobal,trust_20,cont_20
PCA,25.38737446197991,0.5574353439065453,42,0.23798312539263575,0.5777819126223059,0.7159841610330846,0.8743250733773831
UMAP,41.92252510760402,0.6000288423374331,15,0.3365326888425884,0.6058678844251574,0.8210130007394245,0.9268346498389304
t-SNE,45.1506456241033,0.6137250701752821,16,0.402460024283464,0.6188029426599211,0.8310055634425105,0.9241930640479346
GTM,44.78479196556672,0.5771580203364883,20,0.36437118526236634,0.5834998612868211,0.8406842743684486,0.888218934217055
