method,nn_overlap_best,AUC,kmax,Qlocal,Qglobal,trust_20,cont_20
PCA,27.032967032967033,0.5979360903403581,36,0.2431065755483663,0.6229296682395529,0.7006485754788374,0.8457386938958229
UMAP,55.00000000000001,0.6149344619638314,15,0.45692169280997114,0.6197368010084119,0.8184747195901415,0.9374962250810941
t-SNE,59.6062271062271,0.6371161540829061,14,0.5346478053895637,0.6402736110810145,0.8527561349093842,0.9376976725182351
GTM,56.336996336996336,0.6086541070738432,17,0.4745936997714632,0.613313398533008,0.8597842345175032,0.901443884276086
