method,nn_overlap_best,AUC,kmax,Qlocal,Qglobal,trust_20,cont_20
PCA,37.31919727375994,0.8890439670880402,385.6666666666667,0.6233471267295533,0.9378613318556536,0.9521179725990416,0.9873556347438753
UMAP,64.92616433169253,0.8271907717102941,16.0,0.5697652719685159,0.8290408113059233,0.9908418951204698,0.9827646109198893
t-SNE,69.90344566452102,0.821904438036213,7.333333333333333,0.691882619047619,0.8225038890959695,0.9933734440170076,0.984073831409867
GTM,56.9310867095797,0.6696333885703712,29.333333333333332,0.5258757282404697,0.6714464572163599,0.9842972045623272,0.9340199770533847
