method,nn_overlap_best,AUC,kmax,Qlocal,Qglobal,trust_20,cont_20
PCA,18.473520249221185,0.6307878336986568,136,0.283131762277708,0.7246765609434412,0.7163218988086596,0.8096194944763273
UMAP,45.506230529595015,0.6492501240817344,11,0.4316580458466609,0.6532584537112663,0.856530848253745,0.8709381200918023
t-SNE,45.8411214953271,0.6720256563515203,2,0.5167445482866043,0.6728223472716783,0.8694044316743211,0.871405282449826
GTM,46.18380062305296,0.6382190659660125,8,0.44109785269247886,0.6409052454085257,0.8810852736873477,0.8200822501229039
