method,nn_overlap_best,AUC,kmax,Qlocal,Qglobal,trust_20,cont_20
PCA,10.231116121758738,0.5231715486480967,17,0.0745576606897669,0.5315231804122775,0.5648911994029344,0.6808226237321735
UMAP,23.641488162344984,0.5235618965171972,4,0.27198421645997745,0.5245152522931535,0.6419907188941123,0.7794902170615184
t-SNE,23.838782412626834,0.5357363478245164,2,0.39177001127395716,0.535982248306706,0.6454437220248896,0.8058148741206412
GTM,24.441939120631343,0.5354541066921402,4,0.29723318301390456,0.5363657560168499,0.687769763812901,0.6286075511161744
