method,nn_overlap_best,AUC,kmax,Qlocal,Qglobal,trust_20,cont_20
PCA,21.75,0.6603922356462741,64,0.263572587634195,0.7190217136610652,0.754487326943557,0.8389561235356763
UMAP,39.89,0.6810337183838634,14,0.33809139511282366,0.6911047289237835,0.8470973375931843,0.8799831735889244
t-SNE,40.98,0.7011397570862937,1,0.474,0.7019491726077678,0.8635512247071353,0.8884964856230032
GTM,43.49,0.6517675153628695,17,0.3548753102145836,0.6624342507241295,0.8861484558040469,0.8179904153354632
