method,nn_overlap_best,AUC,kmax,Qlocal,Qglobal,trust_20,cont_20
PCA,82.1195652173913,0.9403294652306112,23,0.718717784431911,0.9538265584552373,0.9893417522903275,0.9953112820772384
UMAP,80.41304347826087,0.8350240404966947,20,0.6697893433260365,0.8440282606306958,0.9916310674697576,0.9905699245836919
t-SNE,86.88043478260869,0.8951329356841875,23,0.7651712560993694,0.90377587107947,0.9962400668117629,0.9957374601407096
GTM,73.91304347826086,0.7753478228060567,20,0.6118477033713398,0.7839881895783923,0.9715915877916688,0.9563390190818444
