method,nn_overlap_best,AUC,kmax,Qlocal,Qglobal,trust_20,cont_20
PCA,45.73462414578588,0.8364095324616477,158,0.5755700027546412,0.8945617944870186,0.9327505526773775,0.9705024828485227
UMAP,69.36788154897494,0.7910138786668828,15,0.6116250399393908,0.7947046408408535,0.982713528332695,0.9823962344024029
t-SNE,73.55922551252847,0.7972056615903393,10,0.7171907654481686,0.7987545278450077,0.9872559652199623,0.9835335066959636
GTM,64.17425968109339,0.7403431471895127,18,0.5780360688549419,0.7441952747296012,0.9734577109413322,0.9475406696635555
