method,nn_overlap_best,AUC,kmax,Qlocal,Qglobal,trust_20,cont_20
PCA,16.575246132208157,0.5230060579761269,23,0.13450101491149233,0.5355848473244773,0.5995361026629918,0.6969869924798822
UMAP,29.338959212376935,0.5222310927467638,4,0.32691631504922647,0.523180772120964,0.6691674133047285,0.7772002054417255
t-SNE,29.831223628691983,0.5368340884304106,2,0.36849507735583686,0.5371982728084945,0.6800685356903328,0.8219130262248223
GTM,30.37974683544304,0.5364374782714885,5,0.2939803094233474,0.5379497175197986,0.7008687870154215,0.662198929181509
