method,nn_overlap_best,AUC,kmax,Qlocal,Qglobal,trust_20,cont_20
PCA,22.98507462686567,0.5148869559195578,21,0.17955581126957687,0.5301092627403687,0.6199264307230746,0.6654319216752206
UMAP,29.722814498933904,0.5095793399270692,3,0.3290689410092395,0.510452303503751,0.636981325657103,0.7748374109254996
t-SNE,29.989339019189764,0.5341921820416369,2,0.4168443496801706,0.5346397524849621,0.6558421445468536,0.7976190881396892
GTM,31.844349680170573,0.5290727645762814,3,0.302653399668325,0.5302585253031815,0.6990651887978254,0.640906560210837
