method,nn_overlap_best,AUC,kmax,Qlocal,Qglobal,trust_20,cont_20
PCA,25.398526456798393,0.6992155267129497,130,0.3357041590412506,0.7340287448824586,0.8060570525701135,0.9219687086746698
UMAP,70.35833891493637,0.6969651524110754,17,0.589529319399973,0.6984756404018699,0.9741874617159278,0.9705763534671773
t-SNE,72.76289350301407,0.6898746876115802,7,0.7392748928104397,0.6899406422712857,0.9779300324591684,0.975699795627458
GTM,67.8332217012726,0.6913321896433512,22,0.5963608496062156,0.6930085135727444,0.975431947378364,0.9513466948322943
