method,nn_overlap_best,AUC,kmax,Qlocal,Qglobal,trust_20,cont_20
PCA,37.88049029622063,0.8531914098467579,171,0.5672068796406643,0.914583969533935,0.93426441297829,0.9720120420232365
UMAP,54.356486210418794,0.8195541436324122,114,0.5929899976843697,0.8500502968255972,0.9744332080705894,0.9654488055168017
t-SNE,57.926455566905,0.8322729714378974,77,0.6082222032865733,0.8519961171026782,0.9796874049289158,0.9706186802127762
GTM,49.68335035750766,0.6828529702010175,33,0.45564112163629417,0.6910142297325368,0.9491083981319894,0.8825723428692043
