method,nn_overlap_best,AUC,kmax,Qlocal,Qglobal,trust_20,cont_20
PCA,39.44704049844236,0.8099690266588296,122,0.5173020319090537,0.8798222360739568,0.9050495054548975,0.9542244569938076
UMAP,63.05295950155764,0.782886656297985,15,0.5803292902436206,0.7884134866243323,0.9710819113410413,0.9568202138146583
t-SNE,66.0202492211838,0.8023812722370285,5,0.6868691588785046,0.804075099746183,0.976592083712234,0.9622116851723075
GTM,59.77414330218068,0.6956481931804823,23,0.5547872298697242,0.7013853272486256,0.961728475252367,0.8883954475868797
