method,nn_overlap_best,AUC,kmax,Qlocal,Qglobal,trust_20,cont_20
PCA,13.45765686704695,0.569343991842876,44,0.12915214452775634,0.5778926159837596,0.6358400700657247,0.865405663158209
UMAP,45.1623519087319,0.5382076682345992,12,0.41146577641476717,0.5388873318103827,0.7995347978560716,0.9127552149973124
t-SNE,47.639315489249675,0.5549364155410494,5,0.5167354102676612,0.5550697132381237,0.8223826268850873,0.9144651258412927
GTM,43.80210618692409,0.5446558407629336,14,0.39074164924553567,0.5456065011467895,0.8308564736688093,0.7316129723457587
