method,nn_overlap_best,AUC,kmax,Qlocal,Qglobal,trust_20,cont_20
PCA,27.305458768873404,0.5734392916743166,45,0.26557138581626744,0.5903537765081233,0.7304425289888059,0.918248875444805
UMAP,50.958188153310104,0.5945053242070121,15,0.4105841785865015,0.59790874396007,0.8532931828845252,0.9517933097968634
t-SNE,55.51684088269454,0.6041023345761883,15,0.49515064193345265,0.6062440860856263,0.8638829861249503,0.9558098230848998
GTM,51.58536585365854,0.5920616050111692,18,0.42863638907383644,0.5956939652829796,0.8653234236823317,0.9164318263979062
