method,nn_overlap_best,AUC,kmax,Qlocal,Qglobal,trust_20,cont_20
PCA,46.542893725992315,0.8504115541169522,112,0.5651287072127872,0.8991249783881253,0.9414940615773864,0.9747486310875976
UMAP,66.03072983354673,0.8303980902710866,12,0.5936710483285387,0.8347711208894959,0.98038797865017,0.9745842507043959
t-SNE,70.03841229193341,0.8396132211485363,7,0.6971848406456053,0.8416441910407786,0.9851908373504304,0.9700243371683069
GTM,64.61587708066581,0.7453117759240308,16,0.5813970187409687,0.7492626996528192,0.9761023167653489,0.9339978213414701
