method,nn_overlap_best,AUC,kmax,Qlocal,Qglobal,trust_20,cont_20
PCA,39.43030303030303,0.8515447024231181,334,0.5797524062205793,0.9210765210158157,0.9294625164893766,0.9798469037394631
UMAP,71.36060606060606,0.7952269982501927,17,0.6226289163401463,0.7973385493509079,0.9908423475258918,0.9828201745768896
t-SNE,74.67575757575757,0.8306218487455976,17,0.6999080516346166,0.8323388889571339,0.9928282391684676,0.9880129108310646
GTM,64.20606060606062,0.6632264107588427,22,0.5644501978687815,0.6647525375470967,0.9801437967199005,0.9383341846997296
