method,nn_overlap_best,AUC,kmax,Qlocal,Qglobal,trust_20,cont_20
PCA,14.514192139737991,0.5571690965018826,24,0.12126265464907025,0.5685955894488529,0.6160467404249443,0.7717751917723439
UMAP,40.65502183406113,0.5875165831579495,8,0.3697331825743398,0.5894913269206009,0.7930253058124712,0.8847573965810154
t-SNE,42.11790393013101,0.5977285520602305,7,0.4539093366604284,0.5989486694427799,0.7875098937515873,0.8793480726602048
GTM,40.61135371179039,0.6008799739732223,9,0.35991861324830754,0.6033234082908686,0.8116740104399114,0.8563374256273439
