method,nn_overlap_best,AUC,kmax,Qlocal,Qglobal,trust_20,cont_20
PCA,35.984162895927604,0.6967866356528384,18,0.29334725886689994,0.7141250004340208,0.7984520268524271,0.8998837164550838
UMAP,59.72850678733032,0.6730240029647779,10,0.5299588809882927,0.6769986659577616,0.8785972300874738,0.9346131853994051
t-SNE,60.93891402714932,0.693852147394714,1,0.8076923076923077,0.694735300685806,0.8885019490551618,0.9361474134471061
GTM,61.79864253393666,0.7182038352696193,13,0.5639421765727021,0.7236770803246465,0.9006828565616358,0.9225730277156194
