method,nn_overlap_best,AUC,kmax,Qlocal,Qglobal,trust_20,cont_20
PCA,8.481043820777941,0.5348925830359911,44,0.08430565054241869,0.5447037071360608,0.5721970664399385,0.731713908056713
UMAP,37.43476120137863,0.5147539848080843,7,0.353889207086084,0.5152849786238125,0.7197925038681245,0.8725392999362174
t-SNE,39.12112259970458,0.5399421458302625,4,0.46853971770884617,0.5401045534076864,0.7313282093066098,0.8738932204418123
GTM,36.696208764155585,0.5286686704787557,9,0.3574606821775704,0.5294004557496069,0.7596689946174214,0.6604759937539002
