method,nn_overlap_best,AUC,kmax,Qlocal,Qglobal,trust_20,cont_20
PCA,34.02091254752852,0.5840957197766506,39,0.30584863049740596,0.6064325508857047,0.7616566206121251,0.9001546235511236
UMAP,46.663498098859314,0.5811123671581141,15,0.40966892176968217,0.5862727896517329,0.7945457789305268,0.9195901900373322
t-SNE,50.98859315589353,0.5978797307551765,20,0.46970706362828035,0.6031797684632162,0.8208442522627603,0.9282686766449375
GTM,49.29657794676806,0.5993992294556546,16,0.41715792112803757,0.6053167706429653,0.8229660096764416,0.8796474352825621
