method,nn_overlap_best,AUC,kmax,Qlocal,Qglobal,trust_20,cont_20
PCA,21.506060606060608,0.6740635919065108,261,0.34561819902483426,0.7359591432144799,0.7785500014033512,0.911855866475811
UMAP,58.560606060606055,0.6704793140907107,14,0.5112480778000258,0.6720087045322455,0.9431990419789124,0.9536339685836444
t-SNE,61.06060606060606,0.675867938099402,1,0.7260606060606061,0.6760814996514353,0.947589472994845,0.9538137098056826
GTM,55.24848484848485,0.6824639818954357,32,0.5212476442208988,0.6858135264871484,0.9512040940432419,0.9322052073685294
