method,nn_overlap_best,AUC,kmax,Qlocal,Qglobal,trust_20,cont_20
PCA,48.89380530973451,0.7767900973658323,45,0.47577051712409674,0.8111471548425164,0.8850394713360418,0.9585015589078197
UMAP,67.5,0.7617479320828748,15,0.5925871158503901,0.7685991530472954,0.934583608897847,0.9720871518701645
t-SNE,69.40265486725664,0.7705081790209457,13,0.662429586902017,0.7748143406693482,0.9478466601580953,0.9768995580470087
GTM,67.84292035398231,0.788380163755612,18,0.5960822279712724,0.7974718177647883,0.9542258474264899,0.9710825223863362
