method,nn_overlap_best,AUC,kmax,Qlocal,Qglobal,trust_20,cont_20
PCA,41.59709618874773,0.7256911148715819,68,0.4411057716848146,0.7664661208870542,0.8376266364011988,0.9378602523400821
UMAP,69.46460980036298,0.7177498340556173,17,0.5964013586819558,0.7224145810689335,0.9458180131836099,0.9749949005476027
t-SNE,71.17967332123412,0.7568800092767907,10,0.7005472013366749,0.7588078067940777,0.9558420547044846,0.968989924876785
GTM,70.0,0.7378874847105856,17,0.61663140165627,0.7425975670342225,0.9516350500618036,0.9587116952671851
