method,nn_overlap_best,AUC,kmax,Qlocal,Qglobal,trust_20,cont_20
PCA,29.68235831809872,0.8578332827305326,396.3333333333333,0.5902123898982362,0.9085743556206349,0.9411667733009382,0.9809256259701694
UMAP,58.572897623400365,0.8210240514164818,8.666666666666666,0.5221416696061141,0.8222241453246962,0.9861782790038469,0.973707679017345
t-SNE,65.34506398537478,0.8117116479980648,2.3333333333333335,0.6686148148148149,0.812046228564146,0.99072129850847,0.9800078207464399
GTM,45.58843692870201,0.6694543178889457,34.0,0.452723266070054,0.6725134996152374,0.9586886306269825,0.9056542053047175
