method,nn_overlap_best,AUC,kmax,Qlocal,Qglobal,trust_20,cont_20
PCA,26.369137670196675,0.5605480033708024,38,0.25018228145545257,0.5793468708140752,0.7061057849772232,0.8472396016417103
UMAP,40.24962178517398,0.5800057571114892,10,0.34460827750162093,0.5836167148415753,0.7820885136667223,0.9103558278675642
t-SNE,42.73071104387292,0.5995075569674303,12,0.396097119527528,0.6033305689953137,0.7906069553136634,0.9192526642999996
GTM,42.276853252647506,0.5768367793235584,12,0.3484183743639115,0.5810687025237884,0.7895312775562944,0.8571450509345295
