method,nn_overlap_best,AUC,kmax,Qlocal,Qglobal,trust_20,cont_20
PCA,18.30200501253133,0.5533808062641019,33,0.16189561615891906,0.570000056693073,0.6449478745724245,0.742818936592295
UMAP,32.92606516290727,0.5306775774797862,9,0.3441353051942025,0.5326974948712911,0.695738858547019,0.822202003379785
t-SNE,33.909774436090224,0.5539528270455505,2,0.46334586466165417,0.5542166526485174,0.7094263345660569,0.8410490395369531
GTM,35.55137844611529,0.5515871477660698,10,0.3549955245255997,0.5540348505111263,0.7418579020842007,0.716840472516797
