method,nn_overlap_best,AUC,kmax,Qlocal,Qglobal,trust_20,cont_20
PCA,17.251243781094526,0.6795258454102067,545.6666666666666,0.39399964424831174,0.7594210151236677,0.7833449740163325,0.9216416467571033
UMAP,60.941542288557216,0.6834719887106768,13.333333333333334,0.5400825903461618,0.6843565575701871,0.9605467638523318,0.9597441884322063
t-SNE,65.55970149253731,0.6829604174804915,3.3333333333333335,0.6970287037037037,0.6830987008548011,0.9668370601336304,0.9659823904974015
GTM,55.30348258706468,0.5625003796836894,19.0,0.5069135091380691,0.5629733657817476,0.9631525248025916,0.867462468785854
