method,nn_overlap_best,AUC,kmax,Qlocal,Qglobal,trust_20,cont_20
PCA,35.488426834052575,0.8555343999363044,502.6666666666667,0.5907048171580055,0.9225454316301338,0.9361691354525208,0.982815568603631
UMAP,66.17889368379757,0.8043238650953454,18.0,0.5828242201903641,0.806119542690647,0.9896789228588784,0.9838421353850307
t-SNE,71.5300117693213,0.8203352930895985,18.666666666666668,0.6827064487678314,0.82158723447594,0.9934862063845582,0.9865260822028752
GTM,59.27814829344841,0.6542608490547611,32.666666666666664,0.545166374443031,0.6558165688798434,0.981145956671391,0.9399424606870487
