method,nn_overlap_best,AUC,kmax,Qlocal,Qglobal,trust_20,cont_20
PCA,52.470000000000006,0.8800630777173646,93,0.6220955182082221,0.9409444075573298,0.9537309904153355,0.9774575079872204
UMAP,61.36000000000001,0.8572290355773277,57,0.6209579817068993,0.8890579216438006,0.9693627263045793,0.9741156549520766
t-SNE,64.05999999999999,0.8449128232912871,5,0.5963266666666668,0.8483826886186998,0.9749254526091586,0.9643184238551651
GTM,57.56,0.7476295170524232,28,0.5082363914505891,0.7626316323221274,0.9490577209797657,0.9126014909478168
