method,nn_overlap_best,AUC,kmax,Qlocal,Qglobal,trust_20,cont_20
PCA,21.78246013667426,0.6880708897295729,284,0.37114312395413795,0.7494257715750458,0.8142158952969296,0.920200625219061
UMAP,59.94874715261959,0.7084870439815772,14,0.5233377928657379,0.7101566275566642,0.9470181466664115,0.9681424914636344
t-SNE,62.97835990888383,0.6937572275535993,2,0.6971810933940774,0.6939788139068306,0.9573982550368353,0.9707011239025498
GTM,58.30580865603645,0.6209647284509527,20,0.5172206406936679,0.6222789784148938,0.9569477072110755,0.9235393623320037
