method,nn_overlap_best,AUC,kmax,Qlocal,Qglobal,trust_20,cont_20
PCA,20.907465355386677,0.6621819519758015,490,0.32702559636207446,0.7563573961448341,0.775191404758627,0.903475973829101
UMAP,61.832811801519895,0.6823294995531667,15,0.5315739795064783,0.6834888921395618,0.9661007360198123,0.9611820178950699
t-SNE,64.66696468484578,0.665012309693436,11,0.6453040747154211,0.6652667688530031,0.9743747113645312,0.9617676003185208
GTM,59.22887796155566,0.5681940371987209,16,0.5181159552834786,0.5686283127928973,0.9678296972988227,0.8960957288686928
