method,nn_overlap_best,AUC,kmax,Qlocal,Qglobal,trust_20,cont_20
PCA,52.01388888888889,0.8832331158170809,123,0.6319300775782947,0.9305364267801322,0.961929621228702,0.9817759008336815
UMAP,73.04924242424242,0.8309886314515857,13,0.6491681010110497,0.834776281902715,0.9872067689369068,0.9847066362906809
t-SNE,76.59722222222223,0.8554873881883892,9,0.7109898589065256,0.8579552880580305,0.9906545759631774,0.9837330129926978
GTM,68.74368686868686,0.7348718232936228,14,0.6365024538252353,0.7372062794087595,0.9862057873548353,0.9273174124700717
