method,nn_overlap_best,AUC,kmax,Qlocal,Qglobal,trust_20,cont_20
PCA,11.760899182561307,0.5634608777170146,189.0,0.1771930162045073,0.5949886329677637,0.6493344320712695,0.8576840817979349
UMAP,45.21457765667575,0.5753456883116841,8.0,0.41534071659528005,0.5758811351266027,0.8309966956873861,0.9268452696227306
t-SNE,49.70197547683924,0.5800479959385278,7.666666666666667,0.5022561139455782,0.5803304052313645,0.8597099601808732,0.9386573314436121
GTM,42.62602179836512,0.5797110126495828,19.666666666666668,0.3812663979430347,0.5812898104811639,0.8518381399743538,0.9006430640480528
