method,nn_overlap_best,AUC,kmax,Qlocal,Qglobal,trust_20,cont_20
PCA,16.455773955773957,0.5484844371063783,175,0.24636303582392863,0.5848394278320137,0.6808477235237799,0.8453937356050032
UMAP,47.546068796068795,0.5959284862265094,15,0.4019764623173714,0.5977828342258944,0.8522905876427003,0.9406799821588554
t-SNE,49.78194103194103,0.5990954572870882,9,0.4710420106253439,0.5998753356029383,0.8694188170244508,0.9406794053977152
GTM,46.793611793611795,0.5759031976970268,21,0.401179737581571,0.5782175645690422,0.8607084164830644,0.8973603949660287
