method,nn_overlap_best,AUC,kmax,Qlocal,Qglobal,trust_20,cont_20
PCA,24.403131115459882,0.5868391740148194,37,0.2223147835196439,0.6151369937571166,0.700146618309776,0.8082403562824927
UMAP,35.33268101761253,0.5629461190255679,8,0.3066728403690243,0.5668729449430872,0.7475525942277186,0.8484001295128403
t-SNE,37.26027397260274,0.5707151321390707,2,0.39481409001956946,0.5713477869002775,0.7609883295898149,0.8592346116956611
GTM,38.365949119373774,0.5840936696068074,15,0.32831844317167214,0.5917922719178844,0.7916191345039719,0.8091799352843072
