method,nn_overlap_best,AUC,kmax,Qlocal,Qglobal,trust_20,cont_20
PCA,25.99609375,0.5739676174912751,13,0.20155664481085156,0.5833660468614003,0.6713985835280374,0.8302186769859813
UMAP,44.2578125,0.5518420902621828,9,0.44036647789903,0.5539940385131863,0.7361845307632399,0.8694898753894081
t-SNE,44.814453125,0.5663589056382962,6,0.5457248263888889,0.5669306222096614,0.7427298319055036,0.883977479231568
GTM,45.3515625,0.5770764438645903,7,0.4541965614370748,0.5790207226478906,0.7773096767912773,0.7667905876817238
