method,nn_overlap_best,AUC,kmax,Qlocal,Qglobal,trust_20,cont_20
PCA,24.48753462603878,0.6757464659230078,108,0.2938792203829579,0.7066867070112564,0.7941373841675101,0.917333474107513
UMAP,63.71537396121884,0.6814766751221851,22,0.5620625284500456,0.6835542201685746,0.9572226707834132,0.9606380695842524
t-SNE,66.85249307479224,0.689641642464163,2,0.7055055401662049,0.6899039960706356,0.9593833747980249,0.9613786283238303
GTM,62.3095567867036,0.6276481700853095,30,0.5672758441565164,0.6291252795190438,0.9629641261010027,0.9185891977537536
