method,nn_overlap_best,AUC,kmax,Qlocal,Qglobal,trust_20,cont_20
PCA,30.7579185520362,0.5495024525335602,13,0.23049377190083767,0.5588618812770506,0.6887400141849431,0.803318342011073
UMAP,43.0316742081448,0.5679461274635244,14,0.3725899580739594,0.5743850423644309,0.7464963740426538,0.8651303310369853
t-SNE,42.81674208144796,0.5944851618599669,7,0.3898036137531936,0.5978727286917633,0.7462220218492108,0.8710431980998774
GTM,43.39366515837104,0.5715950636437713,7,0.36878289777449436,0.5749017848514061,0.7625599973609408,0.7968644678172232
