method,nn_overlap_best,AUC,kmax,Qlocal,Qglobal,trust_20,cont_20
PCA,19.772727272727273,0.6815306166285308,288,0.34500765499292263,0.7553000111071733,0.7802441297372239,0.883782056576951
UMAP,57.90473225404732,0.681652363645526,14,0.5086309447288366,0.6833432729016155,0.9359194120113681,0.9420039418983003
t-SNE,59.65753424657534,0.6952309128336172,7,0.6119496615582721,0.6958088801233984,0.9457885436752768,0.9430782811046958
GTM,56.176836861768365,0.666210769108563,25,0.5167145974235899,0.6687253915970384,0.9513646856658208,0.911301676156495
