method,nn_overlap_best,AUC,kmax,Qlocal,Qglobal,trust_20,cont_20
PCA,59.210220673635305,0.8844596974802874,159,0.6603302877414365,0.9363197161413415,0.9533947826792278,0.9836664869615928
UMAP,74.20441347270615,0.819999932448116,21,0.6422499177466375,0.8251269059566646,0.9891039988924014,0.9867686720214583
t-SNE,77.96747967479675,0.8385339710667302,9,0.7235021620813337,0.8404762684610424,0.9910150260012964,0.9873340787248072
GTM,69.84320557491289,0.7269793996063064,17,0.6064490188258921,0.729919776975477,0.9821903181618898,0.9416513008339854
