method,nn_overlap_best,AUC,kmax,Qlocal,Qglobal,trust_20,cont_20
PCA,56.84560780834072,0.9158104164235163,134,0.685517583529005,0.947674839322269,0.9678966834458759,0.9886663259843876
UMAP,73.9795918367347,0.8414054524801116,14,0.6265426885546672,0.8446362702247346,0.9897241404145075,0.9902629201326638
t-SNE,79.44543034605147,0.8661499674171141,13,0.7539464986738209,0.868063590105469,0.9948844249529943,0.9914791396841851
GTM,68.72227151730257,0.6953262030868382,18,0.6175726102060766,0.6969393570399183,0.9819541567891059,0.9422449262819385
