method,nn_overlap_best,AUC,kmax,Qlocal,Qglobal,trust_20,cont_20
PCA,29.144869215291752,0.5867696029978381,20,0.22251123920333837,0.601850414726345,0.7069892020935905,0.8536999057582364
UMAP,43.36016096579477,0.580804613313554,11,0.36374896367579734,0.5857956165921478,0.7735055563822377,0.8744751467001365
t-SNE,45.513078470824944,0.5903413726798861,9,0.4435449558018304,0.5932123619047905,0.7877039299031057,0.8774425761428162
GTM,46.227364185110666,0.5999737212501925,12,0.39279060607028415,0.6052788176882867,0.8012018520555272,0.8594680623936546
