method,nn_overlap_best,AUC,kmax,Qlocal,Qglobal,trust_20,cont_20
PCA,35.813586097946285,0.7121986010400376,136,0.47057757608898343,0.7792287900554703,0.8340415462167247,0.9216537203463714
UMAP,69.19431279620854,0.6922185338005483,20,0.5807030519555005,0.6964975375626818,0.9494668738077914,0.9672537413226878
t-SNE,73.04897314375988,0.7284021347100352,16,0.6689162306942225,0.7306902177502583,0.9626502264786664,0.9735923908412158
GTM,71.39810426540284,0.7245392736191357,22,0.6288731560932694,0.7287254108633419,0.9609778896514654,0.9617735475539648
