method,nn_overlap_best,AUC,kmax,Qlocal,Qglobal,trust_20,cont_20
PCA,40.44650040225262,0.8638622462880887,490,0.6192544472625616,0.9242875985043424,0.9430859647665698,0.9846531904259455
UMAP,67.35116653258247,0.7980814665462436,15,0.584230484660895,0.7995711752398104,0.9887135173424035,0.9821880641959461
t-SNE,72.68503620273532,0.7938298177573478,8,0.7060058949162931,0.7943299696750348,0.993885072226091,0.9843311262270507
GTM,61.938857602574416,0.6605772736932068,40,0.5835118517026855,0.6619615198522439,0.9834326637641573,0.9515020789194893
