method,nn_overlap_best,AUC,kmax,Qlocal,Qglobal,trust_20,cont_20
PCA,50.94861660079051,0.8658069106578907,176,0.6848901241849162,0.9651725865506319,0.9461056179681883,0.9712985706745136
UMAP,77.4703557312253,0.8346535585345786,14,0.6708375702658593,0.8405963270215391,0.9858829690402863,0.9840606725601925
t-SNE,81.25494071146245,0.835457541924824,9,0.7575011676460951,0.83820295548161,0.9901958828443536,0.9879712638662028
GTM,73.11264822134387,0.7609296762301987,17,0.6641016006205532,0.7653176710672797,0.9785119055040876,0.9250780331084816
