method,nn_overlap_best,AUC,kmax,Qlocal,Qglobal,trust_20,cont_20
PCA,30.816326530612244,0.6855720819377026,107,0.3504419662209155,0.7209099453080574,0.8080618698439942,0.9203328247375796
UMAP,66.33540372670808,0.7199771467874561,17,0.5721871877855628,0.7225895090375875,0.9562517018941045,0.970634967839512
t-SNE,69.68056787932564,0.7117454293787515,12,0.6706259205482809,0.7125696170819276,0.9655389759543858,0.9727288691007242
GTM,65.9094942324756,0.693131867425204,22,0.5934183912781552,0.6954433536703379,0.9617986729575552,0.9547754389925839
