method,nn_overlap_best,AUC,kmax,Qlocal,Qglobal,trust_20,cont_20
PCA,17.62642740619902,0.623057487337239,134,0.2751248284551596,0.7208502676811196,0.6995184451336913,0.7992690560040328
UMAP,46.239804241435564,0.6517715058300584,9,0.4303120801217593,0.6553066220737072,0.8562213556070546,0.8731438293343788
t-SNE,46.337683523654164,0.673625955673506,6,0.5045812941816205,0.6756217734934539,0.8589203873163013,0.8787810598687942
GTM,46.7862969004894,0.6289172357118449,9,0.43475613615635367,0.6319809817368617,0.8758481820918721,0.813088098355376
