method,nn_overlap_best,AUC,kmax,Qlocal,Qglobal,trust_20,cont_20
PCA,39.05747126436781,0.7194110765492037,69,0.4487820579653132,0.7715246985811833,0.8289001605501328,0.9326502138300442
UMAP,59.689655172413794,0.7061517605774716,10,0.5201720488961868,0.7112999237342598,0.8930883878209227,0.9513496156742395
t-SNE,60.60919540229885,0.7182138145076767,6,0.6479246487867177,0.7201521945367985,0.9004631800292684,0.9530358183083983
GTM,59.724137931034484,0.734812065344711,11,0.5647829692657279,0.7400756295064089,0.920711535456005,0.9376261313101175
