method,nn_overlap_best,AUC,kmax,Qlocal,Qglobal,trust_20,cont_20
PCA,16.294964028776977,0.5208371741461503,27,0.13677856677930494,0.5275452007145403,0.6155129622755522,0.7577099881656236
UMAP,40.745585349901894,0.5186028426191572,9,0.3827582955280797,0.5193947210354548,0.7436016570309136,0.8853251551093277
t-SNE,43.18835840418574,0.5374574552883881,6,0.5348957197878061,0.5375252255558542,0.7597135613922185,0.8837120748391731
GTM,39.70896010464356,0.5476758613906305,12,0.3833085283052582,0.5489598586251748,0.762349574339982,0.780577023502683
