method,nn_overlap_best,AUC,kmax,Qlocal,Qglobal,trust_20,cont_20
PCA,58.33710407239819,0.8703856594810291,119,0.6746575934484921,0.9451045860598399,0.9541606417312228,0.978826498353337
UMAP,73.1787330316742,0.8333412271453953,17,0.6257749350902916,0.8430063468165103,0.9783467943678079,0.9792943815529763
t-SNE,78.97058823529412,0.8500285949179947,10,0.7478901817137111,0.8538782446355401,0.9848982587707482,0.9832601177680157
GTM,69.76244343891402,0.8086953231552433,15,0.6167391302346055,0.8166615839923348,0.9625278338272406,0.9661840303931648
