method,nn_overlap_best,AUC,kmax,Qlocal,Qglobal,trust_20,cont_20
PCA,47.91044776119403,0.8100846166420306,79,0.5221066844314706,0.8698837875863675,0.9008684383912009,0.9528808960572606
UMAP,68.98720682302772,0.7678454503372371,17,0.6072965178671201,0.7749296357495233,0.9722508162883254,0.9599985898816716
t-SNE,72.33475479744136,0.8018573565594481,17,0.6809358008528371,0.8075931139868429,0.9796617174754992,0.9639459487057301
GTM,65.9275053304904,0.7200563139830838,19,0.5856375182216587,0.7266006266167153,0.9665301121044071,0.9306540274681325
