method,nn_overlap_best,AUC,kmax,Qlocal,Qglobal,trust_20,cont_20
PCA,53.992248062015506,0.8685934508001624,76,0.5967985973772185,0.9171245979641413,0.9281738238370097,0.9737030872033148
UMAP,69.43798449612403,0.7784913146703135,15,0.5722942970035994,0.7856430850137531,0.9634483350497769,0.980122985174718
t-SNE,74.11821705426357,0.8307093756986801,25,0.693696766575564,0.8389083131582509,0.9792925059277178,0.9834397129148404
GTM,62.6937984496124,0.7591884359906871,24,0.571545520707678,0.7691870626419394,0.9617793930975019,0.9462990683304193
