method,nn_overlap_best,AUC,kmax,Qlocal,Qglobal,trust_20,cont_20
PCA,9.990310077519378,0.5760426621498816,362,0.43041389032383676,0.9253647894125013,0.5640433022776806,0.6737262392323107
UMAP,22.10271317829457,0.5219355617332234,4,0.28084625322997414,0.523491372200639,0.6073166399220815,0.710153761406366
t-SNE,21.686046511627907,0.5292061762395377,2,0.35998062015503873,0.5296611906261157,0.6005897779800253,0.7599831149857496
GTM,22.56782945736434,0.6023766731187817,5,0.2429328165374677,0.6056426586859719,0.6577365698273179,0.7448828028325309
