method,nn_overlap_best,AUC,kmax,Qlocal,Qglobal,trust_20,cont_20
PCA,62.114942528735625,0.9046498352164511,70,0.6733945710928144,0.951202073493704,0.968581333560661,0.9839498174275038
UMAP,72.42528735632185,0.841512409057186,15,0.6329341059111174,0.8503611395158635,0.978274015032039,0.9821286390179447
t-SNE,77.9080459770115,0.8791530484309786,14,0.712619768937503,0.8862728502401804,0.9871650824773027,0.9814492135885086
GTM,70.80459770114943,0.7382784076847502,16,0.6412442301073766,0.7430611827517661,0.9687762669962917,0.9383478965091002
