method,nn_overlap_best,AUC,kmax,Qlocal,Qglobal,trust_20,cont_20
PCA,19.166108506363027,0.5358143009517484,57,0.19672864535094986,0.5491388362260821,0.6813830239121599,0.864300662350227
UMAP,48.34226389819156,0.5698742665864402,15,0.4191332460053157,0.571446373078553,0.8397844757014215,0.9371138704266635
t-SNE,51.31614199598125,0.5758123594310743,10,0.49204658778001037,0.5764492323932077,0.8474003927158649,0.9370593939810283
GTM,47.82987273945077,0.5903384059019622,19,0.41562957924452926,0.592640996049727,0.8500265970540586,0.9040859853103658
