method,nn_overlap_best,AUC,kmax,Qlocal,Qglobal,trust_20,cont_20
PCA,15.727948990435706,0.5494549562560825,46,0.15127621740075212,0.5592992239328071,0.6447114999671404,0.8597514207827011
UMAP,50.83421891604676,0.574582449977639,15,0.4400095316381182,0.5757192127209366,0.8584796685227791,0.9292349483702648
t-SNE,53.682252922422954,0.5756052198843147,11,0.531197846984969,0.5759467556554061,0.864849952202927,0.9257534818969483
GTM,50.06641870350691,0.5629436795354464,15,0.4108778306945151,0.5642047338160158,0.8584749332979005,0.8744617412483717
