method,nn_overlap_best,AUC,kmax,Qlocal,Qglobal,trust_20,cont_20
PCA,1.9433333333333334,0.5532604429460687,963,0.36998755399806843,0.883680814560038,0.5283053873199501,0.5339490983327663
UMAP,5.783333333333333,0.5118450288347294,2,0.10933333333333334,0.5121339337499504,0.5434251559487354,0.5848403538618578
t-SNE,7.576666666666666,0.5287213798185344,2,0.15516666666666667,0.5290200635124664,0.5599772484972213,0.7109397527503686
GTM,6.926666666666667,0.5070299849854728,11,0.058078986838077745,0.5100658554962028,0.6281838947487808,0.515782556425088
