method,nn_overlap_best,AUC,kmax,Qlocal,Qglobal,trust_20,cont_20
PCA,18.96652497343252,0.6875306315140295,391,0.40360571270175527,0.7622566193070685,0.7949802742010886,0.9094906103360488
UMAP,61.23804463336876,0.6913433999048916,19,0.5323753382242967,0.6931300275473484,0.9648561940902671,0.9620238982494878
t-SNE,63.29436769394261,0.7150070123429982,10,0.6131136244791929,0.7157450134332101,0.9685480767381934,0.9658014023727207
GTM,58.233262486716264,0.682175949868665,25,0.5221346424199238,0.68448114181424,0.970940728472735,0.936820491642615
