method,nn_overlap_best,AUC,kmax,Qlocal,Qglobal,trust_20,cont_20
PCA,60.76470588235294,0.8905453675243203,82,0.6414244103236324,0.9317858871854776,0.9601834001979889,0.9825186265826082
UMAP,73.98319327731092,0.7923907826069122,16,0.6387758885605525,0.797572281542212,0.9813484082738498,0.9723729633571764
t-SNE,77.61344537815125,0.8563639817227136,20,0.7122717616584692,0.8624972152947714,0.9899354675439707,0.9827786916360876
GTM,72.46218487394958,0.7124937622354192,16,0.6382692880473868,0.7153140243352404,0.9745009713362759,0.9377828226064562
