method,nn_overlap_best,AUC,kmax,Qlocal,Qglobal,trust_20,cont_20
PCA,20.13686131386861,0.679792366048677,339,0.42249544127176303,0.7957068444843189,0.774473491763916,0.8977497199834217
UMAP,50.92153284671534,0.6840418544927322,14,0.46333089214834516,0.6870929436084143,0.9065056756877105,0.9365129629693061
t-SNE,53.175182481751825,0.6945605752878484,8,0.5530820950643031,0.6958386379106081,0.918557349450414,0.9399054879824078
GTM,49.47536496350365,0.7004224876255349,34,0.4700399345670329,0.7080125363225102,0.9162630117795353,0.9257217491530997
