method,nn_overlap_best,AUC,kmax,Qlocal,Qglobal,trust_20,cont_20
PCA,23.635029354207436,0.6743297412697525,173,0.351838466654339,0.7403626310599689,0.7839626551716992,0.8973952766815387
UMAP,58.894324853228966,0.7087669869265236,15,0.51939775995549,0.7118973787801436,0.9234319504437425,0.9456914102552716
t-SNE,60.728962818003914,0.7017162730648502,4,0.5882664709719504,0.7024837746654905,0.9350719372987418,0.9469930317680717
GTM,59.055772994129164,0.6707215569359019,19,0.528995079216005,0.673673539618762,0.943616878496575,0.8983169070168842
