method,nn_overlap_best,AUC,kmax,Qlocal,Qglobal,trust_20,cont_20
PCA,48.76842751842752,0.8970257565600571,347,0.6871777332475363,0.9545216651350353,0.9642715314546301,0.988406793477216
UMAP,69.96314496314497,0.8318337756269962,22,0.6288454828421455,0.8349506691095943,0.9918728203235245,0.9893816736070257
t-SNE,75.16891891891892,0.8446671730476861,32,0.725303367739448,0.8474465925149834,0.9953562076801513,0.9906999765450469
GTM,62.214373464373466,0.7161583687611709,37,0.5854381453543973,0.7194363904645866,0.984129744341012,0.9584505696477528
