method,nn_overlap_best,AUC,kmax,Qlocal,Qglobal,trust_20,cont_20
PCA,0.9574927176610206,0.5510016275590973,1614.0,0.3713036971283226,0.8794163610031784,0.5316314908550989,0.6037369481001553
UMAP,10.988779803646565,0.5301618789149457,2.0,0.12069999999999999,0.5303520841647099,0.5833681365998514,0.6513176864412499
t-SNE,13.300248138957816,0.5542014992009795,1.0,0.23040000000000002,0.5542449124962946,0.5856657002092192,0.7208914814064925
GTM,10.183946488294314,0.49471680936248913,5.0,0.07691462962962964,0.4953880205314806,0.6374209759060538,0.4976641938314099
