method,nn_overlap_best,AUC,kmax,Qlocal,Qglobal,trust_20,cont_20
PCA,58.087100330760755,0.9311364393479117,128,0.7093999189261709,0.9686792917554994,0.9780900406359613,0.9908442984180215
UMAP,71.77508269018743,0.8799497956713811,20,0.6354654066735218,0.886150234544297,0.9887256434236851,0.9925519396265718
t-SNE,76.1135611907387,0.8971328765849796,20,0.7007049592612132,0.9023157317657341,0.9930765403897304,0.9898718907451771
GTM,62.861080485115764,0.7559943439821489,20,0.5777226321851416,0.7604576653208761,0.9745427432324237,0.9311437126840678
