method,nn_overlap_best,AUC,kmax,Qlocal,Qglobal,trust_20,cont_20
PCA,23.550106609808104,0.6432929742789162,60,0.26431781100942664,0.699157991938985,0.7283163916530719,0.8345019486376555
UMAP,52.05756929637526,0.6448122084219648,11,0.4958389169573507,0.6488150375353582,0.8535161786765797,0.8664878085545558
t-SNE,51.4498933901919,0.6605996499537125,2,0.5906183368869936,0.6614638254242164,0.8652670837051102,0.8772526032486209
GTM,53.29424307036247,0.6650141168544319,13,0.49084110584438617,0.670462278366712,0.8712447697981829,0.8484582301069988
