method,nn_overlap_best,AUC,kmax,Qlocal,Qglobal,trust_20,cont_20
PCA,39.10588235294118,0.6930619090316497,14,0.33168300840149584,0.70562527562828,0.7772683217773801,0.8930440617311564
UMAP,64.84705882352941,0.7033265531400223,12,0.5507991752256457,0.7086558031516506,0.9175519272347722,0.9560793260269888
t-SNE,68.4235294117647,0.7141421306643437,8,0.6663872549019607,0.7161145019364881,0.9428306866472825,0.9593278162976218
GTM,67.28235294117647,0.7229032919439891,11,0.5978214845166717,0.727231678235868,0.9329993290091703,0.9415996421382241
