method,nn_overlap_best,AUC,kmax,Qlocal,Qglobal,trust_20,cont_20
PCA,22.334558823529413,0.5860709716161092,31,0.2033469524244608,0.6089632725090848,0.6828252978406553,0.8448837275903546
UMAP,38.373161764705884,0.5887281919028553,10,0.35282672443977586,0.5931626654467597,0.7400629689558393,0.8829164041468583
t-SNE,40.2297794117647,0.5898800567594892,3,0.39991830065359474,0.5909904293295695,0.7519529683830689,0.8946102296809668
GTM,40.615808823529406,0.5960583526396018,11,0.3671950055848786,0.6008355343956988,0.7768181883269374,0.8631096425912137
