method,nn_overlap_best,AUC,kmax,Qlocal,Qglobal,trust_20,cont_20
PCA,31.953207150368033,0.8537621628233437,395,0.5922549599800182,0.9227995591995626,0.929252908970211,0.9757204826506851
UMAP,56.206624605678236,0.8121847338971094,10,0.5087805860163905,0.8139981751248239,0.9806475066110086,0.9696362617861087
t-SNE,61.080441640378545,0.8278437432830296,4,0.6944225376796355,0.8284109974203454,0.9869570341328349,0.9734740881892958
GTM,51.28286014721346,0.6701081401098141,29,0.48546947620846126,0.6730720129431418,0.9709292607328984,0.8993211162062629
