method,nn_overlap_best,AUC,kmax,Qlocal,Qglobal,trust_20,cont_20
PCA,23.751600512163893,0.6493313732353935,58,0.25730388191662384,0.6808410316070483,0.7551381452057997,0.8696597488144907
UMAP,56.267605633802816,0.6665406259666288,12,0.48788516221294703,0.6696559734137044,0.9036905827186485,0.9176377506758192
t-SNE,57.989756722151085,0.686156250317606,8,0.574571481921834,0.6876973000948791,0.9260484474285602,0.9272275162695633
GTM,57.989756722151085,0.6534441113418581,14,0.5091360905724358,0.6563953723841323,0.9280781655592815,0.8784657432816876
