method,nn_overlap_best,AUC,kmax,Qlocal,Qglobal,trust_20,cont_20
PCA,69.5814479638009,0.9166646158057797,22,0.628058831049202,0.933334637850949,0.9709610024026435,0.9877036336546021
UMAP,77.23981900452489,0.823924858527273,16,0.7047232369895691,0.8298623380104526,0.9871945151553472,0.9825646157144978
t-SNE,80.96153846153847,0.8597081173071989,13,0.7620437313006057,0.8642563244085926,0.9877679607220026,0.9832351016862488
GTM,68.710407239819,0.7616617071309435,13,0.6442717171833079,0.7662804606058311,0.9677823106062688,0.9202652254471281
