method,nn_overlap_best,AUC,kmax,Qlocal,Qglobal,trust_20,cont_20
PCA,12.868181818181817,0.5509470942924971,79.33333333333333,0.17960288105248778,0.563038032252483,0.6918373489910238,0.889669906188837
UMAP,48.79848484848485,0.5845269392535356,18.333333333333332,0.41559558130158814,0.5858039327351058,0.9042971802659108,0.9608188621178376
t-SNE,53.24696969696969,0.5835983329702735,13.333333333333334,0.4965747890367671,0.5841123356326805,0.9143298184517783,0.9624803293514207
GTM,44.03181818181818,0.580164287599196,34.333333333333336,0.4115813548151039,0.5825313405156017,0.9055695106971721,0.9206951609637578
