method,nn_overlap_best,AUC,kmax,Qlocal,Qglobal,trust_20,cont_20
PCA,38.85759829968119,0.8684874013308492,316,0.5916677302988138,0.9248086208947909,0.944825618886717,0.981842851948459
UMAP,67.05897980871414,0.8383558171680694,13,0.5947317182531356,0.8403329782429408,0.9904299526793193,0.9824443403013842
t-SNE,71.74814027630181,0.8333568146538958,6,0.7200953477388121,0.8340321993510974,0.9937550849858072,0.981487925320051
GTM,60.60042507970245,0.6898120785600615,21,0.558559382680526,0.6914542482509992,0.9849424871065566,0.9227420510640911
