method,nn_overlap_best,AUC,kmax,Qlocal,Qglobal,trust_20,cont_20
PCA,69.87927565392354,0.8948413974661341,20,0.5968074565126653,0.90863995109366,0.9721708601016603,0.9891110866700741
UMAP,76.41851106639838,0.8401023257091856,17,0.6297548760641329,0.8488480958715788,0.9845266669685854,0.9853478858143502
t-SNE,81.59959758551308,0.8460353354698472,15,0.7585969708806731,0.850128781855414,0.9906495780686261,0.9880722707089267
GTM,74.61770623742456,0.7314089019441508,16,0.6579653083614352,0.7348472089487503,0.9792159171535105,0.9462140474141743
