method,nn_overlap_best,AUC,kmax,Qlocal,Qglobal,trust_20,cont_20
PCA,19.695571955719558,0.6202107251207577,106,0.333304675780528,0.6905707603675442,0.7360011254071486,0.8888434998719489
UMAP,34.566420664206646,0.6345649378799245,100,0.3950671208388756,0.6893107693121442,0.797086926880999,0.919795082115044
t-SNE,35.654981549815496,0.6544825575599819,1,0.551660516605166,0.6550557766974957,0.8103149697186122,0.935310911760144
GTM,36.91881918819188,0.6219570761454362,22,0.3323892232491379,0.6342472646965006,0.8266963168165407,0.89996447031919
