method,nn_overlap_best,AUC,kmax,Qlocal,Qglobal,trust_20,cont_20
PCA,34.81691919191919,0.7392533642678573,145,0.4591167329112706,0.8027351618531209,0.8683602273556312,0.9349948931203035
UMAP,70.22727272727273,0.7033937892582791,16,0.6016027914110301,0.706023214006101,0.9548017104730828,0.9716305371508918
t-SNE,71.48989898989899,0.743555149746339,2,0.7320075757575757,0.7442115984910791,0.968208430330886,0.9709443416436194
GTM,70.1199494949495,0.7362665326116455,20,0.6313793642930406,0.7395590123440264,0.9609956259907015,0.9621581043527859
