method,nn_overlap_best,AUC,kmax,Qlocal,Qglobal,trust_20,cont_20
PCA,17.752675386444707,0.6540765848882102,111,0.2832452801419655,0.7106995093534243,0.7569711155824159,0.853194435988413
UMAP,42.205707491082045,0.6928801675136566,97,0.4549193425550942,0.724280175921647,0.8913622556502386,0.9173423137609013
t-SNE,44.48275862068966,0.6967143050000386,1,0.558858501783591,0.6971837902148358,0.9066670285440572,0.9009159654680945
GTM,44.41736028537455,0.6339246523719846,20,0.39149446433034174,0.6399401615491014,0.9269181763433414,0.829793194406647
