method,nn_overlap_best,AUC,kmax,Qlocal,Qglobal,trust_20,cont_20
PCA,34.62,0.8748695333442691,266,0.6064920116195516,0.9333399928423152,0.9401181354202109,0.9782888737665872
UMAP,50.9,0.8253333643663975,210,0.5955878501488007,0.8631947213990049,0.974539775433821,0.9656653737098786
t-SNE,55.07333333333333,0.8437221943959388,156,0.6018017172952427,0.8722229939729587,0.981312373823296,0.9709192015424748
GTM,46.69,0.6597933201625555,23,0.42014195207497196,0.6636185862912336,0.9691071112623342,0.8744231598049224
