method,nn_overlap_best,AUC,kmax,Qlocal,Qglobal,trust_20,cont_20
PCA,0.8231740209299817,0.5498926918548667,1617.6666666666667,0.36924469989446146,0.8819119114088484,0.532156501316056,0.5788420166025512
UMAP,9.71086417089222,0.5281643423861097,2.0,0.1189,0.5283518796566059,0.5759609556590403,0.6120618262806236
t-SNE,11.758550005394325,0.5535053734354467,1.0,0.19799999999999998,0.5535482291610657,0.5766667449551192,0.7218448025916177
GTM,8.985866868054806,0.49863944393371806,6.333333333333333,0.07366816326530612,0.4995522444874345,0.6381703529729366,0.4966020274009584
