method,nn_overlap_best,AUC,kmax,Qlocal,Qglobal,trust_20,cont_20
PCA,50.5315085932527,0.9212742621659913,210,0.6971066129722038,0.9564696858613624,0.9740885958186879,0.9908975175047741
UMAP,69.62444302991724,0.8788366767697062,17,0.6124071678358778,0.8821275952850052,0.9916373138500462,0.9907130022802536
t-SNE,72.57797581158498,0.8993846774442124,22,0.6996567421028698,0.9026305509972089,0.9936376646582997,0.9917284248275554
GTM,57.30426479949077,0.7151412808344197,18,0.5319494156244977,0.7174531836543664,0.9808975195707826,0.9261522594592718
