method,nn_overlap_best,AUC,kmax,Qlocal,Qglobal,trust_20,cont_20
PCA,19.98861047835991,0.579292021790017,53,0.20167833769452798,0.5909576768791504,0.7153667122335542,0.8921158668478781
UMAP,47.14123006833713,0.5915357519692583,15,0.3983542482574373,0.5932396406454367,0.851795722609207,0.9527605480963888
t-SNE,50.085421412300676,0.5997881252277051,13,0.47419728996739685,0.6007890625863397,0.8665956650510334,0.9491392181725412
GTM,46.00512528473804,0.5880995114799291,26,0.39843744203232223,0.5909910750710994,0.8630712005169674,0.925845814722087
