method,nn_overlap_best,AUC,kmax,Qlocal,Qglobal,trust_20,cont_20
PCA,51.7,0.8735012483892536,88,0.6093720519083625,0.9317630168872101,0.9476157614483494,0.9751201277955271
UMAP,61.809999999999995,0.8355510172029194,48,0.602494578083188,0.8616107618583638,0.9698027689030884,0.9731441959531416
t-SNE,63.370000000000005,0.8382165132146028,39,0.6158612765149141,0.8582630334668566,0.977677529286475,0.9684306709265176
GTM,55.38999999999999,0.7463929588076057,38,0.5169298462869336,0.7661352738484832,0.9492040468583599,0.9217825346112886
