method,nn_overlap_best,AUC,kmax,Qlocal,Qglobal,trust_20,cont_20
PCA,31.07758620689655,0.5979403944179666,36,0.28758279581039314,0.6240865701006951,0.7324230402099988,0.8671802290896075
UMAP,47.435344827586206,0.6095770426163459,14,0.4213415193864701,0.6156472973519022,0.8034094976733087,0.9227516107863023
t-SNE,50.247844827586206,0.6288246715229081,11,0.46036311248399814,0.633224779822009,0.825135723660661,0.9321371753569582
GTM,49.299568965517246,0.6033758883735897,12,0.41137215624015194,0.6086925862953216,0.8233315435707752,0.8839875909795967
