method,nn_overlap_best,AUC,kmax,Qlocal,Qglobal,trust_20,cont_20
PCA,58.268101761252446,0.8148850915823431,32,0.5489717996611425,0.8336476114545635,0.9351755652441297,0.9659189811656563
UMAP,74.50097847358121,0.7541833322391353,13,0.6452806108872645,0.7580728770150124,0.9803967247098688,0.9738935917616801
t-SNE,80.28375733855187,0.7877005060153853,12,0.7601284311289204,0.7895754356523499,0.9866094719500846,0.9800277352969327
GTM,74.30528375733854,0.7618578532086892,26,0.694920012930959,0.766555708114086,0.9781369700104465,0.9635673863860826
