method,nn_overlap_best,AUC,kmax,Qlocal,Qglobal,trust_20,cont_20
PCA,4.366706225051246,0.651079675976739,298.3333333333333,0.245310456487381,0.7061181595358091,0.7306006937976649,0.8556964891678477
UMAP,28.94918545689934,0.6846822537368338,99.33333333333333,0.3270747229776973,0.6995012895797111,0.9114599203617466,0.8950455584801241
t-SNE,36.11500701262272,0.665702331366715,1.3333333333333333,0.3846,0.6658753022787798,0.9120188729162448,0.8989056489167848
GTM,30.22062789944978,0.5137150075663852,12.0,0.28218439313772653,0.5147648957870629,0.9131374205304716,0.6931820692447864
