method,nn_overlap_best,AUC,kmax,Qlocal,Qglobal,trust_20,cont_20
PCA,43.98671662125341,0.9297126452577134,331.3333333333333,0.7015547633612976,0.9649576969964176,0.9748212728622527,0.9918804454342984
UMAP,65.16859673024523,0.8654893186791205,13.0,0.5759852100724537,0.8672116043011034,0.9914013390024973,0.9867118229061212
t-SNE,70.28780653950953,0.8709766691247208,7.666666666666667,0.7030631575963718,0.8717353554091133,0.9939329661874874,0.9877038644799893
GTM,56.30108991825613,0.6632343525248223,18.333333333333332,0.5012881558013254,0.6645194345964168,0.9787785381656207,0.9241360113383276
