method,nn_overlap_best,AUC,kmax,Qlocal,Qglobal,trust_20,cont_20
PCA,35.77114427860696,0.8875684116747609,384.3333333333333,0.6352648630621898,0.9337530808498959,0.9574831099412836,0.9870578119727339
UMAP,62.126865671641795,0.8204048747887888,8.333333333333334,0.5464435840891911,0.8214916594745988,0.9890933954241748,0.983916061280961
t-SNE,68.70024875621891,0.8331473312629808,7.666666666666667,0.6586820379818593,0.8338933131027555,0.9933292002429641,0.9863921900519673
GTM,53.04477611940298,0.6793049800240643,26.0,0.506029611357716,0.6812196252852173,0.9796714071674427,0.9207768131200648
