method,nn_overlap_best,AUC,kmax,Qlocal,Qglobal,trust_20,cont_20
PCA,40.277475516866154,0.8411623778857742,334,0.568209462661955,0.902219701469714,0.9252795825638849,0.9801217120660047
UMAP,68.90914036996736,0.7624957284229618,15,0.5927098131586706,0.7641438316384437,0.9893897239316896,0.9840371923899481
t-SNE,74.71164309031556,0.7844523104775634,21,0.7049983840526866,0.785665540897657,0.9936423167282978,0.9855558615790512
GTM,64.02883569096845,0.649641325662772,41,0.6105614420390848,0.6507088389597983,0.9819286252872733,0.9573831379047223
