method,nn_overlap_best,AUC,kmax,Qlocal,Qglobal,trust_20,cont_20
PCA,27.952488687782807,0.6055208024354326,33,0.26122976839835177,0.6332756122823194,0.7060090827619954,0.8391119565874765
UMAP,39.55882352941176,0.5924686652961626,5,0.35850678733031677,0.5952133831427605,0.7515375268716702,0.8964829038447794
t-SNE,42.11538461538461,0.6079311765296384,4,0.4874151583710407,0.6092856739150139,0.7688563527102588,0.9065877514666022
GTM,40.588235294117645,0.6063731476213546,10,0.379794943618473,0.6117240504569929,0.7752478241506903,0.8363065817036226
