method,nn_overlap_best,AUC,kmax,Qlocal,Qglobal,trust_20,cont_20
PCA,39.526586620926246,0.8963003512180308,376.3333333333333,0.6570135692617552,0.9390631583444179,0.9588978767631774,0.9880817466423704
UMAP,63.651801029159515,0.8328728014485174,11.333333333333334,0.5533978180214847,0.8343342947240958,0.9897162259566713,0.9831581426739556
t-SNE,69.32761578044597,0.8381620396195965,6.666666666666667,0.6905735119047619,0.8387729081407622,0.9934401214820814,0.9862521131133158
GTM,55.18696397941682,0.7054961700998702,31.666666666666668,0.5224824565357803,0.7079576666722781,0.9840540649254234,0.9370775730579739
