method,nn_overlap_best,AUC,kmax,Qlocal,Qglobal,trust_20,cont_20
PCA,26.35294117647059,0.6495757624909752,16,0.21836457718285449,0.6613757947144883,0.7279086869468779,0.8724021406614019
UMAP,61.69747899159665,0.6666361752549098,14,0.5663966915437505,0.6696015081093508,0.9063871500770371,0.9261188975147189
t-SNE,63.218487394957975,0.6799236204322908,5,0.6438095238095238,0.6808325382611651,0.9222499274288989,0.9279831188454124
GTM,61.773109243697476,0.6746667375446546,14,0.5614950918762444,0.6779331324428413,0.9205235539742912,0.8908025991618969
