method,nn_overlap_best,AUC,kmax,Qlocal,Qglobal,trust_20,cont_20
PCA,48.96035242290749,0.8771543859734665,190,0.6234532978793839,0.9289326069692923,0.9513985039176935,0.9839639600114071
UMAP,69.80616740088107,0.8299310311918732,17,0.6326951950902455,0.8334154999348538,0.9900683826476788,0.9828329441232603
t-SNE,74.73127753303966,0.8546872211213257,14,0.7096535567083083,0.8570413845994005,0.9925113322949967,0.9867611672712552
GTM,64.70044052863436,0.6970347262763418,16,0.59750919448882,0.6987692480811958,0.9814529667379941,0.9239154200975983
