method,nn_overlap_best,AUC,kmax,Qlocal,Qglobal,trust_20,cont_20
PCA,47.73533424283765,0.8603484867169172,107,0.6057341621525952,0.9050267053017788,0.9479380307127633,0.9736871337505402
UMAP,69.3587994542974,0.7912549491078271,18,0.5888863109774019,0.7970402034453952,0.9732023129245095,0.9818851985454404
t-SNE,75.44338335607094,0.8100067607688757,22,0.6890784630429043,0.8145622249112684,0.9883266253343885,0.9862060561335709
GTM,62.56480218281036,0.7172379298322508,15,0.5401760023110638,0.7214221539253424,0.955710311545688,0.9301145295742645
