method,nn_overlap_best,AUC,kmax,Qlocal,Qglobal,trust_20,cont_20
PCA,10.386162510056316,0.5409359872900953,89,0.13261167394392584,0.5559915404408279,0.6098605213016963,0.8333056892165666
UMAP,42.55631536604988,0.5322557495003047,15,0.3860618247846727,0.5331322049839529,0.8014378135149998,0.9103889621423855
t-SNE,45.273531777956556,0.543868786760445,6,0.4947494860105479,0.5440140535166751,0.8170501376636061,0.9127156630173157
GTM,39.36041834271923,0.5640747483549263,15,0.34959539030737746,0.5653632533175629,0.8169666237629974,0.809451666862428
