method,nn_overlap_best,AUC,kmax,Qlocal,Qglobal,trust_20,cont_20
PCA,24.56397199236155,0.6966560847723343,250,0.3798515202418407,0.756849595677452,0.8164893101618077,0.9291151016755123
UMAP,59.40483768300445,0.7052696336698173,15,0.5347058613640407,0.7071159659983234,0.9372164790627593,0.9635591831911197
t-SNE,61.397199236155316,0.7122027296848051,7,0.6228880603801036,0.7128352178227496,0.9488705234501269,0.9639628606037166
GTM,56.791852323360914,0.6608002638682442,28,0.5309952863917813,0.6633107178694977,0.9472671355266493,0.9267849539207781
