method,nn_overlap_best,AUC,kmax,Qlocal,Qglobal,trust_20,cont_20
PCA,43.64648573416841,0.9123018145009691,347.0,0.6751296257540194,0.9509023556148003,0.9706577228858744,0.9913641519875819
UMAP,65.6750173973556,0.8539413086722742,12.333333333333334,0.5795927760779384,0.8555069239196619,0.9926167078355942,0.9842021380846325
t-SNE,71.75539318023661,0.8727533458363187,10.666666666666666,0.6840231770081769,0.8738004154095943,0.9952639967604778,0.9900304137139772
GTM,58.340292275574114,0.6537242738310616,23.666666666666668,0.5296144098417565,0.6550106835913202,0.9810817304447594,0.9287791698724438
