method,nn_overlap_best,AUC,kmax,Qlocal,Qglobal,trust_20,cont_20
PCA,14.713902548055433,0.531392154596089,68,0.15077705002540254,0.5432035091790431,0.6487649516844864,0.8090002806962523
UMAP,45.80017881090747,0.5593398145476792,13,0.40882940355878006,0.5602412984961016,0.8375532383342141,0.9175721020137905
t-SNE,48.89360751005811,0.5684891719067443,10,0.5195608844044248,0.5687610520972045,0.8489477537259617,0.9106149476477684
GTM,43.72597228430934,0.5425307117024752,16,0.3746589809851153,0.5437376211017754,0.8442224131348423,0.8576298174582939
