method,nn_overlap_best,AUC,kmax,Qlocal,Qglobal,trust_20,cont_20
PCA,40.028129395218,0.8125995420052783,122,0.5201922659616772,0.8741744661655918,0.9034966429705964,0.9579516178535886
UMAP,63.81153305203938,0.775699353244883,16,0.5624461484561696,0.7812206922078166,0.9693579739394897,0.9624983077926279
t-SNE,67.0815752461322,0.7997323324654984,2,0.6722925457102673,0.8007783900037365,0.9773054064862955,0.9644420469353737
GTM,60.58368495077355,0.6936304980686697,19,0.5326356596699761,0.6984967075591801,0.9602607704478071,0.9189403216589109
