method,nn_overlap_best,AUC,kmax,Qlocal,Qglobal,trust_20,cont_20
PCA,51.306343906510854,0.9062228267444756,190,0.6808294548244644,0.9495041235430092,0.959036903046834,0.987269396174209
UMAP,68.62687813021702,0.856361114291471,14,0.5967208289233092,0.8598949986567809,0.9864979820042683,0.9843756725162923
t-SNE,73.71869782971619,0.8647398918319887,19,0.7007504315125114,0.8678991782083096,0.9908559948236354,0.9857000067921912
GTM,63.017529215358934,0.7226611424213798,22,0.5806196756907996,0.7256270725777715,0.9815303164088613,0.9336281382604126
