method,nn_overlap_best,AUC,kmax,Qlocal,Qglobal,trust_20,cont_20
PCA,17.85180572851806,0.5273473098412571,19,0.14397764374867966,0.5317570387911238,0.6286748597867486,0.8165943089485518
UMAP,46.14881693648817,0.5540642120902475,11,0.4024092635040218,0.5551478474073943,0.7758329305409379,0.8882095980125307
t-SNE,47.820672478206724,0.5653741104525911,8,0.4947431136215383,0.5658043219826118,0.7874839195922305,0.8859814413815535
GTM,45.85616438356164,0.5356731494601789,13,0.4003365030462932,0.5367886974732474,0.8084453807583669,0.758488103758794
