method,nn_overlap_best,AUC,kmax,Qlocal,Qglobal,trust_20,cont_20
PCA,14.385934819897084,0.5477898585498764,30.333333333333332,0.12932705974349698,0.5528120741905865,0.6374775757575758,0.8288075615846663
UMAP,47.63636363636364,0.5488278448540275,12.0,0.40639093085258,0.5495276044540656,0.8163191037321994,0.9147964635216305
t-SNE,51.64665523156089,0.5554831843917629,7.666666666666667,0.518550776643991,0.555643495762077,0.8351234743875278,0.9165136802321658
GTM,44.502572898799315,0.5514917084616053,16.0,0.37908228332710053,0.5525994826416029,0.8420377971249241,0.8290304839036242
