method,nn_overlap_best,AUC,kmax,Qlocal,Qglobal,trust_20,cont_20
PCA,13.97280621572212,0.6704045268549516,321.6666666666667,0.29479273078831797,0.7259538448331014,0.7680420489977728,0.8909580211918743
UMAP,56.857861060329064,0.6826578132308958,9.333333333333334,0.4974872580834804,0.6834497811498442,0.9485338273604643,0.9403154673685631
t-SNE,61.087751371115175,0.6683159008343539,3.3333333333333335,0.6216759259259259,0.6685019425120279,0.9543652966187488,0.9444880934062226
GTM,51.47509140767824,0.5547996460965746,14.666666666666666,0.46021318074782364,0.5553835228590099,0.9572669852196801,0.8367489127353714
