method,nn_overlap_best,AUC,kmax,Qlocal,Qglobal,trust_20,cont_20
PCA,48.096868884540115,0.8776313329994042,168,0.6196954278200324,0.9292460632573412,0.9516173186369858,0.9807219486969969
UMAP,68.71819960861056,0.8199116262168122,16,0.6002670209594438,0.8239256735179815,0.9831468164328298,0.9779807423767385
t-SNE,72.24559686888455,0.8395374353384266,6,0.6976299195477278,0.8409487121780126,0.9875293714775197,0.9799579202082673
GTM,64.59393346379649,0.6996932861158621,14,0.5731641347345848,0.7017976934230138,0.9785589447682996,0.9214769770051306
