method,nn_overlap_best,AUC,kmax,Qlocal,Qglobal,trust_20,cont_20
PCA,12.927960057061341,0.6579784988127373,222.33333333333334,0.2537318669982635,0.6974755871534083,0.7541523061348451,0.8840773300938113
UMAP,43.484308131241086,0.691064253817569,14.0,0.39177144646308104,0.6927986408226801,0.9385252264291016,0.9306147479246811
t-SNE,46.88837375178317,0.6920173603799039,3.0,0.5064,0.6923257916857901,0.9464340905716407,0.9271484942970911
GTM,42.5160485021398,0.5436401447246801,16.666666666666668,0.3884227441230852,0.5446689483409092,0.9543086859688196,0.7949464156036985
