method,nn_overlap_best,AUC,kmax,Qlocal,Qglobal,trust_20,cont_20
PCA,38.74695863746959,0.6825960547560573,48,0.38891363687556874,0.7221110288308497,0.7992051692772029,0.8993535206269123
UMAP,64.23357664233576,0.7183026977457979,10,0.5276292820453404,0.7239591146231641,0.9163816338471278,0.9401856310207788
t-SNE,67.14111922141119,0.7342169180452357,15,0.6087868529596023,0.7400067635248935,0.9315563143641834,0.9496778793430337
GTM,68.15085158150852,0.7263518329617653,17,0.5965394434299922,0.7330285934736702,0.9430353197706949,0.9348913422280198
