method,nn_overlap_best,AUC,kmax,Qlocal,Qglobal,trust_20,cont_20
PCA,57.529342723004696,0.8724317449737568,84,0.6239550833586927,0.9004452591067762,0.9585754331221658,0.9845103997896897
UMAP,72.21244131455398,0.7957323271103388,12,0.6225137687799074,0.7988371707134876,0.9844208178672359,0.9805445066422067
t-SNE,77.48239436619718,0.8220987761959507,8,0.7316235957411132,0.823667297360765,0.9911976831571698,0.9853552130392418
GTM,66.69600938967136,0.7356019994367868,12,0.5975138146499649,0.7380559285671505,0.9820712569186676,0.9309346237702131
