method,nn_overlap_best,AUC,kmax,Qlocal,Qglobal,trust_20,cont_20
PCA,45.33240997229917,0.8908734619988518,221,0.6357233781663595,0.9376050727164712,0.9546879026639635,0.9852896289930791
UMAP,67.10872576177286,0.8451671685942442,15,0.5969470254788813,0.8481422108433477,0.987907293833601,0.9830171466870218
t-SNE,71.09418282548476,0.8686525574352347,6,0.6597414589104339,0.8699299785816919,0.9909283942826739,0.9857812281061039
GTM,61.81440443213296,0.6874360218073053,19,0.5533778348117838,0.6894411968180936,0.9798742733063739,0.9323130144912484
