method,nn_overlap_best,AUC,kmax,Qlocal,Qglobal,trust_20,cont_20
PCA,24.524229074889867,0.5669192802349898,26,0.18968472385170296,0.5756204714680806,0.6818319928685812,0.8688547651477835
UMAP,53.87665198237885,0.5837341935184459,13,0.44609731170219147,0.5854425016289501,0.8453801528787919,0.9312718295000628
t-SNE,56.784140969163,0.5835856215402564,12,0.541036977176845,0.5842054521797325,0.8652948390943737,0.9312118426221924
GTM,52.31718061674009,0.566682363227496,17,0.4430763040892532,0.5686555858877128,0.847968323418614,0.881664556091121
