method,nn_overlap_best,AUC,kmax,Qlocal,Qglobal,trust_20,cont_20
PCA,9.958246346555324,0.5418388474770152,32.0,0.0914967262122407,0.5475412950956279,0.6142783397448877,0.8229410568941081
UMAP,41.44050104384134,0.5405536529145031,12.666666666666666,0.3657917954220518,0.5414292173215653,0.8042917891610988,0.9060737774178308
t-SNE,44.80167014613779,0.55003668834996,7.333333333333333,0.46490989837910474,0.5502993639046309,0.8102883633664035,0.900501920766687
GTM,38.94050104384134,0.5438896167873172,15.333333333333334,0.33343283155424824,0.5451637555498409,0.8193976621448336,0.8306030856448673
