method,nn_overlap_best,AUC,kmax,Qlocal,Qglobal,trust_20,cont_20
PCA,19.079586877278253,0.6712593092757076,320,0.3475488876024893,0.7496062490563831,0.7781704275072177,0.9014340120182933
UMAP,60.3007290400972,0.7103899673337736,15,0.522579039811725,0.7123175477918903,0.9561748974188009,0.9658178497867522
t-SNE,62.36026731470231,0.7019735781516819,2,0.7296476306196841,0.7022105034291097,0.963658595930297,0.9654897328545271
GTM,57.52126366950182,0.6985094113520425,19,0.5054422888308965,0.7009352716328443,0.9625464769643111,0.9426769189575621
