method,nn_overlap_best,AUC,kmax,Qlocal,Qglobal,trust_20,cont_20
PCA,39.347627737226276,0.8304417158190743,196,0.550175561057271,0.8921829445827018,0.9079624469509877,0.9687943787742296
UMAP,65.51094890510949,0.7515471940278292,19,0.5733149834502026,0.7550752279724161,0.9777342719740226,0.9805179107851768
t-SNE,70.07755474452554,0.7827289546354428,15,0.678436675685763,0.7846258482178126,0.9852008241221866,0.9808142402559369
GTM,58.832116788321166,0.7520514372702085,37,0.551432004849834,0.7594368506645645,0.9697524293793052,0.9437940790622955
