method,nn_overlap_best,AUC,kmax,Qlocal,Qglobal,trust_20,cont_20
PCA,59.9764705882353,0.8804280179853805,74,0.6529693393206409,0.930512797484571,0.9546687541936927,0.9774624617908
UMAP,72.01176470588236,0.8403939533479372,12,0.6103297753444813,0.8484708279511938,0.9786487735778722,0.9817928874972042
t-SNE,78.78823529411764,0.8439929801775824,6,0.7359281045751634,0.8471194904481141,0.9865927085663163,0.9816682323119362
GTM,72.34117647058824,0.7380587472745932,15,0.6670556423968189,0.7417856970699844,0.9794020726161187,0.9472938194289122
