method,nn_overlap_best,AUC,kmax,Qlocal,Qglobal,trust_20,cont_20
PCA,10.798357664233576,0.5651676490514251,101,0.16426001958181108,0.605751155110497,0.6471975649689841,0.7914518302979651
UMAP,25.155109489051096,0.5692346427745439,5,0.2954592457420924,0.5704112817122109,0.6972364418884249,0.865012913302757
t-SNE,25.83485401459854,0.5962536200742875,2,0.41628649635036497,0.5966091268645507,0.7140845769951396,0.8354030440456658
GTM,26.514598540145982,0.5720269227146518,6,0.24216849148418493,0.5737156816523443,0.7434651666227089,0.7864455706001432
