method,nn_overlap_best,AUC,kmax,Qlocal,Qglobal,trust_20,cont_20
PCA,11.154895939952235,0.5543175529737174,29.333333333333332,0.10111142071596867,0.5595711328415977,0.6132948532091517,0.8251825389755011
UMAP,46.08324803821222,0.5594900701689578,8.0,0.4292422520366171,0.5599320777920637,0.8205071633933995,0.8954301167577782
t-SNE,50.03241214602525,0.5591071867472603,7.333333333333333,0.525635093537415,0.5592539230279799,0.8343865235877708,0.9003067098602956
GTM,43.526100307062435,0.5483301707635465,13.666666666666666,0.3743197737684916,0.5492824544044441,0.8362764068299926,0.814597006141594
