method,nn_overlap_best,AUC,kmax,Qlocal,Qglobal,trust_20,cont_20
PCA,9.44006309148265,0.5377230792244281,31,0.08244534737211356,0.5450832611165424,0.5716235676382103,0.7705315045849344
UMAP,34.99211356466877,0.511809425635463,7,0.36073091697246723,0.512340046285139,0.7030086726207181,0.8514094729369341
t-SNE,35.95425867507886,0.538274836473613,5,0.5159674027339642,0.5383773649698873,0.7150940149618229,0.8501105322996196
GTM,34.07465825446898,0.5450971735397406,8,0.3521557038956487,0.5458882339196504,0.736051649725123,0.7667042271405748
