method,nn_overlap_best,AUC,kmax,Qlocal,Qglobal,trust_20,cont_20
PCA,42.368421052631575,0.909132556272132,358.6666666666667,0.6787334321481676,0.9480879895810288,0.9656173314436121,0.9893475494364581
UMAP,64.65841756709655,0.8551793611807869,14.666666666666666,0.5700778149804341,0.8570650471725113,0.9912220422487682,0.9877959829925086
t-SNE,69.58173579644476,0.8523254774092776,11.333333333333334,0.6669261020522687,0.8533910384770307,0.9940362124586622,0.9893924330161301
GTM,55.25618682467759,0.6986562550994151,18.666666666666668,0.48765225661905137,0.7003453714585738,0.9845967874738476,0.9452259809678072
