method,nn_overlap_best,AUC,kmax,Qlocal,Qglobal,trust_20,cont_20
PCA,23.114355231143552,0.5436554102700895,19,0.17276320062688852,0.5611454376007403,0.6218632801634423,0.7624651901870698
UMAP,38.296836982968365,0.5477574801926225,9,0.3521449383574282,0.5519986886607678,0.6910442464294964,0.833845529157115
t-SNE,39.695863746958636,0.5644975333454225,2,0.40328467153284675,0.5653107082506091,0.7049627363150676,0.8475677092825102
GTM,40.133819951338204,0.5549509188148547,14,0.35309698218978713,0.5620111623463241,0.7179997506162656,0.7465567459898776
