method,nn_overlap_best,AUC,kmax,Qlocal,Qglobal,trust_20,cont_20
PCA,42.060546875,0.7267894607962491,72,0.44865917508421066,0.7731295436121909,0.852161214953271,0.930213403751298
UMAP,70.29296875,0.7275465096676137,13,0.6053588989135864,0.7316523342641328,0.9500456337616823,0.9599566783489096
t-SNE,72.802734375,0.759716435255848,14,0.6904800393988452,0.7626941234480361,0.9611025928089304,0.9656391971703011
GTM,72.96875,0.7312591536710497,14,0.6528683571512813,0.734409731852828,0.966581889278297,0.9395200545171339
