method,nn_overlap_best,AUC,kmax,Qlocal,Qglobal,trust_20,cont_20
PCA,39.33742869679684,0.8806984029168157,318,0.6075176491442006,0.9253632985253117,0.9489096577768241,0.9839203220946966
UMAP,62.20272049144362,0.8160750359257247,13,0.5520484069771882,0.81778703102557,0.9881462586875966,0.9805785398544181
t-SNE,66.97235629662133,0.8318109020150262,7,0.6485839355487697,0.8326070738615683,0.9927648904057046,0.9835630071942068
GTM,53.10662571303203,0.656146205465432,21,0.48978319136948806,0.6577781863419857,0.9710421056873467,0.9033845683090564
