method,nn_overlap_best,AUC,kmax,Qlocal,Qglobal,trust_20,cont_20
PCA,27.623318385650226,0.6589070992877621,17,0.22450138050262958,0.6760471407961204,0.7443603524847151,0.8373487019259307
UMAP,52.82511210762332,0.674476869310965,14,0.4616884494607109,0.6818828799487521,0.8705627775709206,0.8893159141560495
t-SNE,53.01569506726458,0.6863050749949824,4,0.5433482810164425,0.6881529499639258,0.8827284108508308,0.8858863112679629
GTM,54.417040358744394,0.6793037463860947,13,0.48875853220023624,0.6855711120012448,0.8987359224663137,0.8587635513968259
