method,nn_overlap_best,AUC,kmax,Qlocal,Qglobal,trust_20,cont_20
PCA,60.01838235294118,0.8760123114092101,60,0.625523987852146,0.9084316359339227,0.9502774357065124,0.978048928919182
UMAP,71.91176470588235,0.7920533245275313,11,0.5947853848839811,0.7970854541339992,0.9757476444813563,0.9752840583653131
t-SNE,76.67279411764706,0.8164973210308284,10,0.7261255543884221,0.8193172049081762,0.9840286528438055,0.9819346397273613
GTM,65.98345588235294,0.7336577662986064,10,0.5551000087535014,0.7377245648180386,0.9675113838135059,0.9212021736640128
