method,nn_overlap_best,AUC,kmax,Qlocal,Qglobal,trust_20,cont_20
PCA,35.39138943248532,0.7317397395787093,85,0.46017200039017736,0.7870210762257042,0.8598654777007806,0.9414003270402854
UMAP,70.21526418786694,0.7195467751108907,19,0.5771303294040687,0.7259344490333683,0.9524783585265675,0.9771833400872786
t-SNE,73.26810176125245,0.7691847168305649,1,0.7338551859099804,0.7702444991802916,0.9711444984533805,0.9827639995031269
GTM,71.97651663405088,0.7389973914117002,19,0.6247694196823614,0.7443624269764505,0.9680021829837233,0.9727664635052773
