method,nn_overlap_best,AUC,kmax,Qlocal,Qglobal,trust_20,cont_20
PCA,15.090874668686105,0.6378053300019404,256.3333333333333,0.2512838451563362,0.6819867608231333,0.7286323250320578,0.8800368279678747
UMAP,57.67322983718288,0.6792343892673212,14.666666666666666,0.49670849487901875,0.6804159832592952,0.9519883188229737,0.9505127866639671
t-SNE,60.39189700870882,0.6722580001157948,9.0,0.6048180776014108,0.6726241335796898,0.9572566214483363,0.9520688857393534
GTM,53.078379401741756,0.547476888282865,17.333333333333332,0.47321976020864237,0.5480271690554623,0.9577058135924951,0.8511828197340892
