method,nn_overlap_best,AUC,kmax,Qlocal,Qglobal,trust_20,cont_20
PCA,39.48993517570795,0.8820488295319552,427.3333333333333,0.6274701872448257,0.9349025257287162,0.9479645974218803,0.9866090004724303
UMAP,65.661890139884,0.8098379975956322,13.0,0.5779733281268995,0.8112326614133877,0.9899427198488223,0.9782445920226767
t-SNE,70.66700784715114,0.8458238171678074,8.666666666666666,0.6749082645502646,0.8466411359264209,0.9921619302152932,0.9829871336977796
GTM,58.31115660184237,0.6753498271604159,26.333333333333332,0.5403904646470767,0.6768961798663758,0.9816016062630762,0.9301903570223393
