method,nn_overlap_best,AUC,kmax,Qlocal,Qglobal,trust_20,cont_20
PCA,41.41063515509601,0.7152854913459148,37,0.3831506988071504,0.7348462763296009,0.8317480445210604,0.9475642620587392
UMAP,68.87740029542098,0.7094501728907839,18,0.5697772006275135,0.7138882756175015,0.9548400031529849,0.9738755781900268
t-SNE,72.84342688330871,0.7340873834698753,14,0.6894354517138858,0.7357250056772537,0.9661052982712275,0.9610086581421836
GTM,68.82570162481537,0.731999673126381,28,0.6171782766005134,0.7376425552840553,0.9603003789293788,0.966703223013134
