method,nn_overlap_best,AUC,kmax,Qlocal,Qglobal,trust_20,cont_20
PCA,38.898858075040785,0.7965674552625145,109,0.4928314120363314,0.8633691366488226,0.8870583704989883,0.9498146734906776
UMAP,62.27569331158238,0.7751703930620486,16,0.5460976465475345,0.7819996319581277,0.965778378340533,0.9607152609063986
t-SNE,65.90538336052202,0.7954395484207586,2,0.6655791190864601,0.7966364222024127,0.9754864908386952,0.9592423107352148
GTM,56.6068515497553,0.6643333070589827,17,0.5299034945647838,0.6685809460508423,0.9446183898227951,0.8895980508160107
