method,nn_overlap_best,AUC,kmax,Qlocal,Qglobal,trust_20,cont_20
PCA,34.64,0.8746547682385877,264,0.6048954147058518,0.9328891422541666,0.9428760122490643,0.9792089599637065
UMAP,51.75666666666666,0.8260716898544433,178,0.5964403987785265,0.8574227989251082,0.97929892253601,0.9681655665192243
t-SNE,55.36666666666667,0.8444772022822572,118,0.5963814345384593,0.8660548517946658,0.9830867415220597,0.974155381649087
GTM,47.47666666666667,0.6725797235573504,34,0.4344559259891534,0.6782244952128295,0.9614566859476013,0.8778687081773846
