method,nn_overlap_best,AUC,kmax,Qlocal,Qglobal,trust_20,cont_20
PCA,39.7323600973236,0.7082960198888565,31,0.34581360271909045,0.7384327493286154,0.8307368649906801,0.9252929459572659
UMAP,68.28467153284672,0.6930698409435649,18,0.5935000266860626,0.6986082305370357,0.9244335312417071,0.9631525940704221
t-SNE,71.13138686131387,0.7129126339229301,19,0.6699692089928588,0.7160926246826399,0.9389380729031783,0.962772124014055
GTM,69.98783454987834,0.7166050243302494,20,0.6182144775227418,0.7227343156052602,0.9251449143302928,0.942317222504644
