method,nn_overlap_best,AUC,kmax,Qlocal,Qglobal,trust_20,cont_20
PCA,16.72819859961808,0.578155637866108,23,0.1374593182851894,0.5845501024932804,0.6764353749423325,0.839185860402694
UMAP,41.65181413112667,0.5763565214897618,10,0.38228953856102177,0.5776144678536687,0.8068831554396663,0.9137174497768814
t-SNE,44.65945257797581,0.5932959558012588,4,0.5051983874389986,0.5935974153897476,0.8207576218671304,0.9011662618322893
GTM,41.514958625079565,0.5752614328511475,13,0.38258832518735564,0.5768757502456681,0.8277531061922202,0.8509761580546134
