method,nn_overlap_best,AUC,kmax,Qlocal,Qglobal,trust_20,cont_20
PCA,30.040650406504067,0.6915317814948068,52,0.31862754096604795,0.7262794358443895,0.7856923087622664,0.8941957200581415
UMAP,59.61788617886179,0.7051414061161795,12,0.5165362099508441,0.709416534684541,0.9268556962729593,0.9530586214330921
t-SNE,61.33333333333333,0.7454654959293701,8,0.6100142760356175,0.7478763170860557,0.9277929159103396,0.9571801345045101
GTM,61.959349593495936,0.7039318702006301,34,0.5958223481876255,0.7109053868498952,0.9408927093548095,0.9271418139331093
