method,nn_overlap_best,AUC,kmax,Qlocal,Qglobal,trust_20,cont_20
PCA,21.46218825422365,0.6975726182081133,435,0.3679688927633529,0.7676364654793628,0.8076313079164723,0.9265051463925943
UMAP,60.34593724859212,0.7036936932401122,15,0.5181332507217463,0.7049471114244021,0.9625309921264641,0.9682791090911385
t-SNE,62.99275945293644,0.6682354647129473,2,0.7345132743362832,0.6683451361000851,0.9674894047267426,0.968321070812678
GTM,54.36645213193886,0.6010768347614962,21,0.47610919634175564,0.6022014989634006,0.964095231402144,0.9070621749359025
