method,nn_overlap_best,AUC,kmax,Qlocal,Qglobal,trust_20,cont_20
PCA,34.269911504424776,0.7125990093033137,119,0.42248055202268425,0.7750510326520258,0.8324150066627942,0.9247882142572408
UMAP,71.03244837758112,0.690279997041773,14,0.594567045072734,0.692917174173793,0.9503515905285816,0.9732829922210453
t-SNE,73.17109144542772,0.7339907152888149,11,0.7212752404325212,0.7349216941601454,0.9568971879591348,0.9673960433252469
GTM,70.81858407079646,0.7200572131131885,19,0.6420611754929313,0.7229652306949975,0.9596362228220635,0.9490378241705675
