method,nn_overlap_best,AUC,kmax,Qlocal,Qglobal,trust_20,cont_20
PCA,24.495238095238093,0.6604550638749254,138,0.35968112464869006,0.7687172380982791,0.7564959314362752,0.8459613847561269
UMAP,48.885714285714286,0.6625200759788967,8,0.4532137188208617,0.6661258447813108,0.8718289758775097,0.8804499012951996
t-SNE,49.46666666666666,0.6732282212988803,8,0.5141734693877551,0.6760972911988661,0.878601184457605,0.8795891954355048
GTM,50.523809523809526,0.6556432626195322,8,0.4544503968253969,0.6590916130558172,0.8991755019500216,0.837161924021378
