method,nn_overlap_best,AUC,kmax,Qlocal,Qglobal,trust_20,cont_20
PCA,28.922237380627557,0.6975658957203366,177,0.3985708890593134,0.7935480710948466,0.7914693673442635,0.8990138513300286
UMAP,61.03683492496589,0.7028788927449504,12,0.5190784526221088,0.7063828287856135,0.9183126914692703,0.9422753467687512
t-SNE,62.462482946794,0.7010993763533746,9,0.6341699329421021,0.7024140750159206,0.936867162200871,0.9439738218115966
GTM,61.02319236016371,0.7017036930811283,20,0.5556025050657012,0.7062521591528462,0.9276219698698374,0.920282270006263
