method,nn_overlap_best,AUC,kmax,Qlocal,Qglobal,trust_20,cont_20
PCA,38.986553784860554,0.8727343262885485,380,0.6069808925386322,0.9352334560029201,0.9453099107992807,0.984570051022207
UMAP,66.12798804780876,0.8198342324301994,15,0.5835672137365365,0.8218571944266234,0.9899806211311517,0.9829461295148105
t-SNE,72.49750996015936,0.8266023647441685,9,0.7216039940766037,0.8273603945768768,0.9941068721322044,0.9836829798379176
GTM,59.4546812749004,0.6884703765905179,28,0.5488257582560047,0.6905953823727491,0.9832567454581169,0.9280856221133167
