method,nn_overlap_best,AUC,kmax,Qlocal,Qglobal,trust_20,cont_20
PCA,47.73063781321184,0.9125300708231698,264,0.676465843159868,0.9548481712423744,0.9689869365388132,0.9905199476695871
UMAP,69.44191343963554,0.8448131698500754,14,0.606915076869112,0.8470426056156375,0.9902544011870713,0.9886310560670738
t-SNE,74.89179954441913,0.8780933198028386,11,0.6934760605642258,0.8796206249925734,0.9939882236768716,0.9895387194230453
GTM,63.67027334851936,0.6839074995756813,22,0.5792945322612154,0.6854226505014304,0.9871809795318646,0.9439405665651698
