method,nn_overlap_best,AUC,kmax,Qlocal,Qglobal,trust_20,cont_20
PCA,30.968379446640316,0.5561319248298091,21,0.23964756058966538,0.5696209834215856,0.6940289605699015,0.8629025822620666
UMAP,46.798418972332016,0.5670290426981626,15,0.4094667497631924,0.5719615950783866,0.7935418510991135,0.8881842703540688
t-SNE,48.241106719367586,0.5783860135547734,7,0.4489607700787825,0.5803439002008807,0.8008609618333936,0.8885063777259635
GTM,48.112648221343875,0.5765796055135799,13,0.39990988159504426,0.5813936760580034,0.8098041171556465,0.8343680253363425
