method,nn_overlap_best,AUC,kmax,Qlocal,Qglobal,trust_20,cont_20
PCA,20.69,0.6558463694425565,60,0.24607222679689691,0.7120337246819374,0.739839190628328,0.8373997870074548
UMAP,38.61,0.6776576027800547,15,0.3372864376364377,0.6883475097778483,0.8353729499467519,0.8757601703940362
t-SNE,39.83,0.6987320050525307,1,0.57,0.6995317314310118,0.8471120340788072,0.8753467518636848
GTM,41.959999999999994,0.6533611844182771,14,0.3412692133263562,0.662516302912355,0.874222790202343,0.8274526091586795
