method,nn_overlap_best,AUC,kmax,Qlocal,Qglobal,trust_20,cont_20
PCA,55.27980535279805,0.8599422063924932,87,0.6334989890809063,0.9230758180743722,0.940618855328659,0.969055315230632
UMAP,69.95133819951337,0.7951270722440562,12,0.579410385280215,0.8028959752297375,0.9664435001966295,0.9736583634672012
t-SNE,73.04136253041362,0.8363508472849869,12,0.6838255469186124,0.8424243485422331,0.9779343353443893,0.9752979016596808
GTM,66.58150851581507,0.7700517040429684,12,0.5955539200368883,0.7764047921127352,0.9562657663274409,0.9310879205552944
