method,nn_overlap_best,AUC,kmax,Qlocal,Qglobal,trust_20,cont_20
PCA,66.14224137931033,0.9155441396622159,71,0.7048013814268689,0.9556751762158922,0.9739097363083165,0.9874756393429582
UMAP,76.13146551724138,0.8535756397157078,13,0.6500386743009423,0.8608424967080844,0.9872389929602673,0.9862998647734956
t-SNE,80.15086206896552,0.8835027692521087,12,0.774674443532202,0.8879734815886736,0.9902833293560832,0.9864592033567992
GTM,70.5603448275862,0.7545304300359524,10,0.6829637041598249,0.7572066188500445,0.9787450781529651,0.947526647575866
