method,nn_overlap_best,AUC,kmax,Qlocal,Qglobal,trust_20,cont_20
PCA,21.926829268292682,0.6470289245291027,155,0.3123593758292201,0.7253765376657487,0.7379009561469903,0.8482809434807458
UMAP,55.55487804878049,0.6712962906919862,11,0.49177116028834433,0.674058646681937,0.9037953165788782,0.9140918148256847
t-SNE,56.34756097560975,0.6694337215875312,9,0.5937208026842173,0.6706472497712896,0.9029442839710221,0.9164713696535318
GTM,55.46951219512195,0.6689193578175807,11,0.5050192453518396,0.6714405102842685,0.9128647337771668,0.8836247856778758
