method,nn_overlap_best,AUC,kmax,Qlocal,Qglobal,trust_20,cont_20
PCA,36.90036900369004,0.758309202268778,114,0.5187703385127422,0.8235555847484347,0.8984125266472606,0.9431054383857621
UMAP,61.50369003690037,0.757607710338664,15,0.5386301517943585,0.7645605982785766,0.9396642896047729,0.9707644833046571
t-SNE,64.35424354243543,0.778808383949002,7,0.6126797951652986,0.7817793245719566,0.958484559918913,0.9710797415892047
GTM,62.25092250922509,0.7693749696261089,19,0.5649951398444185,0.7775772573244739,0.9584125987887445,0.9529953144106221
