method,nn_overlap_best,AUC,kmax,Qlocal,Qglobal,trust_20,cont_20
PCA,38.013698630136986,0.843804194260477,293,0.5595693744070437,0.9077500512793915,0.9218391994792615,0.974925096423164
UMAP,65.09962640099627,0.789946038661428,14,0.5985138604946023,0.7919205357474874,0.9806511443717288,0.9675295118709473
t-SNE,69.35242839352428,0.7959963778545605,7,0.713646953177286,0.7966925103638116,0.986725596215082,0.9735592448660272
GTM,58.216064757160645,0.6884744805980045,19,0.531080182261597,0.6905320348399582,0.9800678825398093,0.9268618197468791
