method,nn_overlap_best,AUC,kmax,Qlocal,Qglobal,trust_20,cont_20
PCA,61.368821292775664,0.8818014900641498,29,0.590296427593557,0.8999540300694611,0.9557742112472327,0.9804084670782288
UMAP,75.63688212927757,0.8031667914540013,13,0.6647870835900961,0.807824823743577,0.9834575821173834,0.9796029282554396
t-SNE,78.79277566539923,0.8622038790370132,12,0.747407203942375,0.8661978186073661,0.9904831698211661,0.9826907951026923
GTM,72.00570342205323,0.7437711742366181,10,0.6537201249321021,0.7464512357721413,0.9752017204268071,0.9577507453008637
