method,nn_overlap_best,AUC,kmax,Qlocal,Qglobal,trust_20,cont_20
PCA,0.9337576869133671,0.553477743003337,1664.6666666666667,0.38366202946853817,0.8930779239714549,0.5308664560977255,0.5999391050820003
UMAP,10.491423022979825,0.5301675311219946,1.6666666666666667,0.12626666666666667,0.5303010820160109,0.5822164540730242,0.6341269379766484
t-SNE,12.591973244147155,0.5535748409457318,1.0,0.20920000000000002,0.5536177523121281,0.5828439576162515,0.7229125598974152
GTM,9.633185888445356,0.4980823688493892,6.0,0.08342174452003025,0.49891675858099055,0.6579597678342445,0.5039977647297024
