method,nn_overlap_best,AUC,kmax,Qlocal,Qglobal,trust_20,cont_20
PCA,22.843426883308716,0.5989852427544272,34,0.1980758487183051,0.6200398460909138,0.7204981716114838,0.8559603409336263
UMAP,43.76661742983752,0.6276682426522954,16,0.36596766801022707,0.6341149918443671,0.802255983531366,0.9225877095278405
t-SNE,46.27769571639587,0.6270581212188707,16,0.4245075182182826,0.6321106973654594,0.819367323881233,0.9307553112373067
GTM,46.37370753323486,0.6051420998162658,16,0.3963270526197502,0.6103234616056658,0.8309222138066467,0.8760614192316084
