method,nn_overlap_best,AUC,kmax,Qlocal,Qglobal,trust_20,cont_20
PCA,57.693726937269375,0.88582558813744,100,0.6531694078535266,0.9402195517409229,0.9568177309339075,0.9789682324975743
UMAP,73.36715867158672,0.8122007935059395,16,0.6415666776079598,0.8184482473915607,0.9812681030036107,0.9798763134258909
t-SNE,77.50922509225092,0.8649358661147565,18,0.7146954467616866,0.8713468406111602,0.9881123459328435,0.9849139532451043
GTM,68.19188191881919,0.7885014474186551,19,0.6146439404811135,0.7957417880374904,0.9799953468742899,0.9541048504326686
