method,nn_overlap_best,AUC,kmax,Qlocal,Qglobal,trust_20,cont_20
PCA,41.519114688128774,0.7064309110082754,50,0.41376546994872193,0.7397682490730733,0.8255429684214612,0.9279041882592447
UMAP,69.45674044265594,0.6952311848738219,14,0.5725346672745351,0.6996230040863152,0.9380147983290957,0.9609642851751452
t-SNE,72.42454728370221,0.7287097314236971,13,0.6628218537210954,0.7314206390933354,0.9510199460428164,0.9675676783099454
GTM,72.66599597585514,0.708746011334379,21,0.6502323124878225,0.7122660342430562,0.9546065244629621,0.9484115841889493
