method,nn_overlap_best,AUC,kmax,Qlocal,Qglobal,trust_20,cont_20
PCA,32.41525423728814,0.5351212970893258,32,0.28024145109382875,0.5496187000209124,0.696302237166962,0.7630693264264401
UMAP,43.04237288135593,0.5473053071049532,21,0.3553550647423915,0.5543824211676602,0.7359013041305039,0.8786393723209281
t-SNE,46.24576271186441,0.5988678674060074,10,0.4282600887812752,0.6019442791579733,0.7587154087335848,0.8806326774814074
GTM,46.73728813559322,0.5649588734877198,21,0.38540911395600147,0.5716709047775423,0.7687703912391511,0.7878037291164932
