method,nn_overlap_best,AUC,kmax,Qlocal,Qglobal,trust_20,cont_20
PCA,16.458080194410694,0.5410853806270498,37,0.14969087522363456,0.5499255633224482,0.654449904911901,0.8549660544700433
UMAP,44.13730255164034,0.5642651479702637,11,0.4033184868998964,0.5653689318948103,0.8065467507398143,0.9250080760012831
t-SNE,46.087484811664645,0.5774597707743856,6,0.5228145673012016,0.5777415337978531,0.8134576830695047,0.9013802534905436
GTM,43.18955042527339,0.5660664487099896,17,0.3876135949025769,0.5679348818942266,0.82632697444599,0.8755285879163466
