method,nn_overlap_best,AUC,kmax,Qlocal,Qglobal,trust_20,cont_20
PCA,33.74651810584958,0.8316586917876272,470,0.5652849304006302,0.9064231833900825,0.9110990575246846,0.9742266374494728
UMAP,62.19823584029712,0.7765024644511159,11,0.5337071135817654,0.7779382385151462,0.9865095991074807,0.9722260663980626
t-SNE,68.00139275766016,0.7930805617991177,7,0.7052575812126151,0.7936111186152445,0.9901789870133902,0.9768840706608346
GTM,55.37604456824513,0.6603292062795245,22,0.5178781193281793,0.6619020185048524,0.9770135957021604,0.9018105412329944
