method,nn_overlap_best,AUC,kmax,Qlocal,Qglobal,trust_20,cont_20
PCA,29.561270801815432,0.6942875372975876,121,0.4095868832316306,0.7587849794195378,0.7896006219399392,0.9158683464483798
UMAP,59.78063540090771,0.67674237765414,12,0.5226618537511124,0.6800556878399344,0.8933455785757047,0.9447192092340805
t-SNE,61.5052950075643,0.7155867973844178,12,0.5751326207831503,0.7187122869246574,0.9096614242472595,0.9453703026078527
GTM,59.183055975794254,0.7158651515357267,12,0.5281855230134352,0.7198406628843631,0.9061843672804885,0.9281007917017088
