method,nn_overlap_best,AUC,kmax,Qlocal,Qglobal,trust_20,cont_20
PCA,26.11013215859031,0.6803618495149008,128,0.33791844858700376,0.7240945397408673,0.7934808941395134,0.916814274005221
UMAP,70.62555066079295,0.6766204197135156,15,0.5915795499980523,0.6781149478986379,0.9546550654810217,0.9642948051922152
t-SNE,71.85022026431717,0.7008389951849057,9,0.7336373136299714,0.7009778912094846,0.9605930484621382,0.9700959032232975
GTM,69.66519823788546,0.6498207236144612,18,0.606627117435941,0.6508303113841191,0.9623624220499638,0.9329840879222564
