method,nn_overlap_best,AUC,kmax,Qlocal,Qglobal,trust_20,cont_20
PCA,59.80825958702065,0.905696073333869,107,0.66924730236685,0.9514005397361434,0.9623241193152697,0.9853035842416373
UMAP,73.90855457227138,0.8232796490797015,22,0.6661396267395592,0.8294350009929884,0.9828516759490211,0.9835334449493741
t-SNE,78.56194690265487,0.8763263555753827,22,0.7379338133995561,0.8820098727127224,0.9906161661028917,0.9858231683010444
GTM,68.84955752212389,0.7129012508898849,19,0.615473472812039,0.7163284277230317,0.9756653113290281,0.9309231102151456
