method,nn_overlap_best,AUC,kmax,Qlocal,Qglobal,trust_20,cont_20
PCA,23.073170731707318,0.5183153596427029,31,0.2005143093391714,0.5348803097254574,0.6578203871003637,0.7442362661436708
UMAP,37.674796747967484,0.5365471653719851,15,0.33838637032945973,0.5413846358226411,0.7129271770048753,0.8557877972278439
t-SNE,38.36585365853659,0.5545479584466806,3,0.40451671183378496,0.5552548436333494,0.7280811199899853,0.8640412554681578
GTM,38.739837398373986,0.5587884254736963,15,0.35138134253581405,0.5639136900550968,0.7355798507514588,0.7709570406225876
