method,nn_overlap_best,AUC,kmax,Qlocal,Qglobal,trust_20,cont_20
PCA,22.759999999999998,0.6571955898949006,62,0.26800190536737617,0.7126297660526872,0.748364856230032,0.83950202342918
UMAP,40.2,0.6736638375049561,10,0.3348687301587302,0.6807286221585774,0.8503535676251331,0.8775957401490948
t-SNE,41.58,0.7009607920122697,1,0.57,0.7017694873523593,0.8606159744408945,0.8643823216187434
GTM,43.81,0.6568009105157562,26,0.38417359390641,0.6720558721928526,0.8821780617678381,0.8263605963791267
