method,nn_overlap_best,AUC,kmax,Qlocal,Qglobal,trust_20,cont_20
PCA,19.730941704035875,0.49888692769838544,14,0.15739339936168895,0.5092831585915328,0.5906622848909683,0.5989210147156432
UMAP,25.168161434977577,0.5124810045429758,4,0.28774289985052315,0.5141371363550301,0.6122608775423203,0.7585652382725443
t-SNE,25.650224215246638,0.5370415307416796,2,0.3923766816143498,0.5375668719756364,0.6334485438150588,0.8069690199824081
GTM,27.477578475336323,0.5165560277200263,2,0.27298206278026904,0.5172517644096017,0.647702535709853,0.6471917782346625
