method,nn_overlap_best,AUC,kmax,Qlocal,Qglobal,trust_20,cont_20
PCA,12.216666666666667,0.6559814997888983,202,0.2704354922493079,0.7161131471320924,0.7442487240558013,0.8559460587501417
UMAP,34.196666666666665,0.6753067557614659,5,0.3172,0.6765310293948008,0.8952372689123285,0.8918267891573097
t-SNE,37.73666666666667,0.6817754589428047,1,0.47933333333333333,0.6820183119273642,0.9004721106952478,0.8966209595100374
GTM,37.39,0.5909639732694061,29,0.3454445943041329,0.5957936037069063,0.9282816377452648,0.784345582397641
