method,nn_overlap_best,AUC,kmax,Qlocal,Qglobal,trust_20,cont_20
PCA,15.612004707728522,0.667675960489694,222.33333333333334,0.27619658678057674,0.7059433174494535,0.7614418384288317,0.9109181831679827
UMAP,55.19027069438995,0.6796181291828457,20.666666666666668,0.4887889162348209,0.6813033705715149,0.9590976904906526,0.9578201336302895
t-SNE,59.17614750882699,0.6742186099354748,1.3333333333333333,0.6909,0.6743563586148719,0.9585620705945872,0.9598245960720794
GTM,51.994899960768926,0.6182061321735802,26.666666666666668,0.47105735924775555,0.6198527586107652,0.9591481973408923,0.8919560099885268
