method,nn_overlap_best,AUC,kmax,Qlocal,Qglobal,trust_20,cont_20
PCA,31.99007717750827,0.7349081998471776,148,0.43761092127821594,0.7934300035869838,0.8442882291563808,0.9414535862603783
UMAP,59.283351708930546,0.7295093182345876,13,0.5237755450290434,0.7328898640801087,0.9344142754804962,0.9621945934862963
t-SNE,61.339581036383684,0.7323952687042132,8,0.6455898566703417,0.7336156696467554,0.9444018790279822,0.963928524482522
GTM,59.5148842337376,0.7086850080577499,28,0.5679320198047442,0.7135375632135232,0.9431843725451596,0.9419283747942573
