method,nn_overlap_best,AUC,kmax,Qlocal,Qglobal,trust_20,cont_20
PCA,57.29235880398671,0.9065716657378239,190,0.7170386126700772,0.9583042732231494,0.9695718505967057,0.9871284828984569
UMAP,71.63898117386489,0.8209884005699829,31,0.6584435446738475,0.8274221350701627,0.9887253250070602,0.9864333152465358
t-SNE,76.29014396456257,0.874254147020187,16,0.713285052952308,0.877882598904805,0.9919564520683998,0.9888470459817165
GTM,66.62236987818383,0.7286254598200788,29,0.6295289753852787,0.7323908385558351,0.9834136450608764,0.9521364950324769
