method,nn_overlap_best,AUC,kmax,Qlocal,Qglobal,trust_20,cont_20
PCA,18.213828425096033,0.5148593252595195,18,0.14034260039162,0.5233181900191599,0.6062136979103133,0.7144215422752735
UMAP,34.41741357234315,0.5151565707391481,8,0.3197489863422962,0.5170445836612538,0.6825771295448788,0.8328497177724453
t-SNE,35.2112676056338,0.5354526800034252,5,0.41627400768245837,0.5361762293827342,0.6967192166383316,0.8494791777739297
GTM,36.453265044814344,0.545514806972235,9,0.33593813159540864,0.547877828746447,0.7199522128226936,0.7384427453827196
