method,nn_overlap_best,AUC,kmax,Qlocal,Qglobal,trust_20,cont_20
PCA,39.994594594594595,0.8188382464807994,115,0.5052538964701307,0.8640228222296991,0.9154311785234088,0.9679450092910127
UMAP,61.38918918918919,0.7878120668700667,14,0.5735764072906929,0.7915720722514912,0.9771194537186711,0.9607464837671658
t-SNE,65.85945945945946,0.8088860477980432,3,0.7003003003003002,0.8098071739753087,0.9830411070657018,0.971358421585364
GTM,57.913513513513514,0.6683627909040967,17,0.5316851195657425,0.6712027463028197,0.9683242638949738,0.8916800265889142
