method,nn_overlap_best,AUC,kmax,Qlocal,Qglobal,trust_20,cont_20
PCA,35.90592334494774,0.6941250420399521,69,0.3706850653798009,0.7225356293457442,0.8142029240882415,0.9363332892811168
UMAP,67.33449477351915,0.6826665851661916,13,0.5573566114439875,0.6850193322345647,0.9533363260870933,0.9695328577092428
t-SNE,71.13821138211382,0.7035909568196627,21,0.658285394725542,0.705223308619417,0.9749184859183244,0.976430945353575
GTM,67.32288037166086,0.7026113306305419,28,0.6262327569813,0.7056499494779912,0.9559251979377968,0.9596245352665963
