method,nn_overlap_best,AUC,kmax,Qlocal,Qglobal,trust_20,cont_20
PCA,4.297119430359262,0.652302080042475,291.6666666666667,0.24664208878470018,0.7059312592495289,0.7329583991361274,0.8576203900924613
UMAP,28.925450426151688,0.6734971160526095,88.0,0.3171250226636401,0.6865116773839821,0.9089262603765945,0.89399195518661
t-SNE,36.46348041859963,0.6542219143726166,1.0,0.4023999999999999,0.6543454402632345,0.9166511385570629,0.9053952891948437
GTM,29.229150933218257,0.5067703440824595,12.666666666666666,0.2730133863461436,0.5078899800928802,0.9133179537018291,0.7010168779105083
