method,nn_overlap_best,AUC,kmax,Qlocal,Qglobal,trust_20,cont_20
PCA,31.80717863105175,0.7645053388780599,185,0.46275188134671186,0.8200689744010013,0.8716241558915108,0.9532479542992782
UMAP,63.050918196994985,0.7278482115075818,15,0.5488588737670541,0.7304250911385008,0.9587427654227424,0.9750212524085468
t-SNE,65.50500834724541,0.7299955348328079,8,0.6374993789251928,0.7309563061582972,0.9684608179943017,0.9753757332885287
GTM,61.13939899833055,0.7391216050054801,30,0.5766219668944264,0.743622224493631,0.9644546764235896,0.9632371582902267
