method,nn_overlap_best,AUC,kmax,Qlocal,Qglobal,trust_20,cont_20
PCA,50.89601769911505,0.8053148130394524,27,0.47351399845577913,0.8272996377626898,0.9137611669238602,0.9599027388488227
UMAP,71.44911504424779,0.7690294295114366,12,0.6376952534723551,0.7738273572382408,0.9672154337123001,0.9639989397327287
t-SNE,73.46238938053096,0.8070823907701484,9,0.7067972444631736,0.8104173355647869,0.9766132333952697,0.965501159995381
GTM,65.4646017699115,0.7332918382348941,11,0.6302890631983552,0.7368375964361752,0.9674563558298953,0.9263801845494914
