method,nn_overlap_best,AUC,kmax,Qlocal,Qglobal,trust_20,cont_20
PCA,37.674698795180724,0.5973167778946354,19,0.28051696054766023,0.6125256360135776,0.70239146442728,0.8875124947122691
UMAP,51.42168674698795,0.5878340984435554,16,0.4385849385303452,0.5941003912582062,0.7536769705610478,0.902931988030144
t-SNE,53.77108433734939,0.6070642804470677,14,0.48298699627012887,0.6117811025213368,0.7843740109984803,0.9116220408291162
GTM,53.108433734939766,0.6031889190705496,15,0.46631483821845265,0.6086868780706822,0.7749322387077568,0.8736525294937879
