method,nn_overlap_best,AUC,kmax,Qlocal,Qglobal,trust_20,cont_20
PCA,17.38508682328907,0.6547044053004083,112,0.26381619006288676,0.7053433860699916,0.7609806462868365,0.856498379517576
UMAP,38.40653728294178,0.6668639832842003,7,0.35686873319297074,0.669174176430038,0.8833318346316398,0.8989697727124653
t-SNE,41.01123595505618,0.6711573601130255,1,0.5393258426966292,0.6715080924083391,0.8989509267630251,0.9024254736929391
GTM,40.77119509703779,0.6240964536052077,27,0.3630388148982862,0.6315673872182763,0.9264602514695802,0.8200246828092095
