method,nn_overlap_best,AUC,kmax,Qlocal,Qglobal,trust_20,cont_20
PCA,32.407205240174676,0.7055309150244391,38,0.3075756776048797,0.7228806931827554,0.819308781213091,0.9242833964971804
UMAP,66.15174672489083,0.7064346694451066,15,0.5694732168203784,0.7091582332094811,0.9523788770561127,0.9677032811502149
t-SNE,69.35589519650655,0.7154178877572057,10,0.6630578949192487,0.716488988927624,0.9634073587320218,0.9714718450336449
GTM,66.18449781659389,0.6982775140069339,15,0.5717962914087367,0.7007960906091059,0.9628953493819642,0.9424719954433264
