method,nn_overlap_best,AUC,kmax,Qlocal,Qglobal,trust_20,cont_20
PCA,47.042682926829265,0.8298288054706241,156,0.5675003880308223,0.8924462868645858,0.9267293285345773,0.9661878465839756
UMAP,64.27439024390243,0.7668062768828597,13,0.5898104222752439,0.7702080039455537,0.9659518219311389,0.9649912726486353
t-SNE,69.28048780487805,0.8102566427574628,12,0.659502879403794,0.8131258666854136,0.9753299402215048,0.9704704274085173
GTM,64.07317073170732,0.6968444426604159,13,0.5871421769287622,0.6990393200966846,0.9687092787963978,0.9050664977834072
