method,nn_overlap_best,AUC,kmax,Qlocal,Qglobal,trust_20,cont_20
PCA,18.04794520547945,0.5169934738164352,21,0.14870560260229468,0.5244337159440817,0.6318496357986131,0.6915995847285094
UMAP,40.53326810176125,0.5332443006283188,10,0.3805620398844469,0.5347430008860589,0.7397510443466135,0.8723503991362984
t-SNE,41.66829745596869,0.5612005060373498,8,0.4428335546547386,0.5621746916530866,0.7561134121441253,0.8456454224903855
GTM,40.22504892367906,0.5725921444699809,10,0.35945453980679026,0.5747097700646274,0.7609567823564881,0.7717356828541625
