method,nn_overlap_best,AUC,kmax,Qlocal,Qglobal,trust_20,cont_20
PCA,44.13931681178835,0.8579316517988377,214,0.5773838052256804,0.9053856578976054,0.9436454565751283,0.9810088561434844
UMAP,69.70864032150034,0.7669955301405362,15,0.6233534606843382,0.7687777958018358,0.9904139316811789,0.9820141171621413
t-SNE,74.06563965170797,0.7803337757918223,9,0.7378790912559612,0.7809627176168198,0.9932967180174146,0.9864674692725597
GTM,66.08841259209645,0.7137951014469792,24,0.6100781686830974,0.7157524853429803,0.9845373681167385,0.9512124615728099
