method,nn_overlap_best,AUC,kmax,Qlocal,Qglobal,trust_20,cont_20
PCA,11.686666666666666,0.6540679236680749,203,0.26724155555157736,0.7147428991347266,0.7395699217420891,0.8554262901213565
UMAP,33.47666666666667,0.6791823599077054,5,0.32242444444444446,0.6804023009239305,0.8910746285584666,0.8945944652376092
t-SNE,36.406666666666666,0.7019845706786336,1,0.49466666666666664,0.7022544231444702,0.8964109561075195,0.894902801406374
GTM,36.766666666666666,0.5994149394436417,18,0.3301911139090878,0.6026666660348023,0.9210084609277532,0.801385142338664
