method,nn_overlap_best,AUC,kmax,Qlocal,Qglobal,trust_20,cont_20
PCA,64.16142557651992,0.9044989003901689,62,0.6632997311422614,0.9423721773412002,0.9628099755611429,0.9866837574331923
UMAP,73.53249475890985,0.8690482307155338,15,0.6144452686066941,0.8786457462866155,0.9806005714138148,0.9880270729010402
t-SNE,78.42767295597484,0.8737536656972165,20,0.707205614728652,0.8825206797953005,0.9908646566234937,0.9880714431602893
GTM,66.12159329140461,0.7554911746605487,19,0.5975070691920904,0.7629943071012274,0.9706034120494599,0.9536952913529643
