method,nn_overlap_best,AUC,kmax,Qlocal,Qglobal,trust_20,cont_20
PCA,37.928403755868544,0.7085860174011052,32,0.3469105003885055,0.7228836883244858,0.8419092665140774,0.9435576024620027
UMAP,69.85328638497651,0.7117729846567756,18,0.5920414534140599,0.7148545505478968,0.9522965547392694,0.9789428190159418
t-SNE,72.05985915492957,0.7216867593725336,15,0.6747606095434733,0.7230612779135746,0.9705134744355768,0.9765627544940979
GTM,68.82629107981221,0.7032129707839889,25,0.6174937035285979,0.7063049011348891,0.9609537117205158,0.961630005229184
