method,nn_overlap_best,AUC,kmax,Qlocal,Qglobal,trust_20,cont_20
PCA,59.56204379562043,0.9020187029851258,86,0.6987422225795236,0.9584614036228658,0.965257968289899,0.9811258076995629
UMAP,72.68856447688565,0.8314202029443687,12,0.6210498128077203,0.8391679530055375,0.9800870285288598,0.9791080375098714
t-SNE,77.17761557177616,0.8554844137760109,10,0.7368753137913722,0.8600261055663068,0.9853793989852,0.9846402000185439
GTM,69.62287104622871,0.7757413013926644,10,0.6003881357895956,0.7812662523680408,0.9722445495266505,0.9565231431302774
