method,nn_overlap_best,AUC,kmax,Qlocal,Qglobal,trust_20,cont_20
PCA,27.80922431865828,0.6686156000845459,109,0.37707875084983866,0.7559853768347343,0.761324863074319,0.8787856165235785
UMAP,57.096436058700206,0.673950291342767,10,0.5062551163022861,0.6781345084429837,0.8913924044689537,0.92716985827341
t-SNE,58.17610062893082,0.6971332719018009,7,0.6042577618049316,0.6992325923470276,0.8933587816725005,0.9321602212409117
GTM,57.52620545073375,0.6947763335313922,8,0.5029440576020765,0.6986563800212792,0.9041175131056599,0.9002082350262113
