method,nn_overlap_best,AUC,kmax,Qlocal,Qglobal,trust_20,cont_20
PCA,15.181788758226347,0.8760706491179238,451.6666666666667,0.6127305722540709,0.9345146091389435,0.9413347614226901,0.9815703340757237
UMAP,39.478908188585606,0.8203571129362222,305.0,0.5578412579760266,0.8570879173962321,0.9758497212661132,0.9639567847742457
t-SNE,49.052756500161834,0.8212306381604368,368.6666666666667,0.5824259864195286,0.8627998499795217,0.9830457960450834,0.9686311831004927
GTM,29.852734922861153,0.6197322649251485,23.666666666666668,0.30966582696616346,0.6226771841390261,0.9436182952014578,0.8443850091111561
