method,nn_overlap_best,AUC,kmax,Qlocal,Qglobal,trust_20,cont_20
PCA,18.02366040361865,0.6525459072502385,417.3333333333333,0.27879195921439776,0.7262192615843718,0.736185589525545,0.8910471053519605
UMAP,58.773486430062626,0.6761838221996266,13.666666666666666,0.5152568890572188,0.6771750072208208,0.9600093055274348,0.9548591941688601
t-SNE,61.81976339596381,0.6756601314329923,8.666666666666666,0.6248889587007642,0.675965512586064,0.9619857919956806,0.9541438077883512
GTM,55.906402226861516,0.5477250816320586,14.333333333333334,0.48902806370525415,0.5481068297294661,0.9654910467706014,0.8498479368293177
