method,nn_overlap_best,AUC,kmax,Qlocal,Qglobal,trust_20,cont_20
PCA,61.421686746987945,0.8650514207645174,42,0.5831685447581365,0.8984639348134983,0.95493035862566,0.9784019302176195
UMAP,76.89156626506023,0.8238460049277109,20,0.6754273800162354,0.832907415018825,0.9817412693687624,0.9867620286085825
t-SNE,80.48192771084337,0.8685087818820241,20,0.7360985290550688,0.8769605200894783,0.9881072273489275,0.9885076848355712
GTM,70.2289156626506,0.7901365971342812,18,0.6309138234917824,0.798638254235111,0.9681031538377176,0.9599677252573362
