method,nn_overlap_best,AUC,kmax,Qlocal,Qglobal,trust_20,cont_20
PCA,27.544247787610622,0.5863865110563309,21,0.2122230327752226,0.6043881100511601,0.6988211087666257,0.8142802779789836
UMAP,39.71238938053097,0.5783132777476901,8,0.3455979377370417,0.5825016575529821,0.7397253802790287,0.8511290271785343
t-SNE,40.05530973451327,0.57991736406332,5,0.4383554572271386,0.5815960582962244,0.7391511563211874,0.8666745399384835
GTM,40.730088495575224,0.5990803548777759,9,0.3880223697148476,0.6034852526764691,0.7736817518554677,0.8082259943942305
