method,nn_overlap_best,AUC,kmax,Qlocal,Qglobal,trust_20,cont_20
PCA,58.34249084249085,0.8993122154542726,82,0.6619465832920219,0.9429369705544822,0.9600668649165255,0.9834814877976856
UMAP,70.61355311355312,0.8333812467298898,8,0.5950023438862725,0.8379809822840402,0.980793034963743,0.9759328934886646
t-SNE,74.28571428571429,0.876740281474545,9,0.6899872247094471,0.8810592946437313,0.989314758955884,0.9838934424773416
GTM,68.07692307692308,0.7297741967023891,9,0.6259551588916668,0.7323081018023752,0.9787730536518121,0.9227736860617559
