method,nn_overlap_best,AUC,kmax,Qlocal,Qglobal,trust_20,cont_20
PCA,19.611553784860558,0.6972651011686508,373,0.3735289861712468,0.7713358207047125,0.8028675185478062,0.9142688789721015
UMAP,59.58416334661355,0.6982511447938683,18,0.5224467662351544,0.6999916608154169,0.9624985897119487,0.9615925551901119
t-SNE,61.952191235059765,0.7072996254144158,11,0.608811744037885,0.7080155186809134,0.9713890455875612,0.9637648520960406
GTM,57.58964143426295,0.633636036872972,19,0.49756368956723523,0.6350430213460967,0.9656026840803663,0.9144243128623307
