method,nn_overlap_best,AUC,kmax,Qlocal,Qglobal,trust_20,cont_20
PCA,6.727605118829983,0.5561099055170807,878.3333333333334,0.24242468123115066,0.7261853739043591,0.5829332712424917,0.7896828885739353
UMAP,40.245658135283364,0.5520343106174486,5.333333333333333,0.38129725925925934,0.552398382622138,0.7309667760005398,0.8426822136734832
t-SNE,42.98217550274223,0.5601969739422472,3.6666666666666665,0.5040601851851852,0.5603145129578714,0.7430545157589256,0.8454700492677331
GTM,36.524223034734916,0.48415952896500974,7.333333333333333,0.3283181065759637,0.4845617948060789,0.7641131079165824,0.5548461550921239
