method,nn_overlap_best,AUC,kmax,Qlocal,Qglobal,trust_20,cont_20
PCA,19.738584872777974,0.6850174679685086,254.66666666666666,0.3163202651172039,0.7269136527794723,0.7801525517986098,0.9206654302490384
UMAP,61.997211571976294,0.697246805890436,15.0,0.5365244661329632,0.6983452474147295,0.9668496861712897,0.9669974812715125
t-SNE,65.31544092018125,0.694160855948721,2.3333333333333335,0.7113481481481481,0.6943088944925616,0.9640908955929001,0.9692969427009516
GTM,57.73440223074242,0.5866428437892885,18.333333333333332,0.5035441336711818,0.5873205354318763,0.9677954592697576,0.8931903813187555
