method,nn_overlap_best,AUC,kmax,Qlocal,Qglobal,trust_20,cont_20
PCA,19.854202401372213,0.6886211728549565,558.0,0.39747400747260114,0.772465325272636,0.8067099601808733,0.9238028021866774
UMAP,61.93996569468268,0.6919177465505763,12.333333333333334,0.52935471185984,0.6928515405434371,0.9681437672943242,0.9601276020786934
t-SNE,64.73070325900515,0.6763335003357493,4.666666666666667,0.688566777777778,0.6764634713367745,0.9639436431126409,0.9557154997637848
GTM,57.81818181818181,0.5864415230194043,15.0,0.5040620620794595,0.5870000653975933,0.9700985624620367,0.8838672281838429
