method,nn_overlap_best,AUC,kmax,Qlocal,Qglobal,trust_20,cont_20
PCA,15.067226890756302,0.5632859964904613,33,0.13540440255989017,0.5880353633950752,0.6128034774582996,0.7190170523479542
UMAP,35.18487394957983,0.5289007600307284,6,0.34621848739495803,0.5306359420048588,0.7066140185037699,0.8168168454272763
t-SNE,36.226890756302524,0.5652252136067673,1,0.4722689075630252,0.5654455690581415,0.7187933100609597,0.8456379185863894
GTM,36.64705882352941,0.5607767035838634,8,0.3656497599039616,0.5633888314027208,0.7318893048804995,0.7328164286086445
