method,nn_overlap_best,AUC,kmax,Qlocal,Qglobal,trust_20,cont_20
PCA,29.42831215970962,0.5965315368041358,28,0.2530661130115441,0.6148364728380579,0.7053728179138097,0.864232876736211
UMAP,41.02540834845735,0.5780986288425366,7,0.35962257861402275,0.5809411920316991,0.7564452719795115,0.9003908708469972
t-SNE,43.42105263157895,0.5969794361446877,6,0.44638535995160317,0.5987607824725655,0.772911534525472,0.9050168151173921
GTM,42.14156079854809,0.6017474033769892,11,0.3786559825992262,0.6063594115070173,0.7838580103244298,0.8426302016593705
