method,nn_overlap_best,AUC,kmax,Qlocal,Qglobal,trust_20,cont_20
PCA,32.61102603369066,0.5769856402454112,18,0.25526783781332923,0.5859794348504549,0.694821921683672,0.8291430961210846
UMAP,46.41653905053599,0.5509764300423121,12,0.4022078511358756,0.5538160304096112,0.7577940552408716,0.8993549696488865
t-SNE,47.73353751914242,0.5818529126758285,8,0.4530930959673303,0.5835819018238033,0.7760437154437043,0.9135019711310787
GTM,48.460949464012245,0.5726847441262117,12,0.42626862035361274,0.5755403015601726,0.7821024988160913,0.807340110826153
