method,nn_overlap_best,AUC,kmax,Qlocal,Qglobal,trust_20,cont_20
PCA,33.82352941176471,0.6721760539567975,23,0.2949378080426606,0.6930271520940681,0.7626628107079826,0.8791621536922087
UMAP,61.606334841628964,0.6701763160767135,13,0.5498907872689632,0.674543847402062,0.8846458987371002,0.9210731624175981
t-SNE,63.68778280542986,0.7009347951053525,8,0.6180732870071105,0.7033009939493694,0.9027638646822408,0.9313808877135301
GTM,62.737556561085974,0.6968121240501898,14,0.5567279659757035,0.7021733427219229,0.9067070589334902,0.8956524249105194
