method,nn_overlap_best,AUC,kmax,Qlocal,Qglobal,trust_20,cont_20
PCA,15.21361527672888,0.8771974476989929,430.0,0.6087204178797655,0.9333228895892335,0.941455258149423,0.9816711642032802
UMAP,39.16334016614522,0.8304948469199537,344.6666666666667,0.5772571582728702,0.8712489634351228,0.9759832381723696,0.9643554835661741
t-SNE,49.06678174560363,0.8304213221356819,332.6666666666667,0.5813730335408451,0.8689169445152639,0.983340465681312,0.9688906715259499
GTM,28.51224511813572,0.6246899102035494,18.666666666666668,0.27457536292456974,0.627287214486726,0.9297380873321185,0.8250254734426673
