method,nn_overlap_best,AUC,kmax,Qlocal,Qglobal,trust_20,cont_20
PCA,41.278240190249704,0.8597717951725337,162,0.5936463253423628,0.9243615354586727,0.9358876253336669,0.9717610934369868
UMAP,59.720570749108205,0.8273673768796685,35,0.5608957960951321,0.839525130791112,0.9777543698528748,0.9706100299209028
t-SNE,62.907253269916765,0.8215166142339123,3,0.6212181265688995,0.8227875748274796,0.9827942705028604,0.9665125020080527
GTM,54.84542211652794,0.7179658474021375,35,0.5045564373777782,0.7276393684566503,0.9661833647408676,0.9227061435777888
