method,nn_overlap_best,AUC,kmax,Qlocal,Qglobal,trust_20,cont_20
PCA,48.450570342205324,0.7995543533512935,80,0.5486915544926921,0.8458623709661016,0.9192015209125475,0.9650389628327956
UMAP,74.54372623574145,0.783918438008851,19,0.6306871706961568,0.7907288516420604,0.9637682104721965,0.9855073992932591
t-SNE,78.72623574144487,0.7998013887004798,2,0.7476235741444868,0.80109098338373,0.9807497515663788,0.9897186848940848
GTM,75.5893536121673,0.8049430026647537,27,0.6711476950543127,0.813367177683646,0.9741686586119179,0.9851041502802792
