method,nn_overlap_best,AUC,kmax,Qlocal,Qglobal,trust_20,cont_20
PCA,30.529411764705884,0.5591749642669263,15,0.24732042641454408,0.5703102316945834,0.682951464996645,0.8095080891672258
UMAP,41.62352941176471,0.5468782257170934,6,0.3927450980392157,0.549150080072715,0.7365188995750391,0.8540690375009319
t-SNE,42.858823529411765,0.5531607143073696,6,0.5137124183006536,0.5539733524325274,0.7502434951166779,0.8790316856780735
GTM,42.27058823529411,0.5760229339009487,7,0.4360824329731892,0.5785487331577166,0.7546392305971819,0.7918401550734362
