method,nn_overlap_best,AUC,kmax,Qlocal,Qglobal,trust_20,cont_20
PCA,36.3845050215208,0.7221204400527782,86,0.4274463421177559,0.7641632120602961,0.8456432616044972,0.946674150603648
UMAP,67.53945480631278,0.7250538019591066,22,0.5896185978985776,0.7300805331651197,0.9628434368276431,0.9767036091878063
t-SNE,71.18364418938306,0.7627638185830895,20,0.6690583398977455,0.7662433887078064,0.9692959107782685,0.9783919078765387
GTM,68.56527977044476,0.7313263526387249,23,0.6035208641578089,0.7363337116909606,0.9668293328712378,0.9761845052367827
