method,nn_overlap_best,AUC,kmax,Qlocal,Qglobal,trust_20,cont_20
PCA,31.93478260869565,0.596709910568642,22,0.24735783689588428,0.6141593362624851,0.7470881206660931,0.8831634357442931
UMAP,42.02173913043478,0.6086681152337788,14,0.3563114012454075,0.6166770067323298,0.7870858429923572,0.9131024447031432
t-SNE,43.434782608695656,0.6198638412453146,6,0.41504227053140097,0.6227557142516466,0.795760489952928,0.9256068735131852
GTM,43.93478260869565,0.6048410864076745,6,0.3580495169082125,0.6082007672184693,0.7974019334919269,0.8952568709824366
