method,nn_overlap_best,AUC,kmax,Qlocal,Qglobal,trust_20,cont_20
PCA,41.5445321307779,0.8753694530969218,143,0.5961034277136786,0.9300460452733976,0.9483858760285923,0.9767506388904794
UMAP,59.797068771138676,0.8451650269972127,11,0.5077070800243907,0.8499160165752125,0.978225730553082,0.975293843550645
t-SNE,62.71702367531004,0.853019090674753,10,0.5980475474669387,0.8564845447210495,0.9817526429301495,0.9757218985264878
GTM,54.937993235625704,0.7071488432917684,27,0.5086543126770865,0.7137089001821658,0.9687762063561952,0.9118077095965529
