method,nn_overlap_best,AUC,kmax,Qlocal,Qglobal,trust_20,cont_20
PCA,17.94928606597735,0.6692863906134707,207,0.2713994274477872,0.7145110373231974,0.7675589719015348,0.8874080593588678
UMAP,52.80157557853274,0.6798891818637868,14,0.4862964182308979,0.681346784031482,0.9262142736103272,0.9339090633545454
t-SNE,55.76809453471196,0.6840460733169489,5,0.606392581651075,0.6843902613234931,0.9471908364612441,0.9343693372570201
GTM,52.00886262924668,0.5953866284944359,14,0.4638615724736214,0.5963580861715354,0.9568852986162617,0.8506742959754892
