method,nn_overlap_best,AUC,kmax,Qlocal,Qglobal,trust_20,cont_20
PCA,23.359639233370913,0.6875504196608545,94,0.30420124695728157,0.7332208629903844,0.7835029692036032,0.8900631881276609
UMAP,46.94475760992108,0.7008252983626942,21,0.41873857939163994,0.7078827861263964,0.9056590263065581,0.9317747235642816
t-SNE,49.69560315670801,0.7091160938028096,6,0.486605912564199,0.7108694166613517,0.9274767330665229,0.9270470985520237
GTM,48.19616685456595,0.6687927730094619,36,0.4541676854521731,0.6781146133350313,0.935554888639234,0.8802135141378582
