method,nn_overlap_best,AUC,kmax,Qlocal,Qglobal,trust_20,cont_20
PCA,36.110169491525426,0.6981592051792077,52,0.3695922558046779,0.7303318304473249,0.8074194574453583,0.9197673467533057
UMAP,62.83898305084745,0.6792464573274932,15,0.5318725107284429,0.6836436181834051,0.9145097771921056,0.9459426546098968
t-SNE,67.48305084745763,0.7409273314672223,16,0.6228994448936186,0.74494928943457,0.9373076748307356,0.9520704018418382
GTM,66.71186440677967,0.7025291851596094,28,0.6021012594197279,0.7082397657836447,0.937308735099438,0.9263607034125505
