method,nn_overlap_best,AUC,kmax,Qlocal,Qglobal,trust_20,cont_20
PCA,19.17867981790592,0.6671620217834247,172.66666666666666,0.26857878028689824,0.6967413452220114,0.7758372869001823,0.9073906377809272
UMAP,60.25606980273142,0.6922483256106133,14.0,0.518855443868301,0.6933459469983531,0.9590498076533711,0.9582501936964297
t-SNE,63.143019726858874,0.6893213990145525,9.0,0.6290961022927689,0.6896766751908657,0.9676752675980292,0.958414693932645
GTM,56.05652503793627,0.5645381747311462,18.0,0.48982391482970344,0.5651244198397863,0.9661028521293109,0.8857212877100628
