method,nn_overlap_best,AUC,kmax,Qlocal,Qglobal,trust_20,cont_20
PCA,2.1766666666666667,0.5585524738151452,934,0.36481226987655013,0.8798819434396798,0.5316906657593286,0.5800549166383123
UMAP,5.6466666666666665,0.514254600189069,1,0.12933333333333333,0.5142736444110985,0.5390709992060791,0.5753622547351707
t-SNE,7.89,0.5380294670069844,1,0.148,0.538080274578136,0.564671044572984,0.7276633548826131
GTM,7.953333333333333,0.5188372300668952,15,0.06510844525844525,0.5231540444086755,0.6251436316207326,0.5230637405013043
