method,nn_overlap_best,AUC,kmax,Qlocal,Qglobal,trust_20,cont_20
PCA,16.63939393939394,0.6459334706374696,324.0,0.2883192340712068,0.6991630681142413,0.7532856151717621,0.9064907309171897
UMAP,59.981818181818184,0.6638088539737791,11.666666666666666,0.5390176404653547,0.664493521548626,0.9603588742660457,0.9444255031382872
t-SNE,63.61060606060606,0.6782473847390253,2.3333333333333335,0.6849888888888889,0.6783889739014661,0.9673009327124249,0.9622987163393399
GTM,54.703030303030296,0.5571880784834452,21.666666666666668,0.4911634451210432,0.5578131186446793,0.9738996396031586,0.875611079165823
