method,nn_overlap_best,AUC,kmax,Qlocal,Qglobal,trust_20,cont_20
PCA,25.745305164319248,0.5977732514438427,29,0.212639286891308,0.6112431051024403,0.7356126717701217,0.8746681754148343
UMAP,52.21244131455399,0.6261933050546696,20,0.44365001091317974,0.6307706346944649,0.8592336530850757,0.9521790409733711
t-SNE,56.16197183098591,0.6343043809753527,17,0.5030353530004767,0.6372167617415984,0.8761092013635883,0.9538340205566938
GTM,52.2887323943662,0.6143772183861167,26,0.4583442613863655,0.6194775806773435,0.8722663226263648,0.9250269317262879
