method,nn_overlap_best,AUC,kmax,Qlocal,Qglobal,trust_20,cont_20
PCA,22.3546511627907,0.6524493366936494,251,0.4195647431270062,0.8759521235068976,0.6941690816627947,0.8211206380379853
UMAP,49.9031007751938,0.6629965179821076,8,0.48206701042820227,0.6662390349508137,0.8441818551960338,0.8889205566067109
t-SNE,51.45348837209303,0.6906250788931598,2,0.5358527131782946,0.6916966012031716,0.8645598320280379,0.8929316456302541
GTM,50.13565891472869,0.6844809981452877,9,0.4504966298893948,0.6889962847329042,0.8770842813690034,0.8657030632529399
