method,nn_overlap_best,AUC,kmax,Qlocal,Qglobal,trust_20,cont_20
PCA,20.335753176043557,0.576858052232853,21,0.15961287458093557,0.5930413473772584,0.6528864643971053,0.7840616397398146
UMAP,34.509981851179674,0.584765253458705,13,0.32155113489051784,0.5910516810732174,0.7261738765078253,0.8667364027678258
t-SNE,34.57350272232305,0.5925276718940573,1,0.38656987295825773,0.5928653641272473,0.7269381841765299,0.8689874841132444
GTM,36.116152450090745,0.5849505751171066,12,0.3277428539565563,0.5906085860667928,0.7617652647966932,0.8090466900631286
