method,nn_overlap_best,AUC,kmax,Qlocal,Qglobal,trust_20,cont_20
PCA,71.10837438423646,0.9056310877653807,35,0.6698845475589518,0.9298448384407538,0.9817458495405141,0.9900218427974523
UMAP,76.05911330049261,0.8024673935673858,23,0.6910429628415341,0.8107007659716917,0.9881251926823349,0.9775383232865211
t-SNE,81.35467980295566,0.8703285878502949,23,0.7531179437784636,0.8792419959446811,0.9932815359487842,0.9930303109810893
GTM,70.48029556650246,0.7537772109933996,14,0.6472766760372319,0.7587634775432104,0.9686755918217418,0.9413147002682793
