method,nn_overlap_best,AUC,kmax,Qlocal,Qglobal,trust_20,cont_20
PCA,11.88163884673748,0.5396700710312522,55.0,0.12255114946480823,0.5489360616213089,0.6186327110751164,0.8580256543159884
UMAP,42.85849772382397,0.5372018581713615,11.666666666666666,0.385683391381346,0.5379066479812363,0.8175462347303774,0.9102676790173448
t-SNE,46.739377845220034,0.5493370671580101,7.0,0.49617600907029474,0.5495128916299034,0.8404506364311265,0.9087491233043127
GTM,39.98103186646434,0.5400775689445364,16.666666666666668,0.34359224875705263,0.541372086189538,0.8391727610177498,0.7998373408922185
