method,nn_overlap_best,AUC,kmax,Qlocal,Qglobal,trust_20,cont_20
PCA,62.0940170940171,0.8591382301858177,52,0.6088313091450751,0.8919365405509585,0.9527684981684982,0.9800339438339438
UMAP,76.03632478632478,0.811506630395916,14,0.6574066615618813,0.8175543255479611,0.982657387057387,0.9859216117216117
t-SNE,79.18803418803418,0.8496159039039564,13,0.7099964006152368,0.8550108851718945,0.98803663003663,0.986837851037851
GTM,70.27777777777777,0.7592860265078945,17,0.6254012192127709,0.7653869724632034,0.9667716727716728,0.94328547008547
