method,nn_overlap_best,AUC,kmax,Qlocal,Qglobal,trust_20,cont_20
PCA,14.512025095852213,0.558182345901847,76.66666666666667,0.1649438740346718,0.5705323108492099,0.6652542970911791,0.8962522669906189
UMAP,47.71174625304984,0.5701790514411577,13.333333333333334,0.4060823219007285,0.5710816390830773,0.8420731484106095,0.9443965742053048
t-SNE,51.925758103868944,0.5758295543965543,8.666666666666666,0.49735313786008223,0.5761463558945578,0.8582334966592428,0.9391121657555511
GTM,44.771697455559426,0.5630413506693708,22.0,0.3924345675463285,0.5645644640274944,0.8545557643247621,0.8954376216508065
