method,nn_overlap_best,AUC,kmax,Qlocal,Qglobal,trust_20,cont_20
PCA,5.140000000000001,0.5532019176725615,288,0.3367845985268095,0.8510437541724781,0.5389640042598509,0.5930741214057508
UMAP,7.779999999999999,0.5085850537796738,2,0.07,0.5095079472501154,0.5310611288604898,0.5300291799787007
t-SNE,9.6,0.5293944610423906,2,0.13,0.5303424114115987,0.5480937167199148,0.6611301384451544
GTM,11.0,0.5462422983888805,19,0.08350386459040933,0.5638763142410546,0.6066577209797657,0.6005356762513312
