method,nn_overlap_best,AUC,kmax,Qlocal,Qglobal,trust_20,cont_20
PCA,12.428040854224697,0.5330563809410537,35,0.10995234953321585,0.5398944966366712,0.596759665843102,0.7852711805525949
UMAP,42.44661095636026,0.528781290005978,13,0.38684073209999925,0.5296356500584513,0.7927415583538241,0.901432722513833
t-SNE,45.36675951717734,0.54611229571511,7,0.4767887935118337,0.5463638269000607,0.7999851662181552,0.9017284908523554
GTM,41.0886722376973,0.553520531296211,15,0.35384730249632756,0.5549065236388181,0.8051736558155967,0.7938634163959528
