method,nn_overlap_best,AUC,kmax,Qlocal,Qglobal,trust_20,cont_20
PCA,45.00952380952381,0.8310746889072661,82,0.5304748472039952,0.8880917242352834,0.9213393037700419,0.9615357503972266
UMAP,64.0,0.792498409826259,12,0.5509928422547471,0.7990217412617611,0.9647443786412442,0.9659769849294622
t-SNE,66.48571428571428,0.8201969769164189,10,0.6253359032501888,0.8249355791613975,0.9741206605999326,0.9663662188839135
GTM,60.43809523809524,0.7120257711090837,18,0.5260687222570976,0.7192804072967737,0.9612878809764553,0.9073592373248591
