method,nn_overlap_best,AUC,kmax,Qlocal,Qglobal,trust_20,cont_20
PCA,56.389405204460964,0.9232828518732025,181,0.7282931040103506,0.9636877871869508,0.9754785956453486,0.9903996415866192
UMAP,70.33457249070632,0.8682322505013284,17,0.6349914307105091,0.8725293662181526,0.9900501618727099,0.9873328604267892
t-SNE,74.44702602230483,0.8951280073359845,23,0.7168556665205688,0.8996433202595038,0.9941080022543064,0.991613509126563
GTM,61.85408921933085,0.7430198186383347,15,0.5648972599065536,0.7458860757243951,0.9839873577502449,0.9393952040876192
