method,nn_overlap_best,AUC,kmax,Qlocal,Qglobal,trust_20,cont_20
PCA,60.432203389830505,0.8923987630120439,58,0.620704874299696,0.9232822829789059,0.958930794747126,0.9839754017661048
UMAP,71.75423728813558,0.8431891494034875,18,0.6168471323873866,0.8513189952321895,0.9832857727086836,0.9848316444767574
t-SNE,76.01694915254237,0.8441119047878602,12,0.7229485074718126,0.847701180751517,0.9865632147347057,0.983386195301495
GTM,69.51694915254237,0.7001629887742481,17,0.6253118963237871,0.7030839098204149,0.974740309901395,0.9364276518077581
