method,nn_overlap_best,AUC,kmax,Qlocal,Qglobal,trust_20,cont_20
PCA,28.62679955703212,0.7206971963580264,177,0.42620812272600705,0.7930839040168026,0.8296544787035891,0.9218809634868808
UMAP,65.04983388704318,0.7186766270086428,12,0.5335747657453084,0.7215943213867603,0.9429996160521915,0.9672194245859869
t-SNE,68.28349944629014,0.7439285213880485,12,0.6511944112857734,0.7456718262389145,0.9633512614748039,0.9719903410154627
GTM,66.30675526024363,0.7213731989600394,25,0.6041162743509547,0.7251703781644557,0.9506395428165269,0.9582470402700962
