method,nn_overlap_best,AUC,kmax,Qlocal,Qglobal,trust_20,cont_20
PCA,24.264864864864865,0.6728733899877614,201,0.3719203099628441,0.7569118855921206,0.7597342921456951,0.8857366186756908
UMAP,55.67567567567567,0.6900528794732004,13,0.5082462180923718,0.6929417156630084,0.9135873581798679,0.9226970827731029
t-SNE,56.086486486486486,0.6968388851595362,7,0.6027328553042839,0.697902665501226,0.9139458250872449,0.9246168628102669
GTM,54.17297297297298,0.6676319332126672,12,0.4950374042874042,0.6701497391789358,0.924959436798453,0.877426797395495
