method,nn_overlap_best,AUC,kmax,Qlocal,Qglobal,trust_20,cont_20
PCA,19.105922551252846,0.560406107689572,42,0.1864199197179536,0.5790165155451327,0.6566450299352914,0.7965015689989988
UMAP,41.46355353075171,0.5560965792202472,13,0.36528918096291496,0.5589530121349028,0.7478663629460895,0.9065766928054508
t-SNE,43.75284738041002,0.5789691595408372,9,0.43177847279973325,0.5805335834742675,0.7744572338581248,0.9140854449304869
GTM,43.55353075170843,0.5688802037991276,12,0.369605511810808,0.5716590822657138,0.7916678425759806,0.8267378259788605
