method,nn_overlap_best,AUC,kmax,Qlocal,Qglobal,trust_20,cont_20
PCA,15.543628808864266,0.5531204043607774,34,0.13708343617500063,0.5629747720825123,0.6188173107167039,0.7987797475275514
UMAP,48.28601108033241,0.5546245184008914,13,0.41706423844049023,0.5559179696132309,0.8028182190531157,0.9035578714160152
t-SNE,51.00069252077562,0.566199120416107,9,0.50470275957926,0.5666729998725937,0.8147039528801712,0.9043142550024643
GTM,48.63919667590027,0.551591290184268,14,0.42273394050328167,0.5528912454869734,0.8207219265746702,0.8071144445086802
