method,nn_overlap_best,AUC,kmax,Qlocal,Qglobal,trust_20,cont_20
PCA,49.24096385542169,0.7398520337795804,28,0.43461226288592514,0.7627337407537804,0.8740131919093801,0.9489018753818916
UMAP,73.50602409638554,0.7191504987190247,19,0.6267640572590745,0.7247591614467902,0.9536381155310448,0.9686045090635624
t-SNE,76.79518072289156,0.745271648510475,16,0.7000682500230693,0.7483834709139725,0.9750187224842152,0.9745226941576449
GTM,73.51807228915662,0.7299475923192101,21,0.6358161892505636,0.7361836010771777,0.9656076582010747,0.9618299465743337
