method,nn_overlap_best,AUC,kmax,Qlocal,Qglobal,trust_20,cont_20
PCA,52.981298129812984,0.8847650568215628,124,0.6254526842879516,0.9266424011222595,0.9419354798314208,0.9842387482914484
UMAP,73.31683168316832,0.7627315109168664,20,0.6329791617830477,0.7662162311090027,0.9876098936017677,0.98551311021825
t-SNE,77.46424642464247,0.8266086615588988,20,0.7165332449260455,0.829768480565057,0.9906194489682321,0.9842550902785213
GTM,63.278327832783276,0.6926656283042727,20,0.565290675716481,0.6959045775245523,0.9629328043789012,0.9374479451360048
