method,nn_overlap_best,AUC,kmax,Qlocal,Qglobal,trust_20,cont_20
PCA,22.359882005899706,0.5633307136796626,25,0.18336426147915066,0.5776166309403178,0.6577800936208016,0.8014671814671814
UMAP,46.991150442477874,0.5651212188772676,11,0.41065848017778833,0.5677701356599353,0.7889676655163381,0.894216238995
t-SNE,48.27433628318584,0.584438577136814,9,0.49159883826796313,0.5858763579948826,0.8000890650448172,0.8886221113654742
GTM,46.902654867256636,0.5788839889993402,12,0.4111559610361233,0.5820127323948624,0.7953505085363493,0.8392719900684502
