method,nn_overlap_best,AUC,kmax,Qlocal,Qglobal,trust_20,cont_20
PCA,14.263610315186245,0.664352034331743,192.0,0.24324965209556848,0.6994080993530388,0.7434453965040156,0.8957281231018425
UMAP,58.30515759312321,0.6596212275593654,12.666666666666666,0.5017882790137552,0.6605202653948918,0.9507221326854288,0.9513267867989472
t-SNE,62.220630372492835,0.6690636532332763,6.333333333333333,0.6095372562358277,0.6693371284639033,0.9628435877708038,0.9590073726125397
GTM,51.96848137535817,0.5761527912363934,19.333333333333332,0.46462542611975355,0.5770587477297416,0.9558356266450699,0.8781356495916852
