method,nn_overlap_best,AUC,kmax,Qlocal,Qglobal,trust_20,cont_20
PCA,15.21951219512195,0.534801411843943,22,0.12251576337275559,0.5458075056190067,0.5948846136023108,0.7578676686386876
UMAP,39.146341463414636,0.5238596575096225,10,0.384783004258614,0.5255441743470654,0.7178030244520305,0.8540938228888305
t-SNE,39.140243902439025,0.5439908064657901,6,0.476920731707317,0.5445365690550712,0.7184511654489566,0.8634066018937581
GTM,39.58536585365854,0.55000082800602,10,0.3748850658149439,0.5521610096181483,0.7425409722114954,0.7696969369313706
