method,nn_overlap_best,AUC,kmax,Qlocal,Qglobal,trust_20,cont_20
PCA,30.57177615571776,0.597531362431423,19,0.24237646207102145,0.6145832880959586,0.7249962432578467,0.8288847111784661
UMAP,41.13138686131387,0.605301807672538,12,0.3577018373399152,0.6128106305143745,0.7748749084793667,0.8733702932816662
t-SNE,42.99270072992701,0.61291792248274,2,0.43795620437956206,0.6139325736207999,0.7859309207055641,0.8777121280425615
GTM,42.82238442822384,0.6097528140358095,12,0.4038148253476721,0.616123349949599,0.7955692823183735,0.8427578004354623
