method,nn_overlap_best,AUC,kmax,Qlocal,Qglobal,trust_20,cont_20
PCA,59.601528384279476,0.9091289515125064,137,0.6826629456529226,0.9499638749361505,0.9674339615197789,0.9886886371649994
UMAP,73.88646288209607,0.8409688735076262,21,0.6411073907287046,0.8463224927590108,0.9869949255225503,0.9887945403751366
t-SNE,79.90174672489083,0.8274363036337758,7,0.7161401241719395,0.8289738595425676,0.9937921486146282,0.9882811132289013
GTM,67.41812227074236,0.7241109350182457,19,0.6098565350810394,0.7269826574802172,0.9794865851824273,0.9317304633851055
