method,nn_overlap_best,AUC,kmax,Qlocal,Qglobal,trust_20,cont_20
PCA,30.886699507389164,0.5872581033883224,8,0.24132506450856206,0.5939771864620219,0.6947819983863879,0.8376784976353369
UMAP,42.99261083743842,0.5687471304741267,8,0.40407503518648835,0.5721619206198371,0.7433464739952641,0.8709097229965956
t-SNE,43.79310344827586,0.5810538152555249,7,0.46361214436513526,0.5833181052627834,0.7456973624658092,0.8745849540514126
GTM,44.371921182266014,0.5887465837745416,8,0.40921702732817267,0.5925936636393861,0.7764055151423718,0.830920677192315
