method,nn_overlap_best,AUC,kmax,Qlocal,Qglobal,trust_20,cont_20
PCA,12.613333333333332,0.6524755978111483,176,0.25149704092260783,0.7058701366901748,0.7393016899172054,0.8488106385391857
UMAP,33.97666666666667,0.6708533276558635,65,0.3446220955227727,0.6856875655508294,0.8877713507995917,0.8955514574118181
t-SNE,36.303333333333335,0.6635231884362477,1,0.5746666666666667,0.6637416562898699,0.8858362935238744,0.8752328002722014
GTM,37.29666666666667,0.5965918979199386,23,0.3312756279773555,0.6007099009791905,0.9308715436089373,0.7782847226947942
