method,nn_overlap_best,AUC,kmax,Qlocal,Qglobal,trust_20,cont_20
PCA,34.98185117967332,0.7118910922760566,97,0.4339953808441379,0.7721452078754962,0.8236905739455466,0.9263813414087738
UMAP,60.30852994555354,0.7041313424077582,14,0.5533974113634471,0.7086800160881874,0.8938367233795509,0.9543218076992143
t-SNE,62.15970961887477,0.7185064223488539,5,0.624053236539625,0.7200901590228779,0.9029221169788229,0.9553545993573819
GTM,61.37931034482759,0.7423134281523635,12,0.5599524379129642,0.7470411414338126,0.9172781651037063,0.9512141926913079
