method,nn_overlap_best,AUC,kmax,Qlocal,Qglobal,trust_20,cont_20
PCA,20.310474240873422,0.6394337687628838,229.66666666666666,0.2446157799050781,0.6784509415464336,0.7473695673888102,0.8945273321185124
UMAP,62.81644489935175,0.668794363472887,14.333333333333334,0.535339813491352,0.6696814457384992,0.9641186394006884,0.9530439927110752
t-SNE,65.73012623677926,0.6807386981832879,2.6666666666666665,0.7154851851851852,0.6808652328956368,0.9645100303705204,0.9571123169332524
GTM,57.39338109860116,0.5708014347169214,16.333333333333332,0.5065335170428851,0.5712817858215476,0.9670479260309105,0.8760391280286157
