method,nn_overlap_best,AUC,kmax,Qlocal,Qglobal,trust_20,cont_20
PCA,45.26905829596413,0.8161016968499858,80,0.5216186541521564,0.8821325407386029,0.9013560840308019,0.9545892624910287
UMAP,67.847533632287,0.8122342571927079,17,0.583293143652819,0.8224830147352685,0.9701828797763783,0.9722197039603265
t-SNE,71.0201793721973,0.8210833482108504,20,0.6703687047288496,0.8294455605022957,0.9775606676272037,0.9665328390344984
GTM,62.903587443946186,0.7423055287066023,27,0.575063012118418,0.754063948889254,0.9621087025734838,0.910980071554613
