method,nn_overlap_best,AUC,kmax,Qlocal,Qglobal,trust_20,cont_20
PCA,22.05133830627468,0.6981040711009443,353,0.38472665761304115,0.755711987357092,0.8094001529760516,0.933903290604833
UMAP,63.26678367705134,0.7061855315906375,17,0.5514573001515425,0.707501390828371,0.9686205995845507,0.9688411063960245
t-SNE,65.98288723124178,0.7078933463349195,4,0.7209119496855346,0.7080635360890631,0.9712032486578981,0.9711816458400476
GTM,59.33304080737165,0.6563064861976071,22,0.5254455669869538,0.6576960540898912,0.9763420653015911,0.9354877119093485
