method,nn_overlap_best,AUC,kmax,Qlocal,Qglobal,trust_20,cont_20
PCA,40.509611086276266,0.8533042246895295,430,0.5984581765823239,0.9143463863241051,0.9336373686028022,0.9846689298625054
UMAP,69.03218596334376,0.8009411064675559,16,0.6077741822140011,0.8025569540794152,0.9908886665064135,0.9833346552698519
t-SNE,74.57979436745642,0.83216477212371,14,0.6989294997493157,0.8332640533229609,0.9949537681825784,0.987370066555705
GTM,63.90254805543138,0.6494739449931787,20,0.5736894565049144,0.6502884773612657,0.9899463334292624,0.9420168760138012
