method,nn_overlap_best,AUC,kmax,Qlocal,Qglobal,trust_20,cont_20
PCA,43.663043478260875,0.7497733857149539,106,0.517927445184225,0.8207740665005366,0.8866470111859088,0.9419233689325303
UMAP,65.98913043478261,0.734384633458333,16,0.5616167122807747,0.7415627336514163,0.9361507313863441,0.9583038922913398
t-SNE,68.96739130434783,0.7715378368002059,7,0.6479318249038747,0.7744770824672811,0.9487057751682948,0.968011084678848
GTM,67.79347826086956,0.7707645948385516,16,0.5838234853537163,0.7785435923765908,0.948578731588804,0.9632811155539809
