method,nn_overlap_best,AUC,kmax,Qlocal,Qglobal,trust_20,cont_20
PCA,39.662367223065246,0.8886914341583173,454.6666666666667,0.6373492236375513,0.9449517033147511,0.9552347708712965,0.9874044840386044
UMAP,66.91009104704098,0.8105300218740453,13.666666666666666,0.5897201917943676,0.8119396987251154,0.9906634460417089,0.9809284200580416
t-SNE,71.60849772382397,0.830570488342793,7.0,0.7124174149659863,0.8311350289182281,0.9939101950462307,0.9839180076938652
GTM,59.86153262518968,0.6575051515148519,26.666666666666668,0.5533289073667689,0.6587388674354872,0.9840182682054396,0.9243882621313357
