method,nn_overlap_best,AUC,kmax,Qlocal,Qglobal,trust_20,cont_20
PCA,6.070154577883472,0.5316643105201259,361,0.2525489854698154,0.7424731593531314,0.5482938336826184,0.6109725870541298
UMAP,16.0820451843044,0.5175324101299623,2,0.22800237812128418,0.5179539573731144,0.5946972736695322,0.6825790512601768
t-SNE,16.034482758620687,0.5713164278763015,1,0.3555291319857313,0.5714866341480828,0.6046236927484906,0.7668612980199683
GTM,17.17003567181926,0.5355993351510739,4,0.1907451446690448,0.5369493512249576,0.6578807726473508,0.621759002861521
