method,nn_overlap_best,AUC,kmax,Qlocal,Qglobal,trust_20,cont_20
PCA,17.002200220022,0.5758242187987865,30,0.145977291804303,0.5902608942095018,0.6730520007037699,0.8072364322374184
UMAP,33.98239823982398,0.5770225544856833,7,0.3068547330923569,0.5790572584944271,0.7554469220399558,0.8675475686441723
t-SNE,34.97799779977998,0.5884231001579405,1,0.45324532453245325,0.5886182946395254,0.7568009902868489,0.8754548989332627
GTM,35.66556655665566,0.565988331154986,11,0.3148305018091997,0.5689891798799402,0.795408715601213,0.7932557683770654
