method,nn_overlap_best,AUC,kmax,Qlocal,Qglobal,trust_20,cont_20
PCA,20.08764607679466,0.5798716299735572,89,0.24748251841830618,0.6065058296891729,0.7273002112728923,0.8798230455470037
UMAP,38.68530884808013,0.5984856440988302,7,0.3518818211758827,0.5999477948844657,0.8130071889980803,0.9198188272388313
t-SNE,40.25459098497496,0.6044091038518373,4,0.4377434613244296,0.6050381191187573,0.8213371321939135,0.9187918479407149
GTM,39.50751252086812,0.5971834325528971,10,0.33546009221718737,0.5993838194888389,0.828594695656215,0.9041659010556495
