method,nn_overlap_best,AUC,kmax,Qlocal,Qglobal,trust_20,cont_20
PCA,34.663333333333334,0.8789757838267281,275,0.6211334799285027,0.937499396124919,0.9459791085403199,0.9798900306226608
UMAP,50.339999999999996,0.8329652778554575,134,0.5743872735596097,0.8587283904032511,0.9754904616082568,0.9724627651128501
t-SNE,54.443333333333335,0.8438544725114725,3,0.5664814814814815,0.8447006829173003,0.9838217307474197,0.9734324600204151
GTM,46.13333333333333,0.6788582099982938,41,0.43164770386452933,0.685933513089412,0.9621980719065442,0.8813580809799252
