method,nn_overlap_best,AUC,kmax,Qlocal,Qglobal,trust_20,cont_20
PCA,17.084468664850135,0.649318846076017,337.6666666666667,0.2735300218357122,0.7080555716923334,0.7472907012215698,0.8794126017412432
UMAP,58.21525885558583,0.6749899629053216,15.0,0.5075094627594626,0.6761076313702539,0.942200340149828,0.9522107984072349
t-SNE,61.76089918256131,0.6570025799308845,2.0,0.7010333333333333,0.6571115841001389,0.9495163798339745,0.9527264250523048
GTM,54.766689373297005,0.5535178577978974,22.666666666666668,0.48732233292536004,0.5541672060546542,0.9591505756900857,0.8766712100965108
