method,nn_overlap_best,AUC,kmax,Qlocal,Qglobal,trust_20,cont_20
PCA,61.88747731397459,0.8879439483347649,57,0.62895098577338,0.9192192503666108,0.968338938372464,0.9828430013720578
UMAP,75.29945553539021,0.8479147078825079,24,0.6650856264123465,0.857437996946794,0.9866460596487742,0.9885596182645823
t-SNE,79.41923774954628,0.8623773878368917,25,0.7371925686153763,0.8696287102952758,0.9928231091492021,0.9899573040720653
GTM,72.83121597096188,0.7612107006488519,21,0.6516945577997675,0.7665004084090195,0.9817460525008238,0.9684975880026011
