method,nn_overlap_best,AUC,kmax,Qlocal,Qglobal,trust_20,cont_20
PCA,13.580750407830342,0.5184036968553155,23,0.11540052323985903,0.5335898747060704,0.5804534093216364,0.5763767862268867
UMAP,22.455138662316475,0.499449519113396,2,0.283442088091354,0.499849950022381,0.6066115424738674,0.7321172871055598
t-SNE,21.525285481239802,0.5123178037113394,1,0.3768352365415987,0.512358189953016,0.6098220949527057,0.7718828809275428
GTM,23.132137030995107,0.5260968144774195,3,0.2614645640746783,0.5270747739012481,0.6592005825147553,0.585561055527939
