method,nn_overlap_best,AUC,kmax,Qlocal,Qglobal,trust_20,cont_20
PCA,7.388831437435367,0.5279329061495569,10,0.05138671394100556,0.5324958528123649,0.5603487428990095,0.6551551437700386
UMAP,19.467425025853156,0.5158251946830451,4,0.25859617373319543,0.5166855476378294,0.6203431885427876,0.7353949417814024
t-SNE,19.529472595656667,0.5346580717681093,1,0.38883143743536713,0.5347299764813211,0.624161007867199,0.7684981871045075
GTM,20.367114788004137,0.5457770926127523,3,0.24370906583936577,0.5465188962429718,0.6775277704008026,0.6894184544865782
